chapter,question_number,question_text,option_a,option_b,option_c,option_d,correct_answer
AGK,514,For FAIL-SAFE designed structural parts :1 The mounting principle is parallel mounting.2 No routine check is necessary.3 The member is removed at the end of the calculated life cycle.4 Certain components may not be accessible.5 The principle is the redundancy of components6 The failure of a member causes the loads to be shared between the other system components.The combination regrouping all the correct statements is :,"1,5,6","2,3,4","1,3,4","2,5,6",A
AGK,515,DURALUMIN alloys :1 have an aluminium-copper base.2 have an aluminium- magnesium base.3 are easy to weld.4 are difficult to weld.5 have a good thermal conductivity.6 have a poor air corrosion resistanceThe combination regrouping all the correct statements is :,"1,4,5","2,4,5","1,3,6","2,3,6",A
AGK,516,"Among the different types of aircraft structures, the shell structures efficiently transmit the:1. normal bending stresses2. tangent bending stresses3. torsional moment4. shear stressesThe combination regrouping all the correct statements is :","1, 2, 3","2, 3, 4","1, 2, 4","1, 3, 4",A
AGK,517,'Fail safe construction' is :,A type of construction in which the load is carried by other components if a part of the structure fails.,A simple and cheap type of construction.,A type of construction for small aircraft only.,A construction which is suitable for aerobatic flight.,A
AGK,518,"The fuselage of an aircraft consists, among others, of stringers whose purpose is to:",assist the skin in absorbing the longitudinal traction-compression stresses.,withstand the shear stresses.,provide sound and thermal isolation.,integrate the strains due to pressurization to which the skin is subjected and convert them into a tensile stress.,A
AGK,519,The reason for the fact that an aeroplane designed for long distances cannot simply be used for short haul flights at higher frequencies is that,the lifetime of the fatigue sensitive parts has been based on a determined load spectrum,the procedures and checklists for this kind of aeroplanes will take too much time,these aeroplanes often consume too much fuel on short haul flights.,"in that case some fuel tanks remain empty during the whole flight, which stresses the aeroplane's structure in an unacceptable way",A
AGK,520,"The wing of an aircraft in flight, powered by engines located under the wing, is subjected to a bending moment which causes its leading edge, from the wing root to the wing tip, to operate in:","compression, then in tension.","tension, then in compression.",tension.,compression.,A
AGK,521,In flight the wing of an aircraft containing fuel is subjected to vertical loads that produce a bending moment which is:,highest at the wing root,equal to the zero -fuel weight multiplied by the span,equal to half the weight of the aircraft multiplied by the semi span,lowest at the wing root,A
AGK,522,The Maximum Zero Fuel Mass:1 Is a limitation set by regulation.2 Is designed for a maximum load factor.3 Is due to the maximum bending moment at wing root.4 Requires to empty external tanks first.5 Requires to empty internal tanks first.The correct combination of true statements is :,"1,2,3","2,5","2,4","1,3,5",A
AGK,523,"On a non-stressed skin type wing, the wing structure elements which take up the vertical bending moments Mx are:",the spars.,the ribs.,the webs.,the skin.,A
AGK,524,The advantage of mounting the tailplane on top of the vertical stabilizer is :,to withdraw it from the influence of wing turbulence,to a have greater effectiveness at high speed,that it does not require a de-icing system,to decrease fuel consumption by creating a tail heavy situation,A
AGK,525,A torsion link assembly is installed on the landing gear to :,avoid rotation of the piston rod relative to the gear oleo strut.,absorb the spring tension.,control the wheels.,lock the landing gear.,A
AGK,526,In a commercial transport aircraft the landing gear operating system is usually:,Hydraulically driven.,Mechanically driven.,Pneumatically driven.,Electrically driven.,A
AGK,527,"Generally, on modern jet transport aircraft, how can the landing gear be extended if there is a complete hydraulic system failure.",Mechanically,Electrically.,Pneumatically.,By hydraulic accumulators.,A
AGK,528,"If the profile grooves or the tread of a new aircraft tyre are worn, the tyre can be:",Repaired several times.,repaired once.,Never repaired.,Used on the nose wheel only.,A
AGK,529,The operating principle of an anti skid system is as follows : the brake pressure will be :,Decreased on the slower turning wheels.,Increased on the faster turning wheels.,Decreased on the faster turning wheels.,Increased on the slower turning wheels.,A
AGK,530,The type of brake unit found on most transport aeroplanes is a:,Multiple disk brake.,Drum type brake.,Single disk brake.,Belt brake.,A
AGK,531,The reason for fitting thermal plugs to aircraft wheels is that they :,release air from the tyre in case of overheating.,prevent the brakes from overheating.,prevent heat transfer from the brake disks to the tyres.,release air from the tyre in case of overpressure.,A
AGK,532,Thermal plugs are installed in:,wheel rims.,fire warning systems.,cabin windows.,cargo compartments.,A
AGK,533,"When a landing gear wheel is hydroplaning, its friction factor is equal to:",0,1,0.1,0.5,A
AGK,534,Shimmy occurs on the nosewheel landing gear during taxiing when:1. the wheels tend to describe a sinusoidal motion on the ground2. the wheels no longer respond to the pilot's actionsThis effect is overcome by means of:3. the torque link4. an accumulator associated with the steering cylinderThe combination of correct statements is:,"1, 3.","1, 4.","2, 4.","2, 3.",A
AGK,535,The illumination of the green landing gear light indicates that the landing gear is :,locked-down.,in the required position.,locked-down and its door is locked.,not in the required position.,A
AGK,536,A tubeless tyre has :1- a built-in-air tube.2- no built-in-air tube.3- a crossed side casing.4- a radial side casing.The combination of correct statements is:,"2, 4.","1, 4.","2, 3.","1,3.",A
AGK,537,"In a hydraulic braking system, the accumulator is:",an accumulator designed to restore brake energy in the event of a hydraulic failure.,a damping type accumulator designed to take up the pressure fluctuations of the automatic braking system.,designed to take up the hydraulic energy filtered by the anti-skid system in order to prevent wheel blocking.,a buffer accumulator whose function is to assist the hydraulic system during high intensity braking.,A
AGK,538,Which is (are) the damping element(s) in a landing gear shock absorber used on larger aircraft ?,Nitrogen and a viscous liquid.,Nitrogen.,Oxygen.,Springs.,A
AGK,539,"In some aircraft, there is a protection device to avoid the landing gear being inadvertently retracted on the ground. It consists of :",A latch located in the landing gear lever.,An aural warning horn.,A warning light which is activated by the WOW (Weight On Wheels) sensor system.,A bolt.,A
AGK,540,A tubeless tyre is a tyre:1. which requires solid or branched wheels2. whose valve can be sheared in sudden accelerations3. whose mounting rim must be flawless4. which requires no rim protection between rim flange and tire removing device5. which does not burst in the event of a tire puncture6. which eliminates internal friction between the tube and the tireThe combination regrouping all the correct statements is :,"1, 5, 6.","3, 4, 5.","1, 2, 5.","2, 3, 6.",A
AGK,541,Landing gear torque links are used to:,prevent rotation of the landing gear piston in the oleo strut.,take up the lateral stresses to which the gear is subjected.,prevent the extension of the landing gear oleo strut rod.,maintain the compass heading throughout taxiing and take-off.,A
AGK,542,"A main landing gear is said to be """"locked down"""" when:",the strut is locked by an overcentre mechanism.,it is in the down position.,the actuating cylinder is at the end of it's travel.,the corresponding indicator lamp is amber.,A
AGK,543,The modern anti-skid processes are based on the use of a computer whose input data is:1. idle wheel speed (measured)2. braked wheel speed (measured)3. brake temperature (measured)4. desired idle wheel train slipping rate5. tire pressureThe combination regrouping all the correct statements is :,"1, 2, 4.","1, 2, 3, 4, 5.","2, 4.","1, 3.",A
AGK,544,"On large aeroplanes equipped with power brakes, the main source of power is derived from :",the aeroplane's hydraulic system.,the master cylinders.,pressure to the rudder pedals.,the brake actuators.,A
AGK,545,"""""Nose wheel shimmy"""" may be described as :",a possibly damaging vibration of the nose wheel when moving on the ground.,the oscillatory movement of the nose wheel when extended prior to landing.,the amount of free movement of the nose wheel before steering takes effect.,aircraft vibration caused by the nose wheel upon extension of the gear.,A
AGK,546,The part of the flight that will cause the highest loads on the torsion link in a bogie gear is,Taxiing with a small turning radius.,Touch down with crosswind,Gear down selection,Braking with an inoperative anti skid system.,A
AGK,547,"Tyre """"creep"""" may be described as the :",circumferential movement of the tyre in relation to the wheel flange.,the increase in inflation pressure due to drease in ambient temperature.,the decrease in inflation pressure due to increase in ambient temperature.,gradual circumferential increase of tyre wear.,A
AGK,548,The ABS (Auto Brake System) is being diconnected after landing ..,by pilot action,automatically,at a certain low speed,the system is always armed,A
AGK,549,The purposes of the oil and the nitrogen in an oleo-pneumatic strut are :,the oil supplies the damping function and the nitrogen supplies the spring function,the oil supplies the spring function and the nitrogen supplies the damping function.,"the oil supplies the sealing and lubrication function, the nitrogen supplies the damping function.","the oil supplies the damping and lubrication function, the nitrogen supplies the heat- dissipation function.",A
AGK,550,The function of a fusible plug is to,protect the tyre against explosion due to excessive temperature.,protect the brake against brake disk fusion due to excessive temperature.,function as a special circuit breaker in the electric system,protect against excessive pressure in the pneumatic system.,A
AGK,551,(For this question use appendix )Associate the correct legend to each of the numbered diagrams :,1- cantilever 2- fork 3- half fork 4- dual wheels,1- half fork 2- fork 3- cantilever 4- tandem,1- cantilever 2- dual wheels 3- half fork 4- fork,1- half-fork 2- single trace 3- cantilever 4- dual wheels,A
AGK,552,A scissor is a component found on landing gears. Its function is to :,prevent any rotation of the oleo strut in the undercarriage shock absorber.,create the wheel pitch on bogie gears.,transform the translational movement of the rudder pedals into the rotational movement of the nosewheel.,make the body gears pivot when the nosewheel is turned through more than 20°.,A
AGK,553,"Compared to a tyre fitted with an inner tube, a tubeless tyre presents the following characteristics :1 - high heating2 - valve fragility3 - lower risk of bursting4 - better adjustment to wheelsThe combination containing all the correct statements is:",04-Mar,03-Fev,04-Fev,1 - 2 - 3 - 4,A
AGK,554,"On a modern aeroplane, to avoid the risk of tyre burst from overheating, due for example to prolonged braking during an aborted take-off, there is:",a hollow bolt screwed into the wheel which melts at a given temperature (thermal fuse) and deflates the tyre.,a pressure relief valve situated in the filler valve.,"the """"Emergency Burst"""" function of the anti-skid system which adapts braking to the tyre temperature.",water injection triggered at a fixed temperature in order to lower tyre temperature.,A
AGK,555,"On an aircraft landing gear, an under-inflated tyre:",will wear at the shoulders,it's tread will deteriorate faster,will have an increased critical hydroplanning speed,will be more subject to viscosity aquaplaning on dry runway,A
AGK,556,The trim tab :,reduces hinge moment and control surface efficiency.,reduces hinge moment and increases control surface efficiency.,increases hinge moment and control surface efficiency.,increases hinge moment and reduces control surface efficiency.,A
AGK,557,The purpose of a trim tab (device) is to:,reduce or to cancel control forces.,trim the aeroplane during normal flight.,trim the aeroplane at low airspeed.,lower manoeuvring control forces.,A
AGK,558,An artificial feel unit is necessary in the pitch channel when:,the elevators are actuated by irreversible servo-control units.,the elevators are fitted with servo-tabs or trim tabs.,there is a trimmable stabilizer.,the elevators are actuated by reversible servo-control units.,A
AGK,559,An artificial feel unit system:,must be mounted in parallel on an irreversible servo-control unit.,must be mounted in series on an irreversible servo-control unit.,is necessary on a reversible servodyne unit.,is mounted in parallel on a spring tab.,A
AGK,560,A Yaw Damper is :,"A rudder damper designed to avoid the """"Dutch roll"""".",An elevator augmentor.,An elevator augmentor to avoid the nose-down effect at speeds greater than M=0.8.,A roll trim tab.,A
AGK,561,"In a steep turn to the left, when using spoilers ...","The right aileron will descend, the left one will ascend, the right spoiler will retract and the left one will extend.","The right aileron will descend, the left one will ascend, the right spoiler will extend and the left one will retract.","The right aileron will ascend, the left one will descend, the right spoiler will extend and the left one will retract.","The right aileron will ascend, the left one will descend, the right spoiler will retract and the left one will extend.",A
AGK,562,The advantages of fly-by-wire control are:1. reduction of the electric and hydraulic power required to operate the control surfaces2. lesser sensitivity to lightning strike3. direct and indirect weight saving through simplification of systems4. immunity to different interfering signals5. improvement of piloting quality throughout the flight envelopeThe combination regrouping all the correct statements is :,3 and 5,1 and 2,1 and 5,2 and 3,A
AGK,563,"Which of these signals are inputs, at least, in the stall warning computers?",Angle of attack and flaps and slats deflection.,Angle of attack and flaps and spoilers deflection.,"Angle of attack, flaps deflection and EPR.","Angle of attack, flaps deflection, EPR and N1.",A
AGK,564,"On an aircraft, the Krueger flap is a:",leading edge flap,trailing edge flap,leading edge flap close to the wing root,leading edge flap close to the wing tip,A
AGK,565,The reason for the trim switch on a control column to consist of two separate switches is,To reduce the probability of a trim-runaway,To prevent that both pilots perform opposite trim inputs.,Because there are two trim motors.,"To be able to use two different trim speeds, slow trim rate at high speed and high trim rate at low speed",A
AGK,566,"On an aeroplane, spoilers are :","upper wing surface devices, their deflection is symmetrical or asymmetrical.","lower wing surface devices, their deflection is symmetrical or asymmetrical.","upper wing surface devices, their deflection is always asymmetrical.","lower wing surface devices, their deflection is always asymmetrical.",A
AGK,567,"On an airplane, the Krueger flaps are:",leading edge flaps close to the wing root,trailing edge flaps close to the wing root,trailing edge flaps close to the wing tip,leading edge flaps close to the wing tip,A
AGK,568,Hydraulic fluids must have the following characteristics:1. thermal stability2. low emulsifying characteristics3. corrosion resistance4. good resistance to combustion5. high compressibility6. high volatility7. high viscosityThe combination regrouping all the correct statements is :,"1, 2, 3, 4","1, 2, 5, 7","2, 3, 4, 5","1, 3, 4, 6",A
AGK,569,"In a hydraulic braking system, an accumulator is precharged to 1200 psi.An electrically driven hydraulic pump is started and provides a system pressure of 3000 psi. The hydraulic pressure gauge which is connected to the gas section of the accumulator, reads:",3000 psi,1200 psi,4200 psi,1800 psi,A
AGK,570,Hydraulic fluids :,Are irritating to eyes and skin.,Cause high fire risk.,Do not require special care.,Are irritating to eyes and skin and cause high fire risk.,A
AGK,571,Hydraulic fluids used in systems of large modern airliners are:,Phosphate ester base fluids.,Water base fluids.,Vegetable base fluids.,Mineral base fluids.,A
AGK,572,Hydraulic power is a function of :,System pressure and volume flow.,Pump RPM only.,System pressure and tank capacity.,Pump size and volume flow.,A
AGK,573,Large transport aeroplane hydraulic systems usually operate with a system pressure of approximately:,3000 psi,4000 psi,2000 psi,1000 psi,A
AGK,574,In hydraulic systems of large modern transport category aircraft the fluids used are:,Synthetic oil.,Mineral oil.,Vegetable oil.,Water and glycol.,A
AGK,575,The type of hydraulic oil used in modern hydraulic systems is:,synthetic oil,vegetable oil,mixture of mineral oil and alcohol,mineral oil,A
AGK,576,The type of hydraulic fluid which has the highest resistance against cavitation is :,Synthetic fluid.,Mineral oil based fluid.,Vegetable oil based fluid (caster oil).,Water and glycol based fluid.,A
AGK,577,The component that transforms the hydraulic pressure into a linear motion is called ...,An actuator or jack.,A hydraulic pump.,An accumulator.,A Pressure regulator.,A
AGK,578,The aircraft hydraulic system is designed to produce:,high pressure and large flow.,high pressure and small flow.,small pressure and large flow.,small pressure and small flow.,A
AGK,579,Hydraulic fluids of synthetic origin are:,purple.,pink.,blue.,red.,A
AGK,580,"(For this question use annex 021-6716A)In the hydraulic press schematically shown, what balancing Force would be acting on the right hand side ? (The diagram is not to scale)",100 N.,1000 N.,20 N.,1 N.,A
AGK,581,Internal leakage in a hydraulic system will cause :,an increased fluid temperature.,fluid loss.,a decreased fluid temperature.,an increased fluid pressure.,A
AGK,582,"Discounting the possibility of leak, the level in a hydraulic reservoir will :",fluctuate with jack displacement and accumulator pressure.,always remain the same.,initially increase with system pressurisation.,increase as ambient temperature decreases.,A
AGK,583,"Assuming a hydraulic accumulator is pre-charged with air to 1000 psi. If the hydraulic system is then pressurised to its operating pressure of 3000 psi, the indicated pressure on the air side of the accumulator should be :",3000 psi.,2000 psi.,1000 psi.,4000 psi.,A
AGK,584,"For an aeroplane hydraulic supply circuit, the correct statement is :","the security components comprise the filters, the pressure relief valves, the by- passes, and the fire shut-off valve.",the pumps are always electric due to the high pressures which they must deliver (140 to 210 kg/cm²).,the regulation system deals only with emergency operation and is not applied to all hydraulic services but only those considered as essential.,the reservoir constitutes a reserve of hydraulic fluid maintained under pressure by a pneumatic back pressure (air or nitrogen) and destined to serve as a fluid or pressure reserve.,A
AGK,585,Where in a hydraulic system might overheat indicators be installed?,At the pumps.,In the reservoirs.,At actuators.,At the coolers.,A
AGK,586,"In a modern hydraulic system, """"hydraulic fuses"""" can be found. Their function is :",To prevent total system loss in case of a leaking hydraulic line.,To switch to the secondary system in case of a leak in the primary brake system.,To isolate a part of the system and protect it against accidental pollution.,"To allow by-passing of a hydraulic pump in case it is subject to excessive pressure, without further damage to the system.",A
AGK,587,"In a hydraulic system, the reservoir is pressurized in order to:",prevent pump cavitation,seal the system,keep the hydraulic fluid at optimum temperature,reduce fluid combustibility,A
AGK,588,The purpose of a shuttle valve is to:,Supply an operating unit with the most appropriate system pressure.,Protect a hydraulic system from overpressure.,Relieve excess pressure in hydraulic systems.,Prevent overloading of the hydraulic pump.,A
AGK,589,Shuttle valves will automatically:,Switch hydraulically operated units to the most appropriate pressure supply.,Shut down systems which are overloaded.,Guard systems against overpressure.,Reduce pump loads.,A
AGK,590,In addition to energy storage the accumulator of the hydraulic system is used :,for damping pressure surges in the system.,for fluid storage.,for pressure storage.,as a pressure relief valve.,A
AGK,591,The hydraulic device similar to an electronic diode is a :,check valve.,flow control valve.,distribution valve.,shutoff valve.,A
AGK,592,The function of the selector valve is to:,communicate system pressure to either side of an actuator.,select the system to which the hydraulic pump should supply pressure.,automatically activate the hydraulic system.,discharge some hydraulic fluid if the system pressure is too high.,A
AGK,593,"Assuming an accumulator is pre-charged with air to 1000 psi and the hydraulic system is pressurised to 1500 psi, the accumulator gauge will read :",1500 psi.,2500 psi.,1000 psi.,500 psi.,A
AGK,594,An accumulator in a hydraulic system will :,store fluid under pressure.,increase pressure surges within the system.,reduce fluid temperature and pressure.,reduce fluid temperature only.,A
AGK,595,(For this question use annex 021-6736A)The schematic diagram annexed illustates a jack and selector valve in a typical hydraulic system. Assuming hydraulic pressure throughout :,a condition of hydraulic lock exists and no movement of the jack will take place.,"since pressures are equal, the jack is free to move in response to external forces.",the jack will move to the left due to pressure acting on differential areas.,the jack will move to the right due to equal pressure acting on differential areas.,A
AGK,596,"In hydraulic system, a shuttle valve :",allows two possible sources of pressure to operate one unit.,is a self-lapping non-return valve.,allows two units to be operated by one pressure source.,regulates pump delivery pressure.,A
AGK,597,"To allow for failure of the normal method of system pressure limiting control, a hydraulic system often incorporates",a high pressure relief valve.,a stand-by hydraulic pump.,an accumulator.,auxiliary hydraulic motors.,A
AGK,598,"The hydraulic oil, entering the hydraulic pump, is slightly pressurised to :",prevent cavitation in the pump,ensure sufficient pump output,prevent overheating of the pump.,prevent vapour locking.,A
AGK,599,The Ram Air Turbine (RAT) provides emergency hydraulic power for :,flight controls in the event of loss of engine driven hydraulic power.,nose wheel steering after the aeroplane has landed.,undercarriage selection and automatic brake system.,flap extension only.,A
AGK,600,The tanks of a hydraulic system are pressurized:,by bleed air coming from the turbine-engine.,in flight only.,by the air conditioning system.,by an auxiliary system.,A
AGK,601,The low pressure switch of a hydraulic circuit sets off an alarm if :,the pump output pressure is insufficient.,the reservoir level is at the normal operation limit.,there is a leak in the reservoir return line.,the pump power accumulator is deflated.,A
AGK,602,"If the cabin altitude rises (aircraft in level flight), the differential pressure:",decreases,increases,remains constant,may exceed the maximum permitted differential unless immediate preventative action is taken.,A
AGK,603,"The purpose of the cabin pressure controller, in the automatic mode, is to perform the following functions:1. control of cabin altitude,2. control of cabin altitude rate- of-change,3. limitation of differential pressure4. balancing aircraft altitude with cabin altitude5. cabin ventilation6. keeping a constant differential pressure throughout all the flight phases.The combination regrouping all the correct statements is :","1, 2, 3","2, 6, 4","5, 6, 1","4, 5, 3",A
AGK,604,During a normal pressurised climb after take-off:,cabin pressure decreases more slowly than atmospheric pressure,the pressurisation system is inoperative until an altitude of 10 000 feet is reached,the cabin differential pressure is maintained constant,absolute cabin pressure increases to compensate for the fall in pressure outside the aircraft,A
AGK,605,"(For this question use annex 021-786A)In a pressurized aircraft whose cabin altitude is 8000 ft, a crack in a cabin window makes it necessary to reduce the differential pressure to 5 psi.The flight level to be maintained in order to keep the same cabin altitude is:",FL 230,FL 340,FL 280,FL 180,A
AGK,606,The purpose of cabin air flow control valves in a pressurization system is to :,Maintain a constant and sufficient mass air flow to ventilate the cabin and minimise cabin pressure surges.,regulate cabin pressure to the selected altitude.,discharge cabin air to atmosphere if cabin pressure rises above the selected altitude.,regulate cabin pressure at the maximum cabin pressure differential.,A
AGK,607,"Assuming cabin differential pressure has attained the required value in normal flight conditions, if flight altitude is maintained:",a constant mass air flow is permitted through the cabin.,the outflow valves will move to the fully open position.,the pressurisation system ceases to function until leakage reduces the pressure.,the outflow valves will move to the fully closed position.,A
AGK,608,Cabin pressure is controlled by :,delivering a substantially constant flow of air into the cabin and controlling the outflow.,controlling the flow of air into the cabin with a constant outflow.,the cabin air re-circulation system.,the cabin air mass flow control inlet valve(s).,A
AGK,609,"During level flight at a constant cabin pressure altitude (which could be decreased, even at this flight level), the cabin outflow valves are:",Partially open.,fully closed until the cabin climbs to a selected altitude.,At the pre-set position for take-off.,Fully closed until the cabin descends to a selected altitude.,A
AGK,610,The purpose of a ditching control is to:,close the outflow valve(s).,achieve rapid depressurisation.,open the outflow valve(s).,direct pressurisation air to the flotation bags.,A
AGK,611,The cabin pressure is regulated by the:,Outflow valve.,Air cycle machine.,Air conditioning pack.,Cabin inlet airflow valve.,A
AGK,612,The pressurization of the cabin is controlled by :,The cabin outflow valve.,The cabin inlet airflow.,The engine's RPM.,The engine's bleed valves.,A
AGK,613,Cabin differential pressure means the pressure difference between:,cabin pressure and ambient air pressure.,cockpit and passenger cabin.,cabin pressure and ambient air pressure at MSL.,actual cabin pressure and selected pressure.,A
AGK,614,Under normal conditions (JAR 25) the cabin pressure altitude is not allowed to exceed:,8000 ft,4000 ft,6000 ft,10000 ft,A
AGK,615,Cabin altitude means the:,cabin pressure expressed as altitude.,difference in height between the cabin floor and ceiling.,flight level the aircraft is flying at.,flight level altitude at maximum differential pressure.,A
AGK,616,A warning device alerts the crew in case of an excessive cabin altitude. This warning must be triggered on reaching the following altitude:,10000 ft (approx. 3000 m),14000 ft (approx. 4200 m),8000 ft (approx. 2400 m),12000 ft (approx. 3600 m),A
AGK,617,"On a modern large pressurized transport aircraft, the maximum cabin differential pressure is approximately:",7 - 9 psi,3 - 5 psi,13 - 15 psi,22 psi,A
AGK,618,On most modern airliners the cabin pressure is controlled by regulating the:,Airflow leaving the cabin.,Airflow entering the cabin.,RPM of the engine.,Bleed air valve.,A
AGK,619,"If the maximum operating altitude of an airplane is limited by the pressurized cabin, this limitation is due to the maximum:",Positive cabin differential pressure at maximum cabin altitude.,Negative differential pressure at maximum cabin altitude.,Positive cabin differential pressure at maximum operating ceiling.,Negative cabin differential pressure at maximum operating ceiling.,A
AGK,620,"The """"cabin differential pressure"""" is:",cabin pressure minus ambient pressure.,approximately 5 psi at maximum.,approximately 15 psi at maximum.,the pressure differential between the air entering and leaving the cabin.,A
AGK,621,The cabin rate of descent is:,a cabin pressure increase.,always the same as the airplane's rate of descent.,a cabin pressure decrease.,is not possible at constant airplane altitudes.,A
AGK,622,The maximum differential pressure of a transonic transport category airplane is approximately:,9.0 psi,3.5 psi,13.5 psi,15.5 psi,A
AGK,623,"An aircraft with a pressurized cabin is settled at its cruise level.During the flight, a malfunction of the pressure controller is detected by the crew and the cabin rate of climb indicator reads -200ft/min.Given that :DELTA P: Differential pressureZc: Cabin altitude","DELTA P will rise up to its maximum value, thus causing the safety relief valves to open.",A descent must be initiated to prevent the oxygen masks dropping when Zc reaches 14000ft.,The aircraft has to climb to a higher flight level in order to reduce Zc to its initial value.,The crew has to intermittently cut off the incoming air flow in order to maintain a zero Zc.,A
AGK,624,"An aircraft with a pressurized cabin flies at level 310.Following a malfunction of the pressure controller, the outflow valve runs to the open position. Given :VZc: Cabin rate of climb indicationZc: Cabin pressure altitudeDELTA P: Differential pressureThis will result in a:",VZc increaseZc increaseDELTA P decrease,VZc decreaseZc increaseDELTA P decrease,VZc increaseZc increaseDELTA P increase,VZc decreaseZc decreaseDELTA P increase,A
AGK,625,"In a manually operated system, the cabin altitude rate of change is normally controlled by :",a rate of change selector.,the difference between the altitude selected on the cabin pressure controller and the aeroplane altitude.,the difference between the barometric pressure selected on the cabin pressure controller and ambient barometric pressure.,the duct relief valve when operating at the maximum cabin differential pressure.,A
AGK,626,"The term """"pressure cabin"""" applies when an aeroplane :",has the means to maintain cabin pressure higher than ambient pressure.,is only pressurised in the area of the control cabin.,has the ability to maintain a constant cabin differential pressure at all flight altitudes.,has the ability to maintain a constant cabin altitude at all flight altitudes.,A
AGK,627,"Under normal flight conditions, cabin pressure is controlled by :",regulating the discharge of air through the outflow valve(s).,pressurisation duct relief valve(s).,engine rpm.,inward relief valve(s).,A
AGK,628,"Assuming cabin differential pressure has attained the required value in normal flight conditions, if flight altitude is maintained :",a constant mass air flow is permitted through the cabin.,the pressurisation system ceases to function until leakage reduces the pressure.,the outflow valves will move to the fully open position.,the pressurisation system must be controlled manually.,A
AGK,629,"Assuming cabin pressure decreases, the cabin rate of climb indicator should indicate :",a rate of climb.,a rate of descent of approximately 300 feet per minutes.,zero.,a rate of descent dependent upon the cabin differential pressure.,A
AGK,630,"Assume that during cruise flight with airconditioning packs ON, the outflow valve(s) would close. The result would be that:",the pressure differential would go to the maximum value,the cabin pressure would become equal to the ambient outside air pressure,the air supply would automatically be stopped,the skin of the cabin would be overstressed,A
AGK,631,A cabin pressure controller maintains a pre-set cabin altitude by regulating the :,position of the outflow valve(s).,mass air flow into the cabin.,position of the inward relief valve.,position of the duct relief valve(s).,A
AGK,632,If the pressure in the cabin tends to become lower than the outside ambient air pressure the :,negative pressure relief valve will open.,negative pressure relief valve will close,outflow valve open completely.,air cycle machine will stop.,A
AGK,633,The pneumatic ice protection system is mainly used for:,wings.,pitot tubes.,propellers.,engine intakes.,A
AGK,634,"With regard to the pneumatic mechanical devices which afford protection against the formation of ice, the only correct statement is:",The pneumatic mechanical device can only be used as a de-icing device.,The pneumatic mechanical device is used a lot on modern aircraft as it is inexpensive and easy to maintain.,The pneumatic mechanical device can only be used as an anti-icing device.,The inflatable de-ice boots of the pneumatic mechanical device are arranged perpendicular to the leading edges.,A
AGK,635,A pneumatic de-ice system should be operated ..,"When there is approximately 1,5 cm of ice on leading edges.",When entering areas with icing conditions.,When there are approximately 5 cm of ice on leading edges,Only at take-off and during approach.,A
AGK,636,"Concerning the sequential pneumatic impulses used in certain leading edge de- icing devices, one can affirm that :1 - They prevent ice formation.2 - They are triggered from the flight deck after icing has become visible.3 - A cycle lasts more than ten seconds.4 - There are more than ten cycles per second.The combination which regroups all the correct statements is :",03-Fev,04-Fev,03-Jan,04-Jan,A
AGK,637,The pneumatic system accumulator is useful :,to eliminate the fluid pressure variations.,to eliminate the fluid flow variations.,to offset for the starting of some devices.,in emergency cases.,A
AGK,638,"In the pneumatic supply system of a modern transport aircraft, the air pressure is regulated. This pressure regulation occurs just before the manifold by the :",low pressure bleed air valve,high pressure bleed air valve,fan bleed air valve,intermediate pressure check-valve,A
AGK,639,In the air cycle system the air is cooled down by expansion:,in the turbine.,in a pressure relief valve.,of Freon in a heat exchanger.,of Freon in the turbine.,A
AGK,640,Main cabin temperature is:,"controlled automatically, or by flight crew selection.",controlled by individual passenger.,not controllable at the maximum cabin differential pressure.,Only controllable at maximum cabin differential pressure.,A
AGK,641,"Environmental system: in the air refrigeration unit, the water separation unit is placed:",after the cooling turbine.,before the heat exchangers.,before the cooling turbine.,just after the heat exchangers.,A
AGK,642,"The air-conditioning pack of a present-day aircraft consists of several components: these include two heat exchangers, the primary exchanger (P) and the secondary exchanger (S).The functions of these heat exchangers are as follows:",P: precools the engine bleed airS: reduces the temperature of the air from the primary exchanger or from the pack's compressor.,"P: warms up engine bleed airS: recirculates the cabin air, reducing its temperature.",P: warms up engine bleed airS: increases the temperature of air originating from the compressor of the pack.,P: pre-cools the engine bleed airS: increases the temperature of the air used for air- conditioning of cargo compartment (animals).,A
AGK,643,"""""Conditioned"""" air is air that has:",been controled in respect of temperature and pressure.,oxygen content regulated to a preset value.,oxygen content increased.,oxygen content reduced.,A
AGK,644,"The term """"cabin pressure"""" applies when an aeroplane:",has the means to maintain the cabin pressure at a higher level than the ambient pressure.,is only pressurized in the area of the control cabin.,has the ability to maintain constant any cabin differential pressure.,has the ability to maintain a constant cabin altitude at all flight altitudes.,A
AGK,645,"When air is compressed for pressurization purposes, the percentage oxygen content is:",unaffected.,decreased.,increased.,dependent on the degree of pressurisation.,A
AGK,646,"The term """"bootstrap"""", when used to identify a cabin air conditioning and pressurisation system, refers to the:",cold air unit (air cycle machine) arrangement.,source of the charge air.,means by which pressurisation is controlled.,charge air across the inter-cooler heat exchanger.,A
AGK,647,In a bootstrap cooling system the supply air is first:,"compressed, then goes through a heat exchanger, and across an expansion turbine.","passed across an expansion turbine, then compressed and passed through a heat exchanger.","passed across an expansion turbine, then directly to the heat exchanger.","compressed, then passed across an expansion turbine through a heat exchanger.",A
AGK,648,"In a cabin air conditioning system, equipped with a bootstrap, the mass air flow is routed via the:",secondary heat exchanger outlet to the turbine inlet of the cold air unit.,secondary heat exchanger outlet to the compressor inlet of the cold air unit.,turbine outlet of the cold air unit to the primary heat exchanger inlet.,compressor outlet of the cold air unit to the primary heat exchanger inlet.,A
AGK,649,Engine bleed air used for air conditioning and pressurization in turbo-jet aeroplanes is usually taken from the:,compressor section.,fan section.,turbine section.,by-pass ducting.,A
AGK,650,What is the purpose of the pack cooling fans in the air conditioning system?,Supplying the heat exchangers with cooling air during slow flights and ground operation.,Supplying the heat exchangers with cooling air during cruise flight.,Supplying the Passenger Service Unit (PSU) with fresh air.,Cooling of the APU compartment.,A
AGK,651,The cabin air for modern airplanes is usually supplied by:,main engine compressors.,piston compressors.,roots type compressors.,single radial compressors.,A
AGK,652,Cabin air for modern aircraft is usually taken from:,the low pressure compressor and from the high pressure compressor if necessary.,the second fan stage.,the low pressure compressor.,the high pressure compressor.,A
AGK,653,In an aircraft air conditioning system the air cannot be treated for:,humidity.,purity.,pressure.,temperature.,A
AGK,654,"In a bootstrap system, the purpose of the heat exchangers is to:",cool bleed air and compressor air from the turbo refrigerator.,allow a homogeneous temperature by mixing air flows from various air conditioning groups in operation.,cool bleed air.,allow a steady compressor outlet temperature.,A
AGK,655,The turbine in a cold air unit (air cycle machine):,"drives the compressor in the unit, creating a temperature drop in the conditioning air.",drives the compressor which provides pressurisation.,increases the pressure of the air supply to the cabin.,drives the compressor in the unit and causes a pressure increase in the conditioning air.,A
AGK,656,"In large modern aircraft, in the air conditioning system, reduction of air temperature and pressure is achieved by:",an expansion turbine.,a compressor.,a condenser.,an evaporator.,A
AGK,657,"In a """"bootstrap"""" cooling system, the charge air is first compressed in the cold air unit to:",ensure an adequate pressure and temperature drop across the cooling turbine.,increase the cabin air supply pressure when the charge pressure is too low.,ensure an adequate charge air flow across the inter-cooler heat exchanger.,maintain a constant cabin mass air flow.,A
AGK,658,A turbo-fan cold air unit will:,cause a pressure drop as well as an associated temperature drop in the charge air.,not affect the charge air pressure.,increase charge air pressure whilst causing hte temperature to drop in the heat exchanger.,decrease charge air pressure whilst causing hte temperature to rise in the heat exchanger.,A
AGK,659,The cabin heating supply in a heavy jet transport aircraft is obtained from :,hot air coming from the engine's compressors.,hot air coming from the engine's turbines.,a fuel heater system.,an electrical heater system.,A
AGK,660,The pack cooling fan provides:,cooling air to the primary and secondary heat exchanger during slow flight and ground operation.,cooling air to the pre-cooler.,air to the eyeball outlets at the Passenger Service Unit (PSU).,cooling air to the primary and secondary heat exchanger during cruise.,A
AGK,661,The water separator of an air-conditioning unit is located at the cooling unit :,outlet and uses a centrifugal process.,inlet and uses a centrifugal process.,outlet and uses an evaporation process.,inlet and uses an evaporation process.,A
AGK,662,"The term """"Bootstrap"""", when used to identify a cabin air conditioning and pressurisation system, refers to the :",cold air unit (air cycle machine) arrangement.,source of the charge air.,means by which pressurisation is controlled.,charge air across the inter-cooler heat exchanger.,A
AGK,663,In a bootstrap cooling system the supply air is first :,"compressed, passed through a secondary heat exchanger, and then across an expansion turbine.","passed across an expansion turbine, then compressed and passed through a secondary heat exchanger.","passed across an expansion turbine, then directly to the heat exchanger.",used to increase the cabin air supply pressure when the charge pressure is too low.,A
AGK,664,The function of an air cycle machine is to :,cool the bleed air.,decrease the pressure of the bleed air.,remove the water from the bleed air.,pump the conditioned air into the cabin.,A
AGK,665,"""""Conditioned"""" air is air that has :",been controlled in respect of temperature and pressure.,had any moisture removed from it.,had the oxygen content increased.,had the oxygen content reduced.,A
AGK,666,"In flight, the most commonly used anti-icing method for the wings of modern commercial aircraft fitted with turbo-jet units is:",Thermal (use of hot air).,Physical/chemical (glycol-based liquid).,Electrical (electrical resistances).,Mechanical (pneumatic source which acts by deforming the profiles of the leading edge).,A
AGK,667,"Concerning electrically powered ice protection devices, the only true statement is:","on modern aeroplanes, electrically powered thermal devices are used to prevent icing on small surfaces (pitot-static, windshield...).","on modern aeroplanes, electrical power supply being available in excess, this system is very often used for large surfaces de-icing.","on modern aeroplanes, electrically powered thermal devices are very efficient, therefore they only need little energy.","on modern aeroplanes, electrically powered thermal devices are used as de-icing devices for pitot-tubes, static ports, windshield...",A
AGK,668,The elements specifically protected against icing on transport aircraft are:1) engine air intake and pod.2) front glass shield.3) radome.4) pitot tubes and waste water exhaust masts.5) leading edge of wing.6) cabin windows.7) trailing edge of wings.8) electronic equipment compartment.The combination regrouping all the correct statements is :,"1, 2, 4, 5","1, 4, 5, 7","1, 2, 5, 6","1, 2, 3, 8",A
AGK,669,The ice protection system currently used for the most modern jet aeroplanes is the,Hot air system.,Pneumatic system with expandable boots.,Liquid de-icing system.,Electrical de-icing system.,A
AGK,670,"During flight, the wing anti-ice system has to protect","leading edges, slats and the leading edge flaps.",the whole upper wing surface and the flaps.,slats and the leading edge flaps only.,leading edges only.,A
AGK,671,In jet aeroplanes the 'thermal anti-ice system' is primary supplied by,bleed air from the engines.,turbo compressors.,"ram air, heated via a heat exchanger.",the APU.,A
AGK,672,The anti-ice or de-icing system which is mostly used for the wings of modern turboprop aeroplanes is :,Pneumatic boots.,Electrical heating.,Thermal anti-icing.,Fluid de-icing.,A
AGK,673,The ice protection for propellers of modern turboprop aeroplanes works,electrically.,pneumatically.,with hot air.,with anti-icing fluid.,A
AGK,674,The advantages of thermal anti-icing are :1. Simple and reliable system2. Profiles maintained3. Greater efficiency than that of an electrical resistor4. Direct use of the hot air from the jet engine without substantial reduction in engine thrustThe combination of correct statements is:,"1,2","3,4","1,3","2,4",A
AGK,675,"On modern transport aircraft, cockpit windows are protected against icing by :",Electric heating.,Vinyl coating.,Anti-icing fluid.,Rain repellent system.,A
AGK,676,"Usually, electric heating for ice protection is used on:",Pitot tubes.,Elevator leading edges.,Slat leading edges.,Fin leading edges.,A
AGK,677,The heating facility for the windshield of an aircraft is:,Used on a continual basis as it reduces the thermal gradients which adversely affect the useful life of the components.,Harmful to the integrity of the windows in the event of a bird strike.,Only used when hot-air demisting is insufficient.,Used only at low altitudes where there is a risk of ice formation.,A
AGK,678,The correct statement about rain protection for cockpit windshields is that :,rain repellent should never be sprayed onto the windshield unless the rainfall is very heavy,wipers are sufficient under heavy rain conditions to provide adequate view through the cockpit windows.,the electric de-icing system for cockpit windows is also suitable for rain protection,the alcohol de-icing system for cockpit windows is also suitable for rain protection,A
AGK,679,The purpose of the baffles in an aircraft's integral fuel tank is to:,Restrict the fuel from flowing to the wing tips during abnormal manoeuvre (side slipping...).,Prevent overpressure in the tank.,Prevent the fuel from flowing in the vent lines.,Prevent mixture of the fuel and hydraulic fluid.,A
AGK,680,On a transport type aircraft the fuel tank system is vented through:,Ram air scoops on the underside of the wing.,A pressure regulator in the wing tip.,Bleed air from the engines.,The return lines of the fuel pumps.,A
AGK,681,The types of fuel tanks used on most modern transport aircraft are:,Integral tanks.,Cell tanks.,Combined fuel tanks.,Fixed built-in tanks.,A
AGK,682,The purpose of baffle check valves fitted in aircraft fuel tanks is to :,prevent fuel movement to the wing tip.,damp out movement of the fuel in the tank.,close the vent lines in case of turbulence.,prevent positive pressure build up inside the tank.,A
AGK,683,The pressurization of tanks is maintained by the fuel:,vent system.,tank drains.,top off unit.,dump system.,A
AGK,684,The automatic fuelling shut off valve:,stops fuelling as soon as a certain fuel level is reached inside the tank.,cuts off the fuel in case of engine fire.,stops fuelling as soon as the fuel spills into the ventline.,stops fuelling as soon as a certain pressure is reached.,A
AGK,685,Fire precautions to be observed before refuelling are :,All bonding and earthing connections between ground equipment and the aircraft should be made before filler caps are removed.,Ground Power Units (GPU) are not to be operated.,Passengers may be boarded (traversing the refuelling zone) providing suitable fire extinguishers are readily available.,Aircraft must be more than 10 metres from radar or HF radio equipment under test.,A
AGK,686,The function of a feed box in the fuel tank is to,increase the fuel level at the boost pump location,trap fuel sediments or sludge in the lower part of the tank,distribute the fuel to the various tanks during refuelling,ventilate the tank during refuelling under high pressure,A
AGK,687,"On most transport aircraft, the low pressure pumps of the fuel system are:","centrifugal pumps, driven by an electric motor.","electro-mechanical wobble pumps, with self-regulated pressure.",mechanically driven by the engine's accessory gearbox.,removable only after the associated tank has been emptied.,A
AGK,688,"The fuel supply system on a jet engine includes a fuel heating device, upstream of the main fuel filter so as to:","prevent, at low fuel temperature, the risk of ice formation from water contained in the fuel.",maintain and improve fuel heating power.,ease low pressure pumps work by increasing fuel fluidity.,prevent fuel from freezing in fuel pipes due to low temperatures at high altitude.,A
AGK,689,"On most transport jet aircraft, the low pressure pumps of the fuel system are supplied with electric power of the following type:",115 V AC,28 V AC,28 V DC,115 V DC,A
AGK,690,The fuel crossfeed system:,allows feeding of any engine from any fuel tank.,is only used to feed an engine from the tank of the opposite wing.,is only used on the ground for fuel transfer from one tank to another.,is only used in flight for fuel transfer from one tank to another.,A
AGK,691,"On most transport aircraft, the low pressure pumps of the fuel system are:",Centrifugal pumps.,Gear type pumps.,Piston pumps.,Diaphragm pumps.,A
AGK,692,On a jet aircraft fuel heaters are :,Located on the engines.,Installed in each tank.,Installed only in the center tank.,not necessary at all.,A
AGK,693,During fuelling the automatic fuelling shut off valves will switch off the fuel supply system when:,the fuel has reached a predetermined volume or mass.,fuelling system has reached a certain pressure.,the surge vent tank is filled.,there is fire.,A
AGK,694,The cross-feed fuel system is used to :,feed every engine from any fuel tank.,allow the fuel to be quickly thrown away in case of emergency,allow the unusable fuel elimination.,automatically fill every tank up to the desired level.,A
AGK,695,The fuel system boost pumps are submerged in the fuel ..,To prime the pumps.,Because their efficiency is greater.,"To shorten the fuel lines, so minimising the pressure losses.",To cool the pumps.,A
AGK,696,The refueling in a transport jet aircraft is made ...,Through a unique point (an underwing refueling center).,Through the refueling cap of every tank,By means of the aircraft suction pumps.,By means of the aircraft suction pumps through a unique point (an underwing refueling center).,A
AGK,697,The vapor lock is :,A stoppage in a fuel feeding line caused by a fuel vapor bubble.,The exhaust gases obstructions caused by an engine overheating.,The effect of the water vapor bubbles in the induction manifold caused by the condensation,The abnormal mixture enrichment caused by a greater gasoline vaporisation in the carburettor.,A
AGK,698,The fuel system boost pumps are used to :,avoid the bubbles accumulation and feed the lines with fuel for directing it to the engine at a positive pressure.,avoid the bubbles accumulation.,feed the lines with fuel for directing it to the engine at a positive pressure.,"feed the fuel control units, which inject the pressurized fuel into the engine.",A
AGK,699,The cross-feed fuel system enables:,the supply of any jet engine from any fuel tank.,the supply of the jet engines mounted on a wing from any fuel tank within that wing.,the supply of the outboard jet engines from any outboard fuel tank.,only the transfer of fuel from the centre tank to the wing tanks.,A
AGK,700,Fuel pumps submerged in the fuel tanks of a multi-engine aircraft are:,centrifugal low pressure type pumps.,low pressure variable swash plate pumps.,centrifugal high pressure pumps.,high pressure variable swash plate pumps.,A
AGK,701,Fuel dump systems are required:,on all transport category aircraft where the Maximum Take-Off Weight (MTOW) is significant higher than the Maximum Landing Weight (MLW).,on all transport category aircraft.,on all transport category aircraft with more than 150 seats.,on aircraft with a Maximum Take-Off Weight (MTOW) higher than 5.7 tons.,A
AGK,702,The maximum quantity of fuel that can be dumped with the jettisoning system is:,All up to a defined reserve quantity.,15 tons.,All fuel.,All fuel until the maximum landing weight is reached.,A
AGK,703,(For this question use annex 021-980A)The diagram shown in annex represents a jet fuel system. The fuel-flow measurement is carried out :,after high pressure valve (item 4).,in the fuel control unit (item 3).,after high pressure pump first stage (item 2).,after low pressure valve (item 1).,A
AGK,704,The capacitance type fuel gauging system indicates the fuel quantity by measuring the:,dielectric change between fuel and air.,density variation of the fuel.,resistivity variation of the fuel.,electrical resistance change.,A
AGK,705,"In a compensated capacitance type quantity indicating system, the contents gauge of a half-full fuel tank indicates a fuel mass of 8000 lb. If a temperature rise increased the volume of fuel by 5 %, the indicated fuel weight would :",remain the same.,increase by 5 %.,decrease by 5 %.,increase by 10 %.,A
AGK,706,Fuses are rated to a value by :,the number of amperes they will carry.,the number of volts they will pass.,their wattage.,their resistance measured in ohms.,A
AGK,707,The difference between (1) a fuse and (2) a circuit breaker is:,"(1)not resettable, (2)resettable.","(1) suitable for high currents, (2) not suitable for high currents.fuse circuit breaker","(1) not suitable for high currents, (2) suitable for high currents.fuse circuit breaker","(1)not resettable, (2) not resettable.",A
AGK,708,"An aircraft electrical circuit which uses the aircraft structure as a return path to earth, may be defined as a",single pole circuit.,complete negative system.,double pole circuit.,semi-negative system.,A
AGK,709,"When an """"open circuit"""" occurs in an electrical supply system, the :",loss of continuity will prevent its working components from functioning.,fuse or CB should isolate the circuit due to excess current drawn.,"component will operate normally, but will not switch off.",load as indicated by the ammeter will increase.,A
AGK,710,If a current is passed through a conductor which is positioned in a magnetic field :,a force will be exerted on the conductor.,the current will increase.,there will be no effect unless the conductor is moved.,the intensity of the magnetic field will decrease.,A
AGK,711,A current limiter fuse in a DC generation system is used to :,allow a short term overload before rupturing.,limit the current in the field circuit.,instantaneously rupture to limit the current in the load.,limit the current in the armature.,A
AGK,712,The true statement among the following in relation to the application of Ohm's law is :,Current in a circuit is directly proportional to the applied electromotive force.,The current in a circuit is directly proportional to the resistance of the circuit.,power in the circuit is inversely proportional to the square of the current.,current in a circuit is inversely proportional to the electromotive force.,A
AGK,713,A condenser in parallel with breaker points will,intensify current in secondary winding,permit arcing across points,assist in negative feedback to secondary coil,assist in collapse of secondary winding.,A
AGK,714,"The connection in parallel of two 12 volt/ 40 amphours batteries, will create a unit with the following characteristics,",12 volt / 80 amp hours,12 volt / 40 amp hours,24 volt / 80 amp hours,24 volt / 40 amp hours,A
AGK,715,The resistors R1 and R2 are connected in parallel. The value of the equivalent resistance (Req) so obtained is given by the following formula:,1/Req = 1/R1 + 1/R2,Req = R1 + R2,Req = R1 x R2,1/Req = 1/(R1 + R2),A
AGK,716,"If one of the 12 cells of a lead-acid battery is dead, the battery:",is unserviceable.,"has 1/12 less voltage, but can still be used.","has 1/12 less capacity, but can still be used.","has 1/12 less voltage and less capacity, but can still be used.",A
AGK,717,"In aeronautics, the most commonly used batteries are NiCd because...",they weigh less than lead-acid batteries.,their output voltage is more constant than lead-acid batteries.,their electrolyte is neither corrosive nor dangerous.,they are cheaper than lead-acid batteries.,A
AGK,718,"On board present aircraft, the batteries used are mainly Cadmium-Nickel. Their advantages are:1. low risk of thermal runaway2. high internal resistance, hence higher power3. good charging and discharging capability at high rating4. wider permissible temperature range5. good storage capability6. sturdiness owing to its metal casing7. the electrolyte density remains unchanged during charging.The combination of correct statement is:","3, 4, 5, 6","1, 2, 5, 6, 7","2, 3, 4, 5, 6","3, 4, 6, 7",A
AGK,719,The voltage of a fully charged lead-acid battery cell is :,"2,2 volts.","1,4 volts.","1,8 volts.","1,2 volts.",A
AGK,720,Batteries are rated in :,Amperes.hours.,Amperes/volts.,Watts.,Ohms.,A
AGK,721,When carrying out battery condition check using the aircraft's voltmeter :,a load should be applied to the battery in order to give a better indication of condition.,no load should be applied to the battery because it would depress the voltage.,the battery should be isolated.,the load condition is unimportant.,A
AGK,722,Connecting two 12 volt 40 ampere-hour capacity batteries in series will result in a total voltage and capacity respectively of :,"24 volts, 40 ampere-hours.","12 volts, 40 ampere-hours.","24 volts, 80 ampere-hours.","12 volts, 80 ampere-hours.",A
AGK,723,The capacity of a battery is expressed in terms of :,ampere-hours.,volts.,watts.,internal resistance.,A
AGK,724,A test to assess the state of charge of a lead-acid battery would involve :,"comparing the """"on-load"""" and """"off-load"""" battery voltages.",checking the level of the electrolyte.,"checking the discharge current of the battery """"on-load"""".","checking the battery voltage """"off-load"""".",A
AGK,725,When a battery is almost fully discharged there is a tendency for the :,voltage to decrease under load.,voltage to increase due to the current available.,current produced to increase due to the reduced voltage.,"electrolyte to """"boil"""".",A
AGK,726,"Immediately after starting engine(s) with no other electrical services switched on, an ammeter showing a high charge rate to the battery :",would be normal and is only cause for concern if the high charge rate persists.,indicates a battery failure since there should be no immediate charge.,"indicates a generator failure, thus requiring the engine to be shut down immediately.",indicates a faulty reverse current relay.,A
AGK,727,A relay is :,An electromagnetically operated switch.,An electrical security switch.,A switch specially designed for AC circuits.,An electrical energy conversion unit.,A
AGK,728,A relay is :,a magnetically operated switch.,another name for a solenoid valve.,a unit which is used to convert electrical energy to heat energy.,a device which is used to increase electrical power.,A
AGK,729,When a conductor cuts the flux of a magnetic field :,an electromotive force (EMF) is induced in the conductor.,there will be no effect on the conductor.,the field will collapse.,current will flow in accordance with Flemings left hand rule.,A
AGK,730,A circuit breaker :,may be reset manually after the fault has been rectified.,is self resetting after the fault has been rectified.,can only be reset after major maintenance.,can be reset on the ground only.,A
AGK,731,Circuit breakers protecting circuits may be :,used in AC and DC circuits.,used only in AC circuits.,used only in DC circuits.,reset at any time.,A
AGK,732,"A """"trip-free"""" type circuit breaker is a circuit protection device which :",will not allow the contacts to be held closed while a current fault exists in the circuit.,is free from the normal CB tripping characteristic.,can be reset at any time.,will allow the contacts to be held closed in order to clear a fault in the circuit.,A
AGK,733,"In order to produce an alternating voltage of 400 Hz, the number of poles required in an AC generator running at 6000 rpm is:",4,24,12,8,A
AGK,734,"In a generator, the Constant Speed Drive (CSD):1- may be disconnected from the engine shaft.2- may be disconnected from the generator.3- is a hydro-mechanical system.4- is an electronic system.5- may not be disconnected in flight.6- may be disconnected in flight.The combination regrouping all the correct statements is :","1, 3, 6","1, 2, 5","2, 3, 4","1, 4, 5",A
AGK,735,In an alternator rotor coil you can find :,AC.,Three-phase AC.,Only induced current.,DC.,A
AGK,736,"Assume a constant speed DC generator providing a constant output voltage. If the electrical load increases, the voltage regulator will :",increase the intensity of the excitation current.,change the direction of the excitation current.,maintain the intensity of the excitation current constant.,decrease the intensity of the excitation current.,A
AGK,737,The essential difference between aircraft AC alternators and DC generators (dynamos) is that the:,"induced (output) windings of the alternators are fixed (stator), and the dynamos have a fixed inductor (field) coil.","induced windings of the alternators are rotating (rotor), and the dynamos have a rotary inductor coil.",alternators supply all of the output current through the commutators and brush assemblies.,The alternators generate much less power than DC generators.,A
AGK,738,A feeder fault on a direct current circuit results from a flux unbalance between the:,voltage coil and the series winding turn.,voltage coil and the series winding.,generator and the series winding turn.,shunt exciter and the series winding turn.,A
AGK,739,The detection of a feeder fault on a direct current circuit results in:1. automatic disconnection of the generator from the aircraft AC busbar2. opening of generator field current relay3. opening of the main relay of the generator breaker4. opening of balancing circuit connecting two generators5. lighting of an indicator lampThe combination of correct statements is:,"1, 2, 3, 4, 5","2, 3, 4, 5","2, 4, 5","1, 3, 5",A
AGK,740,A DC generator fitted to a aircraft is cooled by :,air via a ram air intake.,water at 8 degrees centrigade from the air-conditioning system.,a fan located before the generator.,air tapped from the low pressure compressor.,A
AGK,741,The voltage regulator of a DC generator is connected in :,series with the shunt field coil.,series with the armature.,parallel with the shunt field coil.,parallel with the armature.,A
AGK,742,The output of a generator is controlled by :,varying the field strength.,varying the speed of the engine.,varying the length of wire in the armature windings.,the reverse current relay circuit breaker.,A
AGK,743,"In order that DC generators will achieve equal load sharing when operating in parallel, it is necessary to ensure that :",their voltages are almost equal.,the synchronising bus-bar is disconnected from the busbar system.,equal loads are connected to each generator busbar before paralleling.,adequate voltage differences exists.,A
AGK,744,On-board electrical systems are protected against faults of the following type:1. AC generator over-voltage2. AC generator under-voltage3. over-current4. over- speed5. under-frequency6. undue vibration of AC generatorsThe combination of correct statements is :,"1,2,4,5","1,2,4,6","1,3,5,6","2,3,4,5,6",A
AGK,745,The frequency of the current provided by an alternator depends on...,its rotation speed,the strength of the excitation current,its load,its phase balance,A
AGK,746,The function of the Generator Breaker is to close when the voltage of the :,generator is greater than battery voltage and to open when the opposite is true,battery is greater than the generator voltage and to open when the opposite is true,alternator is greater than the battery voltage and to open when the opposite is true,battery is greater than the alternator voltage and to open when the opposite is true,A
AGK,747,"The so-called """"hot buses"""" or """"direct buses"""" are:",directly connected to the battery.,kept in operating conditions by an electrical resistance in the case of energy failure.,automatically connected to the battery if generators have failed.,providing an alternative current.,A
AGK,748,The type of windings commonly used in DC starter motors are :,series wound.,shunt wound.,series shunt wound.,compound wound.,A
AGK,749,A bus-bar is :,a distribution point for electrical power.,a device permitting operation of two or more switches together.,the stator of a moving coil instrument.,a device which may only be used in DC circuits.,A
AGK,750,"When two DC generators are operating in parallel, control of load sharing is achieved by :","an equalising circuit which, in conjunction with the voltage regulators, varies the field excitation current of the generators.","an equalising circuit which, in turn, controls the speed of the generators.",carrying out systematic load-shedding procedures.,the synchronous bus-bar.,A
AGK,751,"In a two generator system, a differential relay will ensure that :",generator voltages are almost equal before the generators are paralleled.,only one generator can supply the bus-bar at a time.,"generator voltages are not equal, dependent on load.","one generator comes """"on-line"""" before the other.",A
AGK,752,The purpose of a battery protection unit is generally to isolate the battery:1 - from the bus when the battery charge is deemed satisfactory2 - when there is a battery overheat condition3 - in case of an internal short circuit4 - in case of a fault on the ground power unitThe combination which regroups all of the correct statements is :,2001-02-03,02-Jan,1 - 2 - 3 -4,1,A
AGK,753,A static inverter is a:,transistorized unit used to convert DC into AC.,device for reversing the polarity of the static charge.,static discharger.,filter against radio interference.,A
AGK,754,The reason for using inverters in an electrical system is ..,To change DC into AC.,To change the DC voltage.,To change AC into DC.,To avoid a short circuit.,A
AGK,755,"In an aircraft equipped with a DC main power system, AC for instrument operation may be obtained from :",an inverter.,a rectifier.,a contactor.,a TRU.,A
AGK,756,A unit that converts electrical DC into AC is :,an inverter.,an AC generator.,a transformer rectifier unit.,a thermistor.,A
AGK,757,Static dischargers :1. are used to set all the parts of the airframe to the same electrical potential2. are placed on wing and tail tips to facilitate electrical discharge3. are used to reset the electrostatic potential of the aircraft to a value approximating 0 volts4. are located on wing and tail tips to reduce intererence with the on-board radiocommunication systems to a minimum5. limit the risks of transfer of electrical charges between the aircraft and the electrified cloudsThe combination regrouping all the correct statements is :,"2,4,5.","1,2,5.","1,3,4.","3,4,5.",A
AGK,758,The advantages of grounding the negative pole of the aircraft structure are:1. Weight saving2. Easy fault detection3. Increase of short-circuit risk4. Reduction of short-circuit risk5. Circuits are not single-wired linesThe combination regrouping all the correct statements is :,"1, 2, 4","1, 2, 3","2, 3, 5","1, 3, 5",A
AGK,759,Electrical bonding of an aircraft is used to:1. protect the aircraft against lightning effects.2. reset the electrostatic potential of the aircraft to a value approximating 0 volt3. reduce radio interference on radiocommunication systems4. set the aircraft to a single potentialThe combination regrouping all the correct statements is:,"1, 3, 4","1, 2, 3","3, 4","2, 4",A
AGK,760,The purpose of static wick dischargers is to :,dissipate static charge of the aircraft inflight thus avoiding radio interference as a result of static electricity.,dissipate static charge from the aircraft skin after landing.,provide a path to ground for static charges when refuelling.,be able to fly higher because of less electrical friction.,A
AGK,761,It may be determined that an aircraft is not properly bonded if :,static noises can be heard on the radio.,a circuit breaker pops out.,there is interference on the VOR receiver.,there is heavy corrosion on the fuselage skin mountings.,A
AGK,762,The primary purpose of bonding the metallic parts of an aircraft is to :,provide safe distribution of electrical charges and currents.,provide a single earth for electrical devices.,prevent electrolytic corrosion between mating surfaces of similar metals.,isolate all components electrically and thus make the static potential constant.,A
AGK,763,The most widely used electrical frequency in aircraft is :,400 Hz.,200 Hz.,50 Hz.,60 Hz.,A
AGK,764,The advantages of alternating current on board an aircraft are:1. simple connection2. high starting torque3. flexibility in use4. lighter weight of equipment5. easy to convert into direct current6. easy maintenance of machinesThe combination of correct statements is:,"3, 4, 5, 6","1, 2, 3, 4, 5, 6","1, 2, 3, 5, 6","1, 4, 6",A
AGK,765,"If the frequency of the supply in a series capacitive circuit is increased, the current flowing in the circuit will :",increase.,be zero.,decrease.,remain the same.,A
AGK,766,"When the AC generators are connected in parallel, the reactive loads are balanced by means of the:",energizing current.,frequency.,voltage.,torque of the Constant Speed Drive (CSD).,A
AGK,767,The main purpose of a Constant Speed Drive unit is to:,maintain a constant frequency.,take part in the balancing of reactive loads.,mechanically protect the alternator drive shaft during coupling.,take part in the voltage regulation.,A
AGK,768,The Auxiliary Power Unit (APU) has its own AC generator which:,"supplies the aircraft with three-phase 115-200 V, 400 Hz AC.","is driven at constant speed throught a Constant Speed Drive (CSD), in the same way as the main AC generator.",is excited by its Generator Control Unit (GCU) as soon as the APU starts up.,must have the same characteristics as the main AC generator so that it can be easily coupled with the latter.,A
AGK,769,"In flight, if the constant speed drive (CSD) temperature indicator is in the red arc the:","pilot must disconnect it, and the generator is not available for the rest of flight.",pilot can disconnect it to allow it to cool and use it again.,pilot has to throttle back.,pilot must disconnect it and manually control the alternator.,A
AGK,770,"As regards the Generator Contol Unit (GCU) of an AC generator, it can be said that:1. The GCU controls the AC generator voltage2. Modern GCUs are provided with a permanent indication to record the failure3. All the commands originating from the control panel are applied via the GCU, except dog clutch release4. The Auxiliary Power Unit (APU) provides the excitation of the AC generator as soon as the APU starts upThe combination regrouping all the correct statements is :","2, 3","3, 4","2, 4","1, 3",A
AGK,771,"On starting, in a brushless AC generator with no commutator rings, the generator is activated by:",a set of permanent magnets.,the main field winding.,the stabilizer winding jointly with the voltage regulator.,the auxiliary winding.,A
AGK,772,A CSD of an AC generator may be disconnected in flight. The primary reason(s) for disconnection are :,low oil pressure and/or high oil temperature of the generator drive.,excessive variation of voltage and kVAR.,illumination of the CSD disconnect warning light.,slight variation about the normal operating frequency.,A
AGK,773,A CSD unit which has been disconnected in flight :,"may be reset on the ground only, after engine shut-down.",may be reset in flight using the reset mechanism.,automatically resets in flight providing engine rpm is below a given value.,automatically resets at engine shut-down.,A
AGK,774,The moving part in an AC generator is usually referred to as the :,rotor.,stator.,oscillator.,slip ring.,A
AGK,775,The frequency of an AC generator is dependent upon the :,number of pairs of poles and the speed of the rotor.,number of individual poles and the field strength.,field strength and the speed of the rotor.,number of individual poles only.,A
AGK,776,The function of a constant speed drive (CSD) in an AC generating system is to :,drive the generator at a constant speed.,vary generator rpm in order to compensate for various AC loads.,directly maintain a constant proportion between the rpm of an engine and a generator.,vary the engine rpm (within limits) to compensate for various AC loads.,A
AGK,777,"If two constant frequency AC generators are operating independently, then the phase relationship of each generator:",is unimportant.,must be synchronised.,must be 120° out of phase.,must be 240° out of phase.,A
AGK,778,The purpose of a voltage regulator is to control the output voltage of the :,generator at varying loads and speeds.,batteries at varying loads.,generators at varying speeds and the batteries at varying loads.,output of the TRU.,A
AGK,779,A 3 phase AC generator has 3 separate stator windings spaced at :,120°.,60°.,45°.,90°.,A
AGK,780,"On the flight deck, an oil operated CSD unit is normally provided with means of monitoring the:",oil over-temperature and low oil pressure.,oil temperature and synchronous speed.,output speed and oil pressure.,low oil temperature and low oil quantity.,A
AGK,781,An AC generator driven by a CSD unit :,requires a voltage controller to maintain constant voltage under load.,does not need a voltage controller since the CSD will ensure constant voltage.,does not need a voltage controller since an AC generator voltage cannot alter under load.,requires a voltage controller to maintain constant frequency.,A
AGK,782,"Assuming a CSD fault is indicated, the CSD should be disconnected :",during engine operation only.,at flight idle engine rpm.,in accordance with the regulated voltage level of the AC generator.,on the ground only.,A
AGK,783,The measured output power components of a constant frequency AC system are :,kVA and kVAR.,volts and amperes.,volts and kilowatts.,amperes and kilowatts.,A
AGK,784,"""""Frequency wild"""" in relation to a AC generation system means the generator :",output frequency varies with engine speed.,output frequency is too high.,voltage regulator is out of adjustment.,output frequency is too low.,A
AGK,785,The function of a CSD in an AC generating system is to:,drive the generator at a constant speed.,vary the engine rpm (within limits) to compensate for various AC loads.,vary generator rpm in order to compensate for various AC loads.,directly maintain a constant proportion between the rpm of engine and generator.,A
AGK,786,The frequency of an AC generator is dependent on the :,number of pairs of poles and the speed of the moving part.,number of individual poles and the field strength.,field strength and the speed of the moving part.,number of individual poles only.,A
AGK,787,A Constant Speed Drive aims at ensuring,that the electric generator produces a constant frequency.,that the starter-motor maintains a constant RPM not withstanding the acceleration of the engine.,that the CSD remains at a constant RPM not withstanding the generator RPM,equal AC voltage from all generators.,A
AGK,788,A thermal circuit breaker:,"protects the system in the event of overheating, even without exceeding the maximum permissible current.",is a protection system with a quick break capacity of about one hundredth of a second.,forbids any overcurrent.,can be reset without any danger even if the fault remains.,A
AGK,789,"In an aircraft electrical system where AC generators are not paralleled mounted, the changover relay allows :",power supply to the faulty AC generators busbar.,connection of the AC generator to its distribution busbar.,connection of the ground power truck to its distribution busbar.,connection of the Auxiliary Power Unit (APU) to its main busbar.,A
AGK,790,Pulling the fire shutoff handle causes a number of devices to disconnect. In respect of the AC generator it can be said that the:,exciter control relay and the generator breaker open.,exciter control relay opens.,generator breaker opens.,"exciter control relay, the generator breaker and the tie breaker open.",A
AGK,791,"As regards three-phase AC generators, the following conditions must be met for paralleling AC generators:1. Equal voltage2. Equal current3. Equal frequencies4. Same phase rotation5. Voltages of same phaseThe combination regrouping all the correct statements is :","1, 3, 4, 5","1, 2, 3, 4","1, 3, 5","1, 4, 5",A
AGK,792,A magnetic circuit-breaker is:,a protection system that has a quick tripping response.,permits an overcurrent limited in time.,can be reset without any danger even when fault remains.,is a system with a slow response time.,A
AGK,793,"On detection of a persistent overvoltage fault on an AC generator connected to the aircraft AC busbars, the on-board protection device opens:",the exciter breaker and the generator breaker.,"the exciter breaker, the generator breaker and tie breaker.",The generator breaker and tie breaker.,The generator breaker.,A
AGK,794,"When a persistent top excitation limit fault on an AC generator connected to the mains with another AC generator, the overexcitation protection device opens:","the exciter breaker, the generator breaker and the tie breaker.",the tie breaker.,the exciter breaker and the generator breaker.,the generator breaker.,A
AGK,795,"When a persistent overexcitation fault is detected on only one AC generator, the protection device opens the :",exciter breaker and generator breaker.,"exciter breaker, generator breaker and tie breaker.",tie breaker.,generator breaker and tie breaker.,A
AGK,796,"When an underspeed fault is detected on an AC generator connected to the aircraft AC busbar, the protection device opens the:",generator breaker.,exciter breaker.,exciter breaker and generator breaker.,"exciter breaker, generator breaker and tie breaker.",A
AGK,797,The services connected to a supply bus-bar are normally in:,"parallel, so that isolating individual loads decreases the bus-bar current consumption.","series, so that isolating one load increases the bus-bar current consumption.","parallel, so that isolation of loads decreases the bus-bar voltage.","series, so that isolation of loads increases the bus-bar voltage.",A
AGK,798,To ensure correct load sharing between AC generators operating in parallel :,both real an reactive loads must be matched.,the matching of loads is unimportant.,only reactive loads need to be matched.,only real loads need to be matched.,A
AGK,799,"When operating two AC generators unparalleled, the phase relationship of each generator:",is unimportant.,must be synchronous.,must be in opposition.,must be 90° out of synchronisation.,A
AGK,800,"When AC generators are operated in paralllel, they must be of the same:",voltage and frequency.,amperage and kVAR.,voltage and amperage.,frequency and amperage.,A
AGK,801,Real load sharing in a parallel AC system is achieved by :,automatic adjustment of the torque on each generator rotor via the CSD unit.,controlling the generator field current.,carefully selecting the number of loads on the bus-bars at any one time.,monitoring the kVAR of each generator/alternator.,A
AGK,802,Real load sharing in a parallel AC system is achieved by :,adjusting the torque on each generator rotor via the CSD unit.,carefully secting the number of loads on the bus-bars at any one time.,controlling the generator field current.,monitoring the kVAR of each generator/alternator.,A
AGK,803,Load shedding means ..,Temporarily or permanent switching off of certain electric users to avoid overload of electric generators,To leave behind extra cargo if the centre of gravity moves outside limits,Reduction of airloads on the flaps by means of the flap load relief value,A procedure used in control systems to reduce the stick forces,A
AGK,804,The speed of an asynchronous four-pole motor fed at a frequency of 400 Hertz is:,12000 revolutions per minute.,6000 revolutions per minute.,800 revolutions per minute.,1600 revolutions per minute.,A
AGK,805,"In an aeroplane utilising a constant frequency AC power supply, DC power is obtained from a :",Transformer Rectifier Unit.,static inverter.,3 phase current transformer unit.,rotary converter.,A
AGK,806,"On an aeroplane utilising AC as primary power supplies, the batteries are charged in flight from :",a Transformer Rectifier Unit.,a static inverter.,a DC transformer and rectifier.,the AC bus via current limiters.,A
AGK,807,"In computer technology, an output peripheral is a:",screen unit,keyboard,hard disk drive,diskette drive,A
AGK,808,"In computer technology, an input peripheral is a:",keyboard,screen unit,hard disk drive,diskette drive,A
AGK,809,"In computer technology, a storage peripheral is a:",hard disk drive,printer,key board,screen unit,A
AGK,810,"In computer technology, an EPROM is:1. a read-only memory2. a write memory3. erases its content when power supply is cut off4. keeps its content when power supply is cut offThe combination regrouping all the correct statements is:","1,4","1,3","2,3","2,4",A
AGK,811,(For this question use annex 021- 6660A)The logic symbol shown represents (assuming positive logic) :,an INVERT or NOT gate.,a NAND gate.,a NOR gate.,an EXCLUSIVE gate.,A
AGK,812,"Because of the input/output relationship of an AND gate, it is often referred to as the :","""""all or nothing"""" gate.","""""any or all"""" gate.","""""state indicator"""" gate.","""""inhibited"""" or """"negated"""" gate.",A
AGK,813,The function of a NOT logic gate within a circuit is to :,invert the input signal such that the output is always of the opposite state.,ensure the input signal is AC only.,ensure the input signal is DC only.,ensure the output signal is of the same state as the input signal.,A
AGK,814,"Because of the input/output relationship of an OR gate, it is often referred to as the :","""""any or all"""" gate.","""""inhibited"""" or """"negated"""" gate.","""""state indicator"""" gate.","""""all or nothing"""" gate.",A
AGK,815,The wavelength of a radio transmitted on frequency 121.95 MHz is:,2.46 m,24.60 cm,2.46 cm,24.60 m,A
AGK,816,"For weather radar, the frequency 9375 MHz in X Band is preferable to C Band because:",It better detects clouds contour and range is greater with the same transmission power.,Its penetration power is higher.,It is not absorbed by heavy precipitations.,It allows greater scanning rates.,A
AGK,817,The wavelength of a non-directional beacon (NDB) at a frequency of 300 kHz is:,1000 metres.,100 metres.,10 metres.,1 metre.,A
AGK,818,The minimum airborne equipment required for operation of a the VHF direction finder is a:,VHF transmitter-receiver operating in the 118 MHz to 136 MHz range.,VHF compass operating in the 200 kHz to 1750 kHz range.,VHF receiver operating in the 118 MHz to 136 MHz range.,cathode-ray tube.,A
AGK,819,The secondary Surveillance Radar (SSR) uses the following wavelengths:,decimetric.,centimetric.,hectometric.,myriametric.,A
AGK,820,The airborne weather radar uses the following wavelengths:,centimetric.,metric.,hectometric.,myriametric.,A
AGK,821,The VHF Omnirange (VOR) uses the following wavelengths:,metric.,hectometric.,decimetric.,centimetric.,A
AGK,822,The Instrument Landing System (ILS) uses the following wavelengths:,metric.,hectometric.,decimetric.,centimetric.,A
AGK,823,The Distance Measuring Equipment (DME) uses the following wavelengths:,decimetric.,hectometric.,metric.,centimetric.,A
AGK,824,The Fan Markers uses the following wavelengths:,metric.,centimetric.,hectometric.,myriametric.,A
AGK,825,The VHF direction finder uses the following wavelengths:,metric.,hectometric.,decimetric.,centimetric.,A
AGK,826,The Microwave Landing System (MLS) uses the following wavelengths:,centimetric.,metric.,hectometric.,myriametric.,A
AGK,827,The high Altitude Radio Altimeter uses the following wavelengths:,decimetric.,metric.,hectometric.,myriametric.,A
AGK,828,The Low Altitude Radio Altimeter uses the following wavelengths:,centimetric.,myriametric.,decimetric.,metric.,A
AGK,829,The Automatic Direction Finder uses the following wavelengths:,hectometric or kilometric.,metric.,decimetric.,centimetric.,A
AGK,830,"In the response curve of an amplifier, the bandwidth is:",The frequency band corresponding to maximum gain less 3 decibels.,The frequency band corresponding to maximum gain.,The frequency band corresponding to maximum gain less 20 decibels.,"The frequency band corresponding to maximum gain, increased by 10 kHz at each end.",A
AGK,831,"In aviation, the reflection on ionosphere layers phenomenon is used in the following frequencies:",HF,VHF,UHF,VLF,A
AGK,832,Skip distance is the:,range from the transmitter to the first sky wave,highest critical frequency distance,wavelength distance of a certain frequency,thickness of the ionosphere,A
AGK,833,"A radio signal looses strength as range from the transmitter increases, this is called :",attenuation,refraction,propagation,ducting,A
AGK,834,The skip zone of HF-transmission will increase when the following change in circumstance occurs :,Higher frequency and higher position of the reflecting ionospheric layer,Lower frequency ang higher position of the reflecting ionospheric layer,Higher frequency and lower position of the reflecting ionospheric layer,Lower frequency and lower position of the reflecting ionospheric layer,A
AGK,835,"In the propagation of MF waves, the phenomenon of FADING is particularly found :","at night, due to the combination of the sky and ground waves.","by day, due to the combination of sky and ground waves.",at night and when raining.,by day and when raining.,A
AGK,836,The positions of the intake and exhaust valve at the end of the power stroke are :,intake valve closed and exhaust valve open.,both valves open.,both valves closed.,exhaust valve closed and intake valve open.,A
AGK,837,The useful work area in an ideal Otto engine indicator diagram is enclosed by the following gas state change lines,2 adiabatic and 2 isochoric lines.,2 adiabatic and 1 isothermic lines.,2 adiabatic and 2 isobaric lines.,"2 adiabatic, 1 isochoric and 1 isobaric lines.",A
AGK,838,The correct formula to calculate the multi-cylinder engine displacement is :,piston area * piston stroke * number of cylinders,piston area * piston stroke,cylinder volume * number of cylinders,cylinder length * cylinder diameter,A
AGK,839,In most cases aeroplane piston engines are short stroke engines. This permits a :,lighter construction.,lower fuel consumption.,better piston cooling.,cheaper construction,A
AGK,840,The working cycle of a four-stroke engine is :,"induction, compression, power, exhaust.","induction, power, compression, exhaust.","compression induction, power, exhaust.","induction, compression, expansion, power.",A
AGK,841,The crank assembly consists of,"crankshaft, connecting rods and pistons.","propeller, crankshaft, pistons and connecting rods.","Crankcase, crankshaft, connecting rods and pistons.","crankshaft, camshaft, valves, valve springs and push rods.",A
AGK,842,The ignition occurs in each cylinder of an four-stroke engine (TDC = Top Dead Center),before TDC at each second crankshaft revolution.,before TDC at each crankshaft revolution.,behind TDC at each crankshaft revolution.,behind TDC at each second crankshaft revolution.,A
AGK,843,The power output of a piston engine can be calculated by :,Torque times RPM.,Work times velocity.,Force times distance.,Pressure times arm.,A
AGK,844,The power of a piston engine which will be measured by using a friction brake is :,Brake horse power.,Friction horse power.,Heat loss power.,Indicated horse power.,A
AGK,845,The torque of an aeroplane engine can be measured at the:,gear box which is located between the engine and the propeller.,propeller blades.,accessory gear box.,camshaft.,A
AGK,846,"On four-stroke piston engines, the theoretical valve and ignition settings are readjusted in order to increase the:",overall efficiency,compression ratio,piston displacement,engine r.p.m.,A
AGK,847,"In a four-stroke piston engine, the only """"driving"""" stroke is :",firing-expansion,intake,compression,exhaust,A
AGK,848,A piston engine compression ratio is the ratio of the :,total volume to the clearance volume.,clearance volume to the swept volume.,total volume to the swept volume.,swept volume to the clearance volume.,A
AGK,849,The compression ratio of a piston engine is the ratio of the:,volume of the cylinder with the piston at bottom dead centre to that with the piston at top dead centre.,diameter of the bore to the piston stroke.,area of the piston to the cylinder volume.,weight of the air induced to its weight after compression.,A
AGK,850,The part of a piston engine that transforms reciprocating movement into rotary motion is termed the :,crankshaft,piston,camshaft,reduction gear,A
AGK,851,The reading on the oil pressure gauge is the:,pressure of the oil on the outlet side of the pressure pump.,difference between the pressure pump pressure and the scavenge pump pressure.,pressure in the oil tank reservoir.,pressure of the oil on the inlet side of the pressure pump.,A
AGK,852,"For a given type of oil, the oil viscosity depends on the:",oil temperature.,outside pressure.,oil pressure.,quantity of oil.,A
AGK,853,"For internal cooling,reciprocating engines are especially dependent on:",the circulation of lubricating oil,a rich fuel/air mixture,a properly functioning thermostat,a lean fuel/air mixture,A
AGK,854,"In addition to the fire hazard introduced, excessive priming should be avoided because :",it washes the lubricant of cylinder walls,it fouls the spark plugs,it drains the carburettor float chamber,the gasoline dilutes the oil and necessitates changing oil,A
AGK,855,The oil system for a piston engine incorporates an oil cooler that is fitted :,in the return line to the oil tank after the oil has passed through the scavenge pump,between the oil tank and the pressure pump,after the pressure pump but before the oil passes through the engine,after the oil has passed through the engine and before it enters the sump,A
AGK,856,Low oil pressure is sometimes the result of a,worn oil pump,too large oil pump,restricted oil passage,too small scavenger pump.,A
AGK,857,The purpose of a distributor in an ignition system is to distribute:,secondary current to the sparking plugs.,primary current to the condenser.,secondary current to the condenser.,primary current to the sparking plugs.,A
AGK,858,The very rapid magnetic field changes (flux) around the primary coil in a magneto are accomplished by the:,contact breaker points opening.,distributor arm aligning with one of the high tension segments.,contact breaker points closing.,rotor turning past the position of maximum flux in the armature.,A
AGK,859,If the ground wire between the magnetos and the ignition switch becomes disconnected the most noticeable result will be that:,"the engine cannot be shut down by turning the ignition switch to the """"OFF"""" position",a still operating engine will run down,"the engine cannot be started with the ignition switch in the """"ON"""" position",the power developed by the engine will be strongly reduced,A
AGK,860,The purpose of an ignition switch is to :,control the primary circuit of the magneto,connect the secondary coil to the distributor,connect the battery to the magneto,connect the contact breaker and condenser in series with the primary coil,A
AGK,861,Under normal running conditions a magneto draws primary current :,from a self-contained electro-magnetic induction system.,from the booster coil.,directly from the aircraft batteries.,from the aircraft batteries via an inverter.,A
AGK,862,Ignition systems of piston engines are :,independant from the electrical system of the aircraft.,dependant on the battery.,dependant on the DC-Generator.,dependant on the AC-Generator.,A
AGK,863,Prolonged running at low rpm may have an adverse effect on the efficiency of the:,sparking plugs.,carburettor.,oil pump.,fuel filter.,A
AGK,864,An aircraft magneto is switched off by,grounding the primary circuit,opening the primary circuit,opening the secondary circuit,grounding the secondary circuit.,A
AGK,865,An impulse magneto coupling,gives a retarded spark at starting,reduces magneto speed during engine warm-up,advances ignition timing and gives a hotter spark at starting,gives an automatic spark increase during high speed operation.,A
AGK,866,"If an engine fails to stop with the magneto switch in OFF position, the cause may be :",excessive carbon formation in cylinder head.,switch wire grounded,defective condenser,fouled spark plugs,A
AGK,867,"If the ground wire between the magneto and the ignition switch becomes disconnected, the most noticeable result will be that the engine",cannot be shut down by turning the switch to the OFF position.,will not operate at the left magneto,will not operate at the right magneto,cannot be started with the switch in the ON position,A
AGK,868,An impulse coupling used on a magneto for a piston engine is for,providing a retarded spark for engine starting.,advancing ignition timing,quick removal and installation,absorbing starting loads,A
AGK,869,"In a piston engine, magnetos are used to produce the spark which ignites the fuel/ air mixture. The operating principle of magnetos consists in :",breaking the primary current in order to induce a low amp high volt current which is distributed to the spark plugs.,obtaining a high amp low volt current in order to generate the spark.,"accumulating in a condenser a low volt current from the battery, reconstitute it as high voltage current at the moment the spark is generated.",creating a brief high intensity magnetic field which will be sent through the distributor at the appropriate time.,A
AGK,870,"When the magneto selector switch is set to """"OFF"""" position, the piston engine continues to run normally.The most probable cause of this failure is that:","On a magneto, a grounding wire is broken.",There is a carbon deposit on the spark plugs electrodes.,A wire from the magneto is in contact with a metallic part of the engine.,There are local hot points in the engine (probably due to overheating of the cylinder heads).,A
AGK,871,"On modern carburettors, the variations of mixture ratios are obtained by the adjustment of :",fuel flow.,air flow.,fuel flow and air flow.,"fuel flow, air flow and temperature.",A
AGK,872,A fuel strainer when fitted to a carburettor will be positioned :,upstream of the needle valve.,between the needle valve and the metering jet.,between the metering jet and the discharge nozzle.,downstream of th discharge nozzle.,A
AGK,873,The purpose of the venturi in a carburettor is to:,create the depression necessary to cause fuel to flow through the carburettor jets.,prevent enrichment of the mixture due to high air velocity through the carburettor.,ensure complete atomisation of the fuel before entering the induction system.,create a rise in pressure at the throat before the mixture enters the induction system.,A
AGK,874,In which sections of the carburettor would icing most likely occur?,venturi and the throttle valve,float chamber and fuel inlet filter,accelerator pump and main metering jet,main air bleed and main discharge nozzle,A
AGK,875,The operating principle of float-type carburettors is based on the:,difference in air pressure at the venturi throat and the air inlet,automatic metering of air at the venturi as the aircraft gains altitude,increase in air velocity in the throat of a venturi causing an increase in air pressure,measurement of the fuel flow into the induction system,A
AGK,876,"In an engine equipped with a float-type carburettor, the low temperature that causes carburettor ice is normally the result of:",vaporization of fuel and expansion of the air in the carburettor,freezing temperature of the air entering the carburettor,compression of air at the carburettor venturi,low volatility of aviation fuel,A
AGK,877,Which statement is true concerning the effect of the application of carburettor heat?,"it reduces the density of air entering the carburettor, thus enriching the fuel/air mixture","it reduces the volume of air entering the carburettor,thus leaning the fuel/air mixture","it reduces the density of air entering the carburettor, thus leaning the fuel/air mixture","it reduces the volume of air entering the carburettor,thus enriching the fuel/air mixture",A
AGK,878,Vapour lock is :,vaporizing of fuel prior to reaching the carburettor,the formation of water vapour in a fuel system,vaporizing of fuel in the carburettor,the inability of a fuel to vaporize in the carburettor,A
AGK,879,"With respect to a piston engined aircraft, ice in the carburettor :",may form at OAT's higher than +10°C.,will only form at OAT's below +10°C.,will only form at outside air temperatures (OAT's) below the freezing point of water.,will only form at OAT's below the freezing point of fuel.,A
AGK,880,"To ensure that the fuel flow is kept directly proportional to the volume of air flowing through the choke, thus preventing the main jet supplying excessive fuel as engine speed is increased, a carburettor is fitted with :",a diffuser,a power jet,an accelerator pump,a mixture control,A
AGK,881,Spark timing is related to engine speed in the way that the:,"faster the engine functions, the more the spark is advanced","slower the engine functions, the more the spark is advanced","faster the engine functions, the further past TDC the spark occurs","faster the engine functions, the more retarded the spark is.",A
AGK,882,"""""Vapor lock"""" is the phenomenon by which:",heat produces vapour plugs in the fuel line.,water vapour plugs are formed in the intake fuel line following the condensation of water in fuel tanks which have not been drained for sometime.,abrupt and abnormal enrichment of the fuel/air mixture following an inappropriate use of carburettor heat.,burnt gas plugs forming and remaining in the exhaust manifold following an overheat and thereby disturbing the exhaust.,A
AGK,883,"The power of a piston engine decreases during climb with a constant power lever setting, because of the decreasing :",air density.,engine temperature.,humidity.,temperature.,A
AGK,884,The conditions under which you obtain the highest engine power are :,cold and dry air at high pressure.,warm and humid air at low pressure.,cold and humid air at high pressure.,warm and dry air at high pressure.,A
AGK,885,The power output of a normally aspirated piston engine increases with increasing altitude at constant Manifold Air Pressure (MAP) and RPM because of the :,lower back pressure.,lower losses during the gas change.,lower friction losses.,leaner mixture at higher altitudes.,A
AGK,886,"During climb with constant Manifold Air Pressure (MAP) and RPM indication and constant mixture setting, the power output of a piston engine :",increases.,decreases.,only stays constant if the speed control lever is pushed forward.,stays constant.,A
AGK,887,The global output of a piston engine is of:(global output = Thermal energy corresponding to the available shaft/power over the total thermal energy produced).,0.30,0.50,0.75,0.90,A
AGK,888,A turbocharger system is normally driven by:,the exhaust system.,an electric motor.,an hydraulic motor.,an electrically activated hydraulically powered clutch.,A
AGK,889,A turbocharger consists of a :,compressor and turbine mounted on a common shaft.,compressor and turbine on individual shafts.,compressor driving a turbine via a reduction gear.,turbine driving a compressor via a reduction gear.,A
AGK,890,The air in a piston engine turbo-supercharger centrifugal compressor :,enters the eye of the impeller and leaves at a tangent to the periphery.,enters via the diffuser and is fed to the impeller at the optimum angle of attack.,enters at the periphery and leaves via the eye of the impeller.,enters at a tangent to the rotor and leaves via the stator.,A
AGK,891,"In a piston engine, turbocharger boost pressure may be monitored by :",a manifold pressure gauge only.,"a cylinder head temperature gauge (CHT), a manifold pressure gauge, and engine rpm readings.",both a CHT gauge and manifold pressure gauge.,both engine rpm readings and a manifold pressure gauge.,A
AGK,892,The primary purpose of a supercharger is to :,maintain power at altitude,increase quantity of fuel at metering jet,provide leaner mixtures at altitudes below 5000 ft,provide a richer mixture at high altitudes,A
AGK,893,The kind of compressor normally used as a supercharger is :,a radial compressor.,an axial compressor.,a hybrid compressor.,a piston compressor.,A
AGK,894,What can be the consequence during a descent with a fully open throttle if the waste gate is seized ?,The manifold air pressure (MAP) value may exceed the maximum allowed value.,The power of the motor will decrease.,The turbine shaft will break.,The turbine blades will separate.,A
AGK,895,One of the advantages of a turbosupercharger is that :,it uses the exhaust gas energy which normally is lost.,it has a better propulsive efficiency.,there is no torsion at the crankshaft.,there is no danger of knocking.,A
AGK,896,The octane rating of a fuel characterises the :,the anti-knock capability,fuel volatility,quantity of heat generated by its combustion,fuel electrical conductivity,A
AGK,897,Fuel stored in aircraft tanks will accumulate moisture. The most practical way to minimize this when an aircraft is used every day or so is to :,keep tanks topped off when the aircraft is not in use,drain tanks at end of each day's flight,use only high octane gasoline,keep tank vents plugged and filler cap tight,A
AGK,898,The octane rating of a fuel and compression ratio of a piston engine have which of the following relations?,"the higher the octane rating is, the higher the possible compression ratio is","the lower the octane rating is, the higher the possible compression ratio is","the higher the octane rating is, the lower the possible compression ratio is.",compression ratio is independent of the octane rating.,A
AGK,899,A piston engine may use a fuel of a different grade than the recommended:,provided that the grade is higher,provided that the grade is lower,never,provided that it is an aeronautical petrol,A
AGK,900,A rich mixture setting has to be used during climb segments. This results in a,lower cylinder head temperature.,higher efficiency.,slight loss of power.,higher torque.,A
AGK,901,Max. Exhaust Gas Temperature is theoretically associated with :,Mass ratio of 1/15.,Cruising mixture setting.,Full rich setting.,Mixture ratio very close to idle cut-out.,A
AGK,902,"For piston engines, mixture ratio is the ratio between the :",mass of fuel and mass of air entering the cylinder.,volume of fuel and volume of air entering the cylinder.,volume of fuel and volume of air entering the carburettor.,mass of fuel and volume of air entering the carburettor.,A
AGK,903,Specific fuel consumption is defined as the :,mass of fuel required to produce unit power for unit time.,designed fuel consumption for a given rpm.,quantity of fuel required to run the engine for one minute at maximum operating conditions.,maximum fuel consumption of the aircraft.,A
AGK,904,"In a piston engine, the purpose of an altitude mixture control is to :",correct for variations in the fuel/air ratio due to decreased air density at altitude.,prevent a weak cut when the throttle is opened rapidly at altitude.,weaken the mixture strength because of reduced exhaust back pressure at altitude.,enrich the mixture strength due to decreased air density at altitude.,A
AGK,905,The mixture control for a carburettor achieves its control by:,varying the fuel supply to the main discharge tube.,moving the butterfly valve through a separate linkage to the main throttle control.,altering the depression on the main discharge tube.,varying the air supply to the main discharge tube.,A
AGK,906,An excessively rich mixture can be detected by :,black smoke from exhaust.,high cylinder head temperatures,white smoke from exhaust.,a long purple flame from exhaust.,A
AGK,907,"When leaning the mixture for the most economic cruise fuel flow, excessive leaning will cause :",high cylinder head and exhaust gas temperature,high engine rpm,low cylinder head and exhaust gas temperature,high manifold pressure,A
AGK,908,The main purpose of the mixture control is to:,adjust the fuel flow to obtain the proper fuel/air ratio,decrease the air supplied to the engine,increase the oxygen supplied to the engine,decrease oxygen supplied to the engine,A
AGK,909,Fuel/air ratio is the ratio between the:,mass of fuel and mass of air entering the cylinder.,volume of fuel and volume of air entering the carburettor.,volume of fuel and volume of air entering the cylinder.,mass of fuel and mass of air entering the carburettor,A
AGK,910,Overheating of a piston engine is likely to result from an excessively :,weak mixture.,rich mixture.,low barometric pressure.,high barometric pressure.,A
AGK,911,"In a piston engine if the ratio of air to fuel, by weight, is approximately 9:1, the mixture is said to be :",rich,weak,too weak to support combustion,normal,A
AGK,912,"For a piston engine, the ideal fuel/air mixture corresponding to a richness of 1 is obtained for a weight ratio of:",1/15 th,1/9 th,1/10th,1/12th,A
AGK,913,"(For this question use appendix )On the attached diagram showing the power output of a piston engine as a function of mixture richness, best economy is at the point marked:",1,2,3,4,A
AGK,914,The richness of a fuel/air mixture ratio is the :,real mixture ratio relative to the theoretical ratio.,mass of fuel relative to the volume of air.,volume of fuel relative to the volume of air.,volume of fuel relative to the mass of the volume of air.,A
AGK,915,The feathering pump of a hydraulic variable-pitch propeller:,"is an electrically driven oil pump, which supplies the propeller with pressure oil, when the engine is inoperative.",is intended to control the pitch setting of the propeller during flight in order to obtain a constant speed.,"controls the propeller, if the speed governor fails.",is driven by the engine and supplies pressure oil to the propeller in case of engine problems.,A
AGK,916,Consider the variable-pitch propeller of a turbo-prop.During deceleration :,"when braking, the propeller supplies negative thrust and absorbs engine power.","at zero power, the propeller thrust is zero and the engine power absorbed is nil.","when feathered, the propeller produces thrust and absorbs no engine power.","with propeller windmilling, the thrust is zero and the propeller supplies engine power.",A
AGK,917,The pitch angle of a constant-speed propeller,increases with increasing true air speed.,only varies with engine RPM.,decreases with increasing true air speed.,is independent of the true air speed.,A
AGK,918,"A propeller blade is twisted, so as to",keep the local Angle of Attack constant along the blade.,avoid the appearance of sonic phenomena.,decrease the blade tangential velocity from the blade root to the tip.,allow a higher mechanical stress.,A
AGK,919,A pilot normally uses the propeller autofeather system during :,Take-off and landing.,Cruise.,Take-off.,Landing.,A
AGK,920,"When increasing true airspeed with a constant engine RPM, the angle of attack of a fixed pitch propeller :",reduces.,increases.,stays constant.,stays constant because it only varies with engine RPM.,A
AGK,921,"When TAS increases, the pitch angle of a constant speed propeller (RPM and MAP levers are not moved) :",increases.,reduces.,first reduces and after a short time increases to its previous value.,stays constant.,A
AGK,922,The main advantage of a constant speed propeller as compared to a fixed pitch propeller is a :,higher efficiency in all operating ranges.,constant efficiency in all operating ranges.,lower propeller blade stress.,higher efficiency in cruising range.,A
AGK,923,To unfeather a propeller during flight you have to :,use the electric unfeathering pump.,manually release the blade latch.,gain speed for aerodynamic unfeathering.,gain speed so as to use the engine unfeathering pump.,A
AGK,924,"In case of engine failure during flight the blades of the constant speed propeller in a single engine aeroplane, not fitted with feathering system",move in the lowest pitch position by the centrifugal force.,move in low pitch position by oil pressure created by the windmilling propeller.,move in a certain pitch position depending on windmilling RPM.,move in the highest pitch position by the aerodynamical force.,A
AGK,925,"For take-off, the correct combination of propeller pitch (1), and propeller lever position (2) at brake release is :",(1) low (2) forward.,(1) low (2) aft.,(1) high (2) aft.,(1) high (2) forward.,A
AGK,926,On a normally aspirated aero-engine fitted with a fixed pitch propeller :,manifold pressure decreases as the aircraft climbs at a fixed throttle setting.,the propeller setting is constant at all indicated airspeeds.,"in level flight, manifold pressure will remain constant when the rpm is increased by opening the throttle.",in a descent at a fixed throttle setting manifold pressure will always remain constant.,A
AGK,927,An asymmetric loading (p-factor) on the propeller exists ..,If the aeroplane has a large angle of attack.,If there is an unbalanced propeller.,Only for counterrotating propeller,Only if the 'constant speed propeller' mechanism is broken.,A
AGK,928,In twin-engine aeroplanes with right turning propellers,the left engine is the critical motor.,the left engine produces a higher yaw moment if the right engine fails than vice versa.,the 'minimum control speed' is determined by the failure of the right engine.,the right engine is the critical motor.,A
AGK,929,"In general, in twin-engine aeroplanes with 'constant speed propeller'",the oil pressure turns the propeller blades towards smaller pitch angle.,the aerodynamic force turns the propeller blades towards higher pitch angle.,the spring force turns the propeller blades towards smaller pitch angle.,the oil pressure turns the propeller blades towards higher pitch angle.,A
AGK,930,"In modern aircraft, a pilot can actuate the feather system by :",pulling the RPM lever backwards.,pushing the RPM lever forward.,pushing the power lever forward.,pulling the power levers backwards.,A
AGK,931,Fixed-pitch propellers are usually designed for maximum efficiency at :,cruising speed,idling,full throttle,take-off,A
AGK,932,"Which of the following qualitative statements about a fixed propeller optimized for cruise condition, is true for the take-off case? The angle of attack of the propeller :",blade is relatively high.,blade is relatively small.,airfoil section is negative.,blades reduces to zero.,A
AGK,933,The 'constant speed propeller' has,only above and below the design point a better efficiency than the fixed propeller with the same design speed.,in general a worse efficiency than the fixed propeller.,only at the design speed a better efficiency than the fixed propeller.,its best efficiency during climb.,A
AGK,934,"What will happen to the geometrical pitch angle of a """"constant speed propeller"""" if the manifold pressure is increased ?",It will increase,It will increase and after a short time it will be the same again,It will decrease so that the engine can increase,It will remain the same,A
AGK,935,The 'slipstream effect' of a propeller is most prominent at:,low airspeeds with high power setting.,high airspeeds with low power setting.,high airspeeds with high power setting.,low airspeeds with low power setting.,A
AGK,936,The pitch angle of a propeller is the angle between the :,reference chord line and the propeller plane of rotation.,propeller reference chord line and the relative airflow.,propeller reference chord line and the extremity of the propeller.,propeller plane of rotation and the relative airflow.,A
AGK,937,"When in flight, a piston engine is stopped and the propeller blade pitch angle is near 90°, the propeller is said to be...",feathered.,windmilling.,transparent.,at zero drag.,A
AGK,938,"During a power change on an engine equipped with a constant speed propeller, a wrong combination of manifold pressure and RPM values results in excessive pressures in the cylinders. This is the case when one simultaneously selects a ...",high manifold pressure and low RPM.,low manifold pressure and high RPM.,high manifold pressure and high RPM.,low manifold pressure and low RPM.,A
AGK,939,"From the cruise, with all the parameters correctly set, if the altitude is reduced, to maintain the same mixture the fuel flow should:",increase,decrease,remain the same,"increase or decrease, depending on the engine type",A
AGK,940,When applying carburettor heating :,the mixture becomes richer.,a decrease in RPM results from the lean mixture.,the mixture becomes leaner.,no change occurs in the mixture ratio.,A
AGK,941,When the pilot moves the mixture lever of a piston engine towards a lean position the :,amount of fuel entering the combustion chamber is reduced.,volume of air entering the carburettor is reduced.,amount of fuel entering the combustion chamber is increased.,volume of air entering the carburettor is increased.,A
AGK,942,"When altitude increases without adjustment of the mixture ratio, the piston engine performance is affected because of a :",decrease of air density for a constant quantity of fuel.,constant air density for a bigger quantity of fuel.,increase of air density for smaller quantity of fuel.,decrease of air density for a smaller quantity of fuel.,A
AGK,943,"When changing power on engines equipped with constant-speed propeller, engine overload is avoided by :",increasing the RPM before increasing the manifold pressure.,adjusting Fuel Flow before the manifold pressure.,reducing the RPM before reducing the manifold pressure.,increasing the manifold pressure before increasing the RPM.,A
AGK,944,"To adjust the mixture ratio of a piston engine when altitude increases, means to:",decrease the fuel flow in order to compensate for the decreasing air density.,decrease the amount of fuel in the mixture in order to compensate for the increasing air density.,increase the amount of fuel in the mixture to compensate for the decreasing air pressure and density.,increase the mixture ratio.,A
AGK,945,The maximum horsepower output which can be obtained from an engine when it is operated at specified rpm and manifold pressure conditons established as safe for continuous operation is termed :,rated power.,maximum power.,take-off power.,critical power.,A
AGK,946,With which instrument(s) do you monitor the power output of an aeroplane fitted with a fixed pitch propeller?,RPM indicator.,RPM and Fuel Flow indicator.,RPM and MAP indicator.,RPM and EGT indicator.,A
AGK,947,An EGT (Exhaust Gas Temperature) indicator for a piston engine is used to :,assist the pilot to settle correct mixture.,control the cylinder head temperature.,control the carburator inlet air flow.,control the fuel temperature.,A
AGK,948,During climb with constant throttle and RPM lever setting (mixture being constant) the :,Manifold Air Pressure (MAP) decreases.,RPM decreases.,Manifold Air Pressure (MAP) increases.,RPM increases.,A
AGK,949,The conditions which can cause knocking are :,High manifold pressure and low revolutions per minute.,High manifold pressure and high revolutions per minute.,Low manifold pressure and high revolutions per minute.,Low manifold pressure and high fuel flow.,A
AGK,950,Which of the following factors would be likely to increase the possibility of detonation occurring within a piston engine ?,using too lean a fuel/air mixture ratio,the use of a fuel with a high octane rating as compared to the use of one with a low octane rating,using an engine with a low compression ratio,slightly retarding the ignition timing,A
AGK,951,"On a a normally aspirated engine (non turbo-charged), the manifold pressure gauge always indicates...",a lower value than atmospheric pressure when the engine is running.,a greater value than atmospheric pressure when the engine is running.,zero on the ground when the engine is stopped.,a value equal to the QFE when the engine is at full power on the ground.,A
AGK,952,Spark plug fouling is more likely to happen if :,the aircraft climbs without mixture adjustment.,the aircraft descends without a mixture adjustment.,power is increased too abruptly.,the engine runs at the authorized maximum continuous power for too long.,A
AGK,953,Pre-ignition refers to the condition that may arise when :,the mixture is ignited by abnormal conditions within the cylinder before the spark occurs at the plug,the mixture is ignited before the piston has reached top dead centre.,a rich mixture is ignited by the sparking plugs.,the sparking plug ignites the mixture too early.,A
AGK,954,"With a piston engine, when detonation is recognised, you:",Reduce manifold pressure and enrich the mixture,Reduce manifold pressure and lean the mixture,Increase manifold pressure and enrich the mixture,Increase manifold pressure and lean the mixture,A
AGK,955,"In a turbo-jet, the purpose of the turbine is to ...",drive the compressor by using part of the energy from the exhaust gases,"clear the burnt gases, the expansion of which provide the thrust",compress the air in order to provide a better charge of the combustion chamber,"drive devices like pumps, regulator, generator.",A
AGK,956,(Use the appendix to answer this question)The gas turbine illustrated is of the following type:,free turbine and centrifugal compressor,free turbine and axial compressor,single shaft turbine and centrifugal compressor,single shaft turbine and axial compressor,A
AGK,957,The purpose of the blow-in-doors at the air inlets is to:,provide the engine with additional air at high power settings and low air speeds.,provide the engine with additional air at high power settings at cruising speed.,feed cooling air to the engine cowling.,serve to increase the relative velocity at the first compressor stage.,A
AGK,958,"In a compressor stage of a jet engine, the sequence is:",rotor - stator,stator - rotor,rotor - rotor - stator,stator - stator - rotor,A
AGK,959,"In a single spool gas turbine engine, the compressor rpm is :",the same as turbine rpm.,independent of turbine rpm.,greater than turbine rpm.,less than turbine rpm.,A
AGK,960,"In the axial flow compressor of a turbo-jet engine, the flow duct is tapered. Its shape is calculated so as to:",maintain a constant axial speed in cruising flight.,maintain a constant axial speed whatever the engine rating.,reduce the axial speed in cruising flight.,"reduce the axial speed, whatever the engine rating.",A
AGK,961,The compressor surge effect during acceleration is prevented by the :,Fuel Control Unit (F.C.U.).,inlet guide vanes.,surge bleed valves.,variable setting type nozzle guide vanes.,A
AGK,962,"Concerning the centrifugal compressor, the compressor diffuser is a device in which the:",pressure rises and velocity falls.,pressure rises at a constant velocity.,"velocity, pressure and temperature rise.",velocity rises and pressure falls.,A
AGK,963,The fan in a high by-pass ratio turbo-jet engine produces:,the greater part of the thrust.,half the thrust.,the lesser part of the thrust.,none of the thrust.,A
AGK,964,"In a gas turbine engine, compressor blades, which are not rigidly fixed in position when the engine is stationary, take up a rigid position when the engine is running due to :",the resultant of aerodynamic and centrifugal forces.,oil pressure.,thermal expansion.,blade creep.,A
AGK,965,The primary purpose of the bleed valves fitted to axial flow compressors is to :,reduce the likelihood of compressor stall.,control the acceleration time of the engine.,spill compressor air should the engine overspeed thus controlling the speed.,enable an external air supply to spin up the compressor for engine starting.,A
AGK,966,The disadvantages of axial flow compressors compared to centrifugal flow compressors are :1 - expensive to manufacture2 - limited airflow3 - greater vulnerability to foreign object damage4 - limited compression ratioThe combination of correct answers is :,03-Jan,02-Jan,03-Fev,04-Fev,A
AGK,967,A stage in an axial compressor:,is made of a rotor disc followed by a row of stator blades,has a compression ratio in the order of 2.1,is made of row of stator blades followed by a rotor disc,has a compression ration in the order of 0.8,A
AGK,968,"In a gas turbine engine, the maximum gas temperature is attained:",within the combustion chamber.,across the turbine.,in the cooling airflow around the flame tube.,at the entry to the exhaust unit.,A
AGK,969,When the combustion gases pass through a turbine the :,pressure drops.,pressure rises.,velocity decreases.,temperature increases.,A
AGK,970,"In the stator of a turbine, the speed V and static pressure Ps vary as follows:","V increases, Ps decreases.","V decreases, Ps increases.","V increases, Ps increases.","V decreases, Ps decreases.",A
AGK,971,An impulse turbine is a turbine in which the expansion takes place:,fully in the stator.,fully in the rotor.,in the stator and in the rotor.,in order to produce a degree of jet propulsion < 1/2.,A
AGK,972,"A """"fan"""" stage of a ducted-fan turbine engine is driven by:",the low pressure turbine.,the high pressure compressor through reduction gearing.,the high pressure turbine.,airflow drawn across it by the high pressure compressor.,A
AGK,973,In a free turbine engine:,there is no mechanical connection between the compressor and the power output shaft.,its shaft may be connected to either a compressor or another turbine.,the air enters the compressor via the input turbine.,the compressor and power output shaft are mechanically connected.,A
AGK,974,The primary reason for a limitation being imposed on the temperature of gas flow is to :,ensure that the maximum acceptable temperature at the turbine blades is not exceeded.,prevent damage to the jet pipe from overheating.,prevent overheating and subsequent creep of the nozzle guide vanes.,ensure that the maximum acceptable temperature within the combustion chamber is not exceeded.,A
AGK,975,"Turbine blade stages may be classed as either """"impulse"""" or """"reaction"""". In an impulse blade section :",the pressure drops across the nozzle guide vanes and remains constant across the rotor blades .,the pressure rises across the nozzle guide vanes and remains constant across the rotor blades .,the pressure remains constant across the nozzle guide vanes and drops across the rotor blades .,the pressure remains constant across the nozzle guide vanes and rises constant across the rotor blades .,A
AGK,976,"For a fan jet engine, the by-pass ratio is the:",external airflow mass divided by the internal airflow mass,internal airflow mass divided by the external airflow mass,internal airflow mass divided by the fuelflow mass,fuelflow mass divided by the internal airflow mass,A
AGK,977,A reverse thrust door warning light on the flight deck instrument panel illuminates when:,the reverser doors are unlocked.,the reverser doors are locked.,reverse has been selected but the doors have remained locked.,the reverser doors have moved to the reverse thrust position.,A
AGK,978,"At constant fuel flow, if engine compressor air is bled off for engine anti-icing or a similar system, the turbine temperature:",will rise.,will be unchanged.,may rise or fall depending on which stage of the compressor is used for the bleed and the rpm of the engine at the moment of selection.,will fall.,A
AGK,979,"If air is tapped from a gas turbine HP compressor, the effect on the engine pressure ratio (EPR) and the exhaust gas temperature (EGT) is that :",EPR decreases and EGT increases.,both EPR and EGT decrease.,EPR decreases and EGT remains constant.,EPR remains constant and EGT increases.,A
AGK,980,Using compressor bleed air to power systems:,decreases aircraft performance,has no influence on aircraft performance,increases aircraft performance,is limited to the phases of take-off and landing,A
AGK,981,The accessory units driven by the accessory gearbox of a turbo-jet engine are the :1. tacho-generator N12. tacho-generator N23. thrust reverser pneumatic motors4. AC generator and its Constant Speed Unit (CSD)5. oil pumps6. hydraulic pumps7. high pressure fuel pumpsThe combination regrouping all the correct statements is :,"1, 4, 5, 6, 7.","2, 3, 4, 5, 6, 7.","2, 4, 5, 6.","4, 5, 6, 7.",A
AGK,982,The use of igniters is necessary on a turbo-jet:1 - throughout the operating range of the engine2 - for accelerations3 - for ground starts4 - for in-flight relights5 - during turbulence in flight6 - under heavy precipitation or in icing conditionsThe combination which regroups all of the correct statements is :,3 - 4 - 5 - 6,3,2002-03-04,1,A
AGK,983,"For a turbine engine, the term self-sustaining speed relates to the speed at which the engine :",will run without any external assistance.,is designed to idle after starting.,operates most efficiently in the cruise..,will enable the generators to supply bus-bar voltage.,A
AGK,984,An impulse coupling does not function at such speeds above those encountered in starting. Its engaging pawls are prevented from operating at higher speeds by,centrifugal force,engine oil pressure,a coil spring,electro-magnetic action of operating magneto.,A
AGK,985,"A """"hung start"""" is the failure of an engine to accelerate to its normal idle speed. It may be caused by:",an attempt to ignite the fuel before the engine has been accelerated sufficiently by the starter.,compressor surging.,the starter cutting out early in the starting sequence before the engine has accelerated to the required rpm for ignition.,failure of the fuel to ignite in the starting sequence after the engine has been accelerated to the required rpm by the starter.,A
AGK,986,The pressure usually produced by the Boost Pumps (BP) of the fuel supply system is within the following range:,20 to 50 psi,5 to 10 psi,3000 to 5000 psi,300 to 500 psi,A
AGK,987,The purpose of the barometric correction in a fuel controller is to:,maintain the correct weight fuel to air ratio when the altitude increases.,reduce the fuel-to-air ratio when altitude increases.,increase the fuel-to-air ratio when altitude increases.,maintain a constant fuel metering whatever the altitude.,A
AGK,988,"(For this question use annex 021-4008A)Reference should be made to the fuel sypply system shown in annex.In flight, with center tank empty and APU operating, a fuel unbalance is detected (quantity in tank 1 < quantity in tank 2).Rebalancing of the two tanks is:","possible with """"CROSSFEED"""" open and tank 1 pumps """"OFF"""" and tank 2 pumps """"ON"""".",impossible without causing the APU stop.,"possible with """"CROSSFEED"""" open and tank 2 pumps """"OFF"""".",impossible because there is no fuel in center tank.,A
AGK,989,"In a gas turbine engine, the power changes are normally made by controlling the amount of:",fuel supplied.,air entering the compressor.,air leaving the compressor by the opening or closing of bleed valves.,air entering the compressor and fuel entering the combustion chambers.,A
AGK,990,"In a fuel system, the oil to fuel heat exchanger allows:",jet engine oil cooling through thermal exchange with fuel flowing from tanks.,fuel cooling so as to prevent vapour creation likely to unprime nozzles.,fuel heating as required whenever fuel filter clogging is detected.,automatic fuel heating by the engine oil so as to prevent icing in fuel filter.,A
AGK,991,The reason for having a low pressure fuel-cooled oil cooler in a recirculatory type oil system is to:,cool the oil and heat the fuel.,cool the oil only.,cool both the oil and the fuel.,heat the fuel only.,A
AGK,992,"In very cold weather, the pilot notices during startup, a slightly higher than normal oil pressure.This higher pressure :","is normal, if it decreases after startup.",is abnormal and requires the engine to be shut down.,is abnormal but does not require the engine to be shut down.,requires an oil change.,A
AGK,993,"The fuel temperature, at which, under standard conditions, the vapour ignites in contact with a flame and extinguishs immediately, is the:",flash point,combustion point,fire point,self ignition point,A
AGK,994,An engine pressure ratio (EPR) gauge reading normally shows the ratio of:,jet pipe pressure to compressor inlet pressure.,jet pipe pressure to combustion chamber pressure.,combustion chamber pressure to compressor inlet pressure.,compressor outlet pressure to compressor inlet pressure.,A
AGK,995,"The thrust of a turbo-jet, at the selection of full power :1 - equals the product of the exhaust gas mass flow and the exhaust gas velocity2 - is obtained by pressure of the exhaust gas on the ambient air3 - is equivalent to zero mechanical power since the aeroplane is not moving4 - is independant of the outside air temperatureThe combination which regroups all of the correct statements is :",03-Jan,02-Jan,03-Fev,4,A
AGK,996,"Consider a jet engine whose control is based on the Engine Pressure Ratio (EPR):1. with a constant EPR, the thrust decreases when the altitude increases2. with a constant EPR, the thrust is independent of the Mach number3. At same environmental conditions, a given EPR setting maintains the thrust irrespective of engine wear due to ageing.4. the EPR is determined by the impact pressure difference between the turbine outlet and the compressor inlet5. on take-off, in the event of icing not detected by the crew, the indicated EPR is lower than the real EPRThe combination regrouping all the correct statements is :","1, 3.","2, 3, 4.","3, 4, 5.","1, 5.",A
AGK,997,The Engine Pressure Ratio (EPR) is the ratio of:,the total turbine outlet pressure to the total compressor inlet pressure.,the total turbine outlet pressure to the total compressor outlet pressure.,the total turbine inlet pressure to the total compressor inlet pressure.,the total turbine inlet pressure to the total compressor outlet pressure.,A
AGK,998,"The control of free turbine engines on turboprops, is accomplished by:- a propeller control lever used to select: 1 - propeller RPM 2 - turbine temperature 3 - turbine RPM- a fuel control lever used to select: 4 - propeller RPM 5 - torque 6 - turbine temperature The combination which regroups all of the correct statements is :",2001-05-06,2001-03-05,2003-04-06,2002-04-05,A
AGK,999,"On the ground, the Auxiliary Power Unit (APU) can be substituted for the:","ground power unit, the starting system, the air conditioning unit.","ground power unit, the air conditioning unit.","ground power unit, the starting system.",ground power unit.,A
AGK,1000,A modern Auxiliary Power Unit (APU) is designed to provide power for ground starting of an engine. It also supplies both in the air (subject to certification limitations) and on the ground :,air conditioning and electrical services.,air conditioning and thrust in the event of engine failure.,"either air conditioning or electrical services, but never both at the same time.",air conditioning and electrical services (on the ground) electrical and hydraulic back-up services (in the air).,A
AGK,1001,"In addition to fire detention/protection, most auxiliary power units (APUs) have automatic controls for stating, stopping and maintaining operation within safe limits. These controls provide correct sequencing of the starting cycle as well as protection against :","high turbine gas temperature (TGT), overspeed, loss of oil pressure and high oil temperature.",high TGT and loss of oil pressure only.,overspeed and high oil temperature only.,high TGT only.,A
AGK,1002,Some emergency exits must be equipped with devices so as to help the occupants to get out and reach the ground if their threshold is at a height above the ground greater than:,"6 ft, aeroplane on the ground, landing gear extended.","6 ft, aeroplane on the ground, one main gear or nose gear collapse.","8 ft, aeroplane on the ground, one main gear or nose gear collapse.","8 ft, aeroplane on the ground, landing gear extended.",A
AGK,1003,The number of emergency exits in transport aeroplanes,must be arranged to allow all passengers and all crew members to leave the aeroplane within 90 sec. through 50 % of the available emergency exits.,must be arranged to allow at least 50 % of all passengers to leave the aeroplane within 2 minutes.,depends on the decision of the manufacturer in agreement with the operator.,must be in accordance with the number of passengers on board.,A
AGK,1004,A manual inflation handle:,serves to actuate inflation of a slide when automatic inflation fails,serves to inflate a life jacket when the normal inflation function fails,operates a hand pump for manual inflation of a slide,is generally not applied on slides.,A
AGK,1005,The purpose of the proximity of the emergency evacuation path marking system is to :,replace the overhead emergency lighting during an emergency evacuation with a thick smoke.,replace the overhead emergency lighting in case of failure.,mark only the exits at the floor level.,to be used only at night.,A
AGK,1006,An exit is considered to be out of service when the following elements are inoperative the:1. external door opening mechanism2. internal door opening mechanism3. door opening aid device4. open door locking system5. auxiliary means of evacuation6. emergency lightingThe combination regrouping all the correct statements is:,"1, 2, 3, 4, 5, 6","1, 2, 5, 6","2, 3, 4, 6","1, 3, 4, 5",A
AGK,1007,Evacuation slide inflation is ensured by :,a pressurized gas canister combined with the slide itself.,the aircraft's general pneumatic circuit.,"a manual pump, used when needed by the cabin crew.",pressurized air from the air conditioning system.,A
AGK,1008,Smoke detector systems are installed in the,upper cargo compartments (class E).,wheel wells.,engine nacelles.,fuel tanks.,A
AGK,1009,Ion detectors are devices used in aircraft for systems protection. They detect :,smoke.,overtemperature.,fire.,overtemperature and fire.,A
AGK,1010,Smoke detectors fitted on transport aircraft are of the following type :,optical or ionization,chemical,electrical,magnetic,A
AGK,1011,"(For this question use annex 021-10164A)The smoke detection in the aircraft cargo compartments is carried out by four sensors: C1, C2, C3 and C4.They are associated with the logic circuit as described in the annex.The repeating bell is activated when:",the C1 and C2 sensors detect smoke.,the C1 and C3 sensors detect smoke.,only one sensor detects smoke.,the C2 and C4 sensors detect smoke.,A
AGK,1012,When a continuous element of a fire detection system is heated:1. its resistance decreases.2. its resistance increases.3. the leakage current increases.4. the leakage current decreases.The combination regrouping all the correct statements is :,"1, 3","2, 3","1, 4","2, 4",A
AGK,1013,A fault protection circuit in a fire detection system will:,inhibit the fire detector when the detection line is connected to ground.,activate the fire detection system when the detection line is connected to ground.,automatically initiate APU shutdown and fire extinguisher striker activation in the event of fire.,activate an alarm in the cockpit and in the landing gear bay for ground crew.,A
AGK,1014,"In a fire detection system with single-loop continuous components (with no fault protection), if the line is accidently grounded:",the fire alarm is triggered.,the power supply is cut off automatically.,there will be no effect on the system,the engine fire extinguisher striker is automatically activated.,A
AGK,1015,When a wire type fire system is tested:,the wiring and the warning are tested.,Only the warning function is tested.,a part of the wire is totally heated.,the wire is totally heated.,A
AGK,1016,A gaseous sensor/responder tube fire sensor is tested by,heating up the sensor with test power connection.,checking the continuity of the system with a test switch.,checking the wiring harness for faults but not the sensor.,checking the sensor with pressurized gas.,A
AGK,1017,In transport aeroplanes overheat detection systems are installed in the:,landing gear bays / wheel wells.,cabin.,fuel tanks.,tyres.,A
AGK,1018,The indication of the fire detection systems is performed by a:,warning light and a warning bell (or aural alert).,warning bell.,warning light.,gear warning.,A
AGK,1019,On a multi-engined aircraft a fire detection system includes :,a warning light for each engine and a single alarm bell common to all engines,a single warning light but a separate alarm bell for each engine,a single warning light and a single alarm bell,both a warning light and an alarm bell unique to each engine,A
AGK,1020,"In order to enable a fire to be controlled as quickly as possible, the fire detectors are located in the highest risk compartments. Theses compartments are :1. the main landing gear wheel wells2. the fuel tanks3. the oil tanks4. the auxiliary power unit5. around the enginesThe combination regrouping all the correct statements is:","1,4,5","2,3","2,5","1,2,3,4,5",A
AGK,1021,Continuous loop fire detector systems operate on the principle that an increase in temperature produces :,a decrease in resistance,an increase in resistance,a decrease in the reference current,a decrease in pressure,A
AGK,1022,A Continuous-Loop-Detector-System is a:,Fire detection system,Smoke detection system,Carbon dioxide warning system,Fire fighting system,A
AGK,1023,"On an aircraft provided with resistance and capacitance variation type fire detection loops, a fire alarm is initiated by a temperature increase detected:",at any isolated point of the loops or else generally on all the loops,only at an isolated point of the loops,only in a uniform way along the loops,on at least one loop,A
AGK,1024,"When a bimetallic strip is used as a switch in a fire detection loop, a fire alarm is triggered after a delay. The purpose of this delay is to:",avoid false alarms in case of vibrations,allow temperatures to equalise,delay the triggering of the fire extinguinshers and increase their efficiency,wait for the triggering of the second fire detection loop in order to confirm the fire,A
AGK,1025,The most common extinguishing agent used in gas turbine engine fire protection system is:,Freon.,Water.,CO2.,Powder.,A
AGK,1026,"If inflammable gaseous materials, like propane for example, are set on fire, the following extinguisher types should be used for fire fighting:",BCF and CO2 type extinguishers,Water type extinguishers,Dry and water type extinguishers,CO2 and water type extinguishers,A
AGK,1027,The most suitable means for extinguishing a magnesium fire on the ground is :,sand.,water.,carbon dioxide.,freon.,A
AGK,1028,"In the cockpit of a transport airplane, at least one manual fire-extinguisher must be conveniently located containing :",halon.,powder.,water.,special fluids.,A
AGK,1029,"(For this question use annex 021-9377A)When fire is detected on engine n°2, the fire shutoff handle n°2 is pulled and the extinguishing agent n°1 is discharged. This results in :",the discharge of fire extinguisher bottle n°1 and illumination of the DISCH (discharge) indicator lamp,the discharge of fire extinguisher bottle n°1 and illumination of the DISCH indicator lamp of agent n°1 on both engines,the discharge of fire extinguisher bottle n°1 and illumination of the DISCH indicator lamp of agent n°1 on engine no. and DISCH indicator lamp of agent n°2 on engine n°1,the discharge of fire extinguisher bottle n°2 and illumination of the DISCH indicator lamp of agent n°1 on engine n°1 and agent n°2 on engine n°2,A
AGK,1030,"Generally, when the fire handle of the fire-extinguishing system on an aircraft is pulled, the effects are :1. closing of the LP valve of the fuel system2. opening of the air bleed valves and HP valves on the engine concerned3. setting of extinguishing systems4. closing of the isolation and de-icing valves5. isolation of the associated electric current generators6. immediate discharge of extinguishing agentThe combination regrouping all the correct statements is:","1,3,4,5","1,2,5,6","2,3,4,5","1,3,4",A
AGK,1031,"With engine fire alarm activated, the extinguisher discharge:",is the pilot's task,is automatic and immediate,is automatic after a delay to allow the pilot to stop the engine,does not need the engine to be stopped,A
AGK,1032,The main feature of BCF fire extinguishers is that they :,act as flame inhibitors by absorbing the air's oxygen.,use the cooling effect created by the venturi during discharge.,are electrical conductors.,are highly corrosive particularly for aluminium alloys.,A
AGK,1033,An airplane whose maximum approved passenger seating configuration is 7 to 30 seats must be equipped with at least:,1 hand fire-extinguisher conveniently located in the passenger compartment.,2 hand fire-extinguishers conveniently located in the passenger compartment.,3 hand fire-extinguishers conveniently located in the passenger compartment.,4 hand fire-extinguishers conveniently located in the passenger compartment.,A
AGK,1034,An airplane whose maximum approved passenger seating configuration is 31 to 60 seats must be equipped with at least:,2 hand fire-extinguishers conveniently located in the passenger compartment.,3 hand fire-extinguishers conveniently located in the passenger compartment.,4 hand fire-extinguishers conveniently located in the passenger compartment.,5 hand fire-extinguishers conveniently located in the passenger compartment.,A
AGK,1035,An airplane whose maximum approved passenger seating configuration is 61 to 200 seats must be equipped with at least:,3 hand fire-extinguishers conveniently located in the passenger compartment.,2 hand fire-extinguishers conveniently located in the passenger compartment.,4 hand fire-extinguishers conveniently located in the passenger compartment.,5 hand fire-extinguishers conveniently located in the passenger compartment.,A
AGK,1036,An airplane whose maximum approved passenger seating configuration is 201 to 300 seats must be equipped with at least:,4 hand fire-extinguishers conveniently located in the passenger compartment.,3 hand fire-extinguishers conveniently located in the passenger compartment.,5 hand fire-extinguishers conveniently located in the passenger compartment.,6 hand fire-extinguishers conveniently located in the passenger compartment.,A
AGK,1037,An airplane whose maximum approved passenger seating configuration is 301 to 400 seats must be equipped with at least:,5 hand fire-extinguishers conveniently located in the passenger compartment.,4 hand fire-extinguishers conveniently located in the passenger compartment.,6 hand fire-extinguishers conveniently located in the passenger compartment.,3 hand fire-extinguishers conveniently located in the passenger compartment.,A
AGK,1038,An airplane whose maximum approved passenger seating configuration is 401 to 500 seats must be equipped with at least:,6 hand fire-extinguishers conveniently located in the passenger compartment.,5 hand fire-extinguishers conveniently located in the passenger compartment.,7 hand fire-extinguishers conveniently located in the passenger compartment.,8 hand fire-extinguishers conveniently located in the passenger compartment.,A
AGK,1039,An airplane whose maximum approved passenger seating configuration is 501 to 600 seats must be equipped with at least:,7 hand fire-extinguishers conveniently located in the passenger compartment.,8 hand fire-extinguishers conveniently located in the passenger compartment.,6 hand fire-extinguishers conveniently located in the passenger compartment.,5 hand fire-extinguishers conveniently located in the passenger compartment.,A
AGK,1040,An airplane whose maximum approved passenger seating configuration is greater than 600 seats must be equipped with at least:,8 hand fire-extinguishers conveniently located in the passenger compartment.,9 hand fire-extinguishers conveniently located in the passenger compartment.,7 hand fire-extinguishers conveniently located in the passenger compartment.,6 hand fire-extinguishers conveniently located in the passenger compartment.,A
AGK,1041,An airplane whose maximum approved passenger seating configuration is greater than 60 seats must be equipped with at least:,3 HALON 1211 fire-extinguishers.,2 HALON 1211 fire-extinguishers.,4 HALON 1211 fire-extinguishers.,1 HALON 1211 fire-extinguisher.,A
AGK,1042,"In accordance with JAR-OPS 1, an airplane whose maximum take-off mass exceeds 5 700 kg or whose maximum approved passenger seating configuration is greater than 9 seats and smaller than 200 seats must be equipped with a:",crash axe or a crow-bar in the pilot compartment.,crash axe and a crow-bar in the passenger compartment.,crash axe in the cockpit and a crow-bar in the passenger compartment.,crow-bar in the cockpit and a crash axe in the passenger compartment.,A
AGK,1043,"In accordance with JAR-OPS 1, an airplane must be equipped with equipment or systems at each emergency exit that allow to reach the ground safely in the case of an emergency when the sill height of the passenger emergency exit is higher than:","1,83 m.","1,80 m.","1,86 m.","1,89 m.",A
AGK,1044,"In accordance with JAR-OPS 1, during and following an emergency descent, each occupant of the cockpit seats on duty must have access to a minimum amount of oxygen in:1. order to maintain a supply throughout the entire flight time where the cabin altitude pressure is greater than 13000 ft.2. order to maintain a supply throughout the entire flight time where the cabin altitude pressure is greater than 10000 ft and smaller than 13000 ft minus 30 minutes.3. no case less than 30 minutes for airplanes certified to fly up to 25000 ft.4. no case less than 2 hours for airplanes certified to fly at over 25000 ft.The combination regrouping all the correct statements is:","1, 2, 3 et 4.","1, 2.","1, 2, 4.","1,4.",A
AGK,1045,"In accordance with JAR-OPS 1, the minimum requirement for the survival oxygen needed to supply 100 % of the passengers during and following an emergency descend is:","10 minutes or the entire flight time where the cabin pressure altitude is above 15000 ft, whichever is the greater.",30 minutes.,the entire flight time where the cabin pressure altitude is above 13000 ft.,the entire flight time where the cabin pressure altitude is above 10000 ft minus 30 minutes.,A
AGK,1046,The oxygen masks have dropped down from the passengers service units. The oxygen flow starts :,after pulling the oxygen mask downwards,immediately,only above FL200,After the system has been switched on by a crew member,A
AGK,1047,"A public transport jet aeroplane may be operated up to FL 450. The cabin includes 180 passenger seats, made up of 30 rows (3 seats from each side of central aisle). The minimum number of cabin oxygen masks for this aeroplane must be:",198 (110% of the seating capacity).,270 (150% of the seating capacity).,240 (one additional mask per seat block).,210 (one additional mask per seat row).,A
AGK,1048,"When quick donning masks are in use, the pilot is:",able to radiotelephone.,only able to receive.,only able to transmit.,not able to do any radio communication.,A
AGK,1049,"In a pressurized aircraft, the first-aid (therapeutic) oxygen is designed to:",give medical assistance to passengers with pathological respiratory disorders.,protect the flight crew and cabin attendants against fumes and noxious gases.,protect all the occupants against the effects of accidental depressurisation.,"protect certain passengers, and is only carried on board for these people.",A
AGK,1050,An aircraft is scheduled to fly from PARIS to MARSEILLE at FL 390 and has the following characteristics:Maximum permissible number of passenger specified by the certificate of airworthiness= 230Number of seats on board= 200Scheduled number of passengers on board= 180The minimum number of inhaler systems provided in the aircraft cabin should be:,220.,230.,200.,180.,A
AGK,1051,From which flight level do the regulations require a quick donning type oxygen mask for the flight crew in a pressurized aircraft ?,FL 250.,FL 300.,FL 390.,FL 100.,A
AGK,1052,What is breathed in when using a passenger oxygen mask?,Cabin air and oxygen.,100% oxygen.,Cabin air and oxygen or 100% oxygen.,A mixture of oxygen and freon gas.,A
AGK,1053,"The safety precautions to be taken whenever using oxygen are:1. refrain from smoking, avoid sparkes.2. Avoid operation of radio communication equipment.3. Slowly operate oxygen system valves.4. Avoid greasy matter.The combination regrouping all the correct statements is :","1, 3, 4.","1, 2, 3.","2, 3, 4.","1, 2, 4.",A
AGK,1054,"The opening of the doors giving access to the oxygen masks for the passengers is :1. pneumatic for the gaseous oxygen system,2. electrical for the chemical oxygen system,3. pneumatic for the chemical oxygen system,4. electrical for the gaseous oxygen system.The combination regrouping all the correct statements is:","1, 2","1, 3","2, 3","2, 4",A
AGK,1055,The state in which the breathing oxygen for the cockpit of jet transport aeroplanes is stored is :,Gaseous.,Chemical compound.,Liquid.,Gaseous or chemical compound..,A
AGK,1056,If the maximum operating pressure of the oxygen system is exceeded the:,oxygen is discharged overboard via a safety plug.,oxygen becomes unusable for the passengers.,passenger oxygen masks will drop down.,oxygen bottles will explode.,A
AGK,1057,The purpose of a diluter demand regulator in an oxygen system is to :,deliver oxygen flow when inhaling.,deliver oxygen flow only above FL 100.,is only recommended with smoke in the cockpit.,mix air and oxygen in a passenger oxygen mask.,A
AGK,1058,The built-in passenger oxygen system be activated by :,switching the passenger oxygen ON.,switching the diluter demand regulator ON.,opening the oxygen-bottle valves.,switching the diluter demand regulator and the passenger oxygen ON.,A
AGK,1059,The passenger oxygen mask will supply :,a mixture of cabin air and oxygen.,100 % oxygen.,a mixture of compressed air and oxygen or 100 % oxygen.,a mixture of oxygen and freon gas.,A
AGK,1060,The chemical oxygen generator is a system:1. which is inexpensive2. requiring no external input3. which is lightweight4. requiring no maintenance5. with adjustable flow rate6. which is unsafeThe combination regrouping all the correct statements is:,"1, 3, 4","2, 3, 6","1, 4, 6","2, 4, 5",A
AGK,1061,Consider the flight deck oxygen supply system. The purpose of the oxygen regulator (as a function of demand and altitude) is to:1. decrease oxygen pressure from 1800 PSI (in the bottles) down to about 50-75 PSI (low pressure system)2. supply pure oxygen3. supply diluted oxygen4. supply oxygen at normal pressure5. supply oxygen at emergency/positive pressure6. trigger the continuous cabin altitude warning at 10000 ft cabin altitudeThe combination regrouping all the correct statements is:,"2, 3, 4, 5","3, 4, 5, 6","1, 2, 3, 4","1, 3, 4, 6",A
AGK,1062,A public transport aircraft is operated at FL 390. The total number of oxygen dispensing units and outlets in the cabin must be at least the same as the total number of :,seats exceeded by 10%.,seats.,passengers.,passengers exceeded by 10%.,A
AGK,1063,"A public transport aircraft has a cruising altitude of FL 390. It is fitted with individual oxygen masks for the passengers. In the event of depressurisation, the masks must be automatically released before the cabin pressure altitude exceeds:",15000 ft.,13000 ft.,12000 ft.,14000 ft.,A
AGK,1064,Above what flight level must one pilot wear an oxygen mask at all times during commercial flight.,410.,300.,250.,490.,A
AGK,1065,A diluter demand oxygen regulator :,delivers oxygen flow when inhaling.,delivers oxygen flow only above FL 100.,is only recommended for use with smoke in the cockpit.,mixes air and oxygen in a passenger oxygen mask.,A
AGK,1066,A jet aircraft is certified for the carriage of 120 passengers. 42 passenger are on board and the expected Flight Level on route Paris-Alger is FL 330. The first aid oxygen to be on board at departure shall provide breathing supply for at least:,1 passenger for the entire flight after cabin depressurization at cabin altitude of more than 8000 ft.,no first aid required.,1 passenger for the entire flight after cabin depressurization at cabin altitude between 10000 and 14000 ft.,3 passengers for the entire flight after cabin depressurization at cabin altitude between 10000 and 14000 ft.,A
AGK,1067,"As regards passengers oxygen in public transport aircraft, information must be given to passengers through a demonstration. If a flight is to be carried out at Flight Level FL 290, this demonstration must be completed before :",take-off.,the aircraft reaches FL 100.,the aircraft reaches FL 140.,the aircraft reaches FL 250.,A
AGK,1068,"In jet transport aircraft, breathing oxygen for the cockpit is stored in the following state:",gaseous.,liquid.,chemical.,chemical or gaseous.,A
AGK,1069,Oxygen systems are systems used on pressurized airplanes in :1. an emergency in the case of depressurization.2. an emergency in the case of the indisposition of a passenger.3. normal use in order to supply oxygen to the cabin.5. an emergency in the case of smoke or toxic gases.The combination regrouping all the correct statements is:,"1,4","1, 2, 4",3,"2, 3",A
AGK,1070,Modern pressurized transport airplanes are equipped with :,"two independent oxygen systems, one supplying the cockpit, the other the cabin.",only one oxygen system supplying the whole aircraft.,two oxygen systems both supplying the cockpit and the cabin.,only portable oxygen bottles.,A
AGK,1071,"Generally speaking when the oxygen flows to the masks in the passenger cabin, the system is activated by","firmly pulling the mask towards the face, after the cover has opened.",activating the relevant switch in the cockpit.,firmly pulling the cover behind which the oxygen mask is stowed.,pushing the mask against the face and breath normally.,A
AGK,1072,A pressurized aeroplane is operated at FL 300. It undergoes a rapid decompression so that the pressure in the cabin goes quickly down to the outside pressure value. What happens concerning the oxygen system ?,the oxygen masks are automatically presented to cabin crew members and passengers,the oxygen masks are automatically presented to flight crew members,"if the automatic mask presentation has been activated, the oxygen will flow within the first 3 minutes","manual override of the automatic presentation of passenger oxygen masks is, generally speaking, not possible",A
AGK,1073,A substance which may never be used in the vicinity or on parts of an oxygen installation is :,Grease,Water,Halon,Nitrogen,A
AGK,1074,"The type of a aircraft oxygen system intended for use by passengers, is mostly :",a continuous flow system,a pressure demand system,portable equipment only,an air recycle system,A
AGK,1075,"The demand valve of a diluter-demand type oxygen regulator in normal mode, operates when the :",user breathes in,diluter control is in normal position,user requires 100 percent oxygen,pressure in the oxygen reservoir is more than 500 psi,A
AGK,1076,"The purpose of the """"Pressure Relief Valve"""" in a high pressure oxygen system is to :",relieve overpressure if the pressure reducing valve malfunctions,reduce pressure in the oxygen reservoir to a suitable manifold pressure for the regulator,act as a manual shut-off valve,maximize the charging pressure of the system,A
AGK,1077,The purpose of the first aid oxygen is to:,provide some passengers with additional respiratory assistance after an emergency descent following a depressurization.,provide the cabin attendants with respiratory protection.,supply all the passengers in case of depressurization.,provide the flight crew with respiratory assistance after depressurization.,A
AGK,1078,The survival oxygen is:,the oxygen supplied to the airplane occupants in case of accidental depressurization.,the oxygen supplied to a passenger who needs oxygen for pathological reasons.,the oxygen used for protection against smoke and carbon dioxide.,a therapeutical oxygen specifically carried for certain passengers.,A
AGK,1079,Airliners are equipped with oxygen systems. It can be said that :,"with setting on """"NORMAL"""", the crew breathes a mixture of oxygen / cabin air.",the same circuit is used by the crew and the passengers.,the seals must be carefully greased to avoid sparks.,the passenger circuit never uses chemically generated oxygen.,A
AGK,1080,"An oxygen regulator has 3 controls :- a power lever : ON/OFF- an """"O2"""" lever : NORMAL/100%- an emergency lever : ON/OFFAmong the following statements, the correct proposition is :","the power lever on ON, and, the """"O2"""" lever on NORMAL allows the oxygen to enter the regulator and enables breathing of a mixture of air/oxygen according to altitude.",the EMERGENCY lever on ON enables breathing of pure oxygen at ambient pressure.,"the """"O2"""" lever on ON enables breathing of the over-pressure oxygen at a constant flow rate.","with the EMERGENCY lever on OFF, in an emergency situation, one cannot use the oxygen mask to breathe.",A
AGK,1081,The operations of an airline plan the operation of a pressurized aircraft at a 240 flight level on its whole route with 150 passengers on board.As concerns the regulatory requirements about oxygen:1. each crew member will have available a quick fitting inhaler device.2. the aircraft will be equipped with a warning system indicating that the cabin altitude is higher than 3 000 m.3 . the quantity of oxygen on board will be sufficient for the supply of 100 % of the occupants during the whole flight time above the flight level 150 after an eventual depressurization.4. the first aid quantity of oxygen will be sufficient for the supply of two passengers during the whole flight time when the cabin altitude is greater than 8 000 feet.The combination regrouping all the correct statements is:,"2,3","1,2,3,4",2,"3,4",A
AGK,1082,"When selected to normal, the oxygen proportion of the air/oxygen mixture supplied by the cockpit oxygen system regulator:",increases when the altitude increases.,decreases when the altitude increases.,is constant whatever the altitude.,is 100 %.,A
AGK,1083,"In the cabin, when the oxygen mask is pulled downwards, the passenger breathes :",a mixture of oxygen and cabin air.,pure oxygen under pressure.,pure oxygen at the ambient pressure.,cabin air under pressure.,A
AGK,1084,Chemical oxygen generators are used to furnish oxygen to the :,cabin only.,cockpit and the cabin.,cockpit only.,toilets only.,A
AGK,1085,The chemical oxygen generator supplies oxygen for about :,15 minutes.,30 minutes.,2 hours.,5 minutes.,A
AGK,1086,"The advantages of a chemical oxygen source for the passenger cabin are :1. reduced weight and volume,2. easy storage and maintenance,3. greater autonomy,4. no risk of explosion,5. reversible functioning,6. no maintenance.The combination regrouping all the correct statements is:","1, 2, 4, 6","1, 2, 3, 4, 5, 6","2, 3, 5","1, 3, 4, 5",A
AGK,1087,"The disadvantages of a chemical oxygen source for the passenger cabin are :1. a flow which cannot be modulated,2. a heavy and bulky system,3. non reversible functioning,4. risks of explosion,5. poor autonomy.The combination regrouping all the correct statements is:","1, 3, 5","1, 2, 3, 4, 5","2, 4","1, 2, 3, 5",A
AGK,1088,"The advantages of a gaseous oxygen source for the passenger cabin are :1. a greater autonomy,2. no risk of explosion,3. reversible functioning,4. easy storage and maintenance,5. possibility to regulate flow.The combination regrouping all the correct statements is :","1, 3, 5","1, 2, 3, 4, 5","2, 4, 5","2, 3, 4",A
AGK,1089,"When the door operation of a transport airplane equipped with evacuation slides is controlled from the outside, the slide:",is disarmed automatically.,unfolds and becomes inflated.,unfolds but does not become inflated.,becomes inflated in its packboard thus preventing its unfolding.,A
AGK,1090,The equipment of an oxygen supply installation must be kept absolutely free of oil or grease traces as:,these substances catch fire spontaneously in the presence of oxygen under pressure.,the oxygen system would be contaminated.,these substances mixed with oxygen could catch fire in the presence of a spark.,these substances could plug the oxygen masks filters.,A
AGK,1091,A passenger emergency mask is a :,continuous flow mask and cannot be used if there is smoke in the cabin.,mask with flow on request and cannot be used if there is smoke in the cabin.,continuous flow mask and can be used if there is smoke in the cabin.,mask with flow on request and can be used if there is smoke.,A
AGK,1092,A smoke mask is a :,mask with flow on request and covers the whole face.,continuous flow mask and covers the whole face.,mask with flow on request and covers only the nose and the mouth.,continuous flow mask and covers only the nose and the mouth.,A
AGK,1093,"In accordance with JAR-OPS 1, each occupant of the cockpit seats on duty in a non-pressurized airplane must have an oxygen supply reserve for the entire flight time at pressure altitudes greater than:",10000 ft.,12500 ft.,13000 ft.,14000 ft.,A
AGK,1094,"In accordance with JAR-OPS 1, 100 % of the passengers in a non-pressurized airplane must have an oxygen supply reserve for the entire flight time at pressure altitudes greater than:",13000 ft.,10000 ft.,14000 ft.,15000 ft.,A
AGK,1095,"In accordance with JAR-OPS 1, 10 % of the passengers in a non-pressurized airplane must have an oxygen supply reserve for the entire flight time when the cabin altitude pressure is greater than:",10000 ft but not exceeding 13000 ft minus 30 minutes.,13000 ft.,10000 ft.,10000 ft but not exceeding 13000 ft.,A
AGK,1096,"In accordance with JAR-OPS 1, when an airplane flies at over 25000 ft, the total number of oxygen dispensing units and supply terminals must be at least greater than the number of:",seats by 10 %.,passengers by 10 %.,seats by 30 %.,passengers by 30%.,A
AGK,1097,"In case of smoke in the cockpit, the crew oxygen regulator must be set to:",100%,normal.,emergency.,on demand.,A
AGK,1098,"The installation and use of on-board oxygen generators is such that:1 - the smoking ban is imperative when used2 - in case of accidental drop of the """"continuous flow"""" passenger masks, no crew action is required3 - no trace of grease must be found in the system assembly4 - the system's filling adaptors must be greased with non freezable or graphite greaseThe combination which regroups all of the correct statements is :",03-Jan,04-Jan,03-Fev,04-Fev,A
AGK,1099,"In a pressurized transport aircraft, the protective breathing equipment:",protects the members of the crew against fumes and noxious gases.,gives medical assistance to certain passengers with respiratory disorders.,protects all the occupants against the effects of accidental depressurization.,protects the members of the crew against the effects of accidental depressurization.,A
AGK,1100,"An operator shall not operate an aeroplane certicated to JAR25, across an area in which search and rescue would be especially difficult, without survival equipment if it flies away from an area suitable for making an emergency landing at a distance greater than :",90 minutes at cruising speed.,60 minutes at cruising speed.,30 minutes at cruising speed.,120 minutes at cruising speed.,A
AGK,1101,"A turboprop aeroplane is performing an overwater flight, which takes it further than 340 NM away from an aerodrome where an emergency landing could be performed. Normal cruising speed is 180 kt. One engine out airspeed is 155 kt.",Life jackets must be available for all occupants.,The regulation does not require life jackets or rafts to be taken on board in this particular case.,Life jackets and rafts must be available for all occupants.,Life rafts must be available for all occupants.,A
AGK,1102,The number of hand fire extinguishers which have to be installed in the passenger cabin according to JAR-OPS depends on the number of :,seats in the cabin.,seat rows in the cabin.,passengers in the cabin.,emergency exits in the cabin.,A
AGK,1103,The crash/fire axe is part of the safety equipment fitted to passenger aircraft. Its function is to :,obtain forced access to a fire behind a panel and a general purpose tool during evacuation.,free exits in case of evacuation via the sides.,activate a radio survival beacon by cutting off the red coloured top,"settle an escalating conflict with unreasonable passengers, who threaten flight safety.",A
AGK,1104,"In accordance with the JAR-OPS, an airplane constituted of only one passenger deck, equipped with 61 seats and effectively carrying passengers, must be equipped with :",1 megaphone.,2 megaphones.,2 megaphones if there are more than 31 passengers on board.,no megaphone.,A
AGK,1105,"In accordance with the JAR-OPS and with the exception of amphibians and hydroplanes, the carriage of a life jacket per person on board is compulsory when the airplane is :1. cruising at such a distance from the shore that it would not be able to return in the case of an engine failure.2. is flying over a water surface at more than 50 NM off shore.3. is using departure and arrival paths above the water and when a ditching probability exists in the case of a problem.4. is flying over a stretch of water at more than 100 NM off shore.The combination regrouping all the correct statements is:","2, 3","1, 2, 3, 4","1, 2","3, 4",A
AGK,1106,"The number of manual fire-extinguishers, on board the passenger cabin of an airplane, whose maximum approved configuration for passenger seats is 31, is:",2,1,3,0,A
AGK,1107,"The number of crash axes on board an airplane, whose maximum approved configuration of passenger seats is 201, is :",2,1,3,4,A
AGK,1108,"A public transport passengers aircraft, with a seating configuration of more than 61 seats, must have in its passenger compartment(s), at least 3 portable fire- extinguishers including:",2 halon fire-extinguishers.,1 halon fire-extinguisher.,3 halon fire-extinguishers.,no halon fire-extinguisher.,A
AGK,1109,"In a ditching situation, the passenger life jackets will be inflated :",when leaving the airplane.,immediately on the opening of the exits.,immediately on ditching.,once the passengers are in the water.,A
AGK,1110,An aircraft whose maximum approved configuration for passenger seats is 10 seats must be equipped with:,one fire-extinguisher in the cockpit and three fire-extinguishers in the passenger cabin.,one fire-extinguisher in the cockpit and two fire- extinguishers in the passenger cabin.,three fire-extinguishers in the passenger cabin only.,two fire-extinguishers in the cockpit and two fire-extinguishers in the passenger cabin.,A
AGK,1111,"There are 60 passengers and crew members on board a turbo-prop aircraft. Its speed is 240 kt. At a point along the course steered, above the sea, the aircraft is at 1h45 min from an airdrome suitable for emergency landing. The minimum equipment complying with regulations is :",60 life jackets and three 30-seat life boats,60 life jackets,One 30-seat life boat and two 20-seat life boats,"60 life jackets, two 30-seat life boats",A
AGK,1112,The emergency lighting system must be able to function and supply a certain level of lighting after the main electric power system has been cut off for at least:,10 minutes,90 seconds,5 minutes,30 minutes,A
AGK,1113,An aircraft whose maximum approved configuration for passenger seats is 200 seats must be equipped with:,3 manual fire-extinguishers in the passenger cabin.,5 manual-fire extinguishers in the passenger cabin.,7 manual-fire extinguishers in the passenger cabin.,4 manual fire-extinguishers in the passenger cabin.,A
AGK,1114,The pyrotechnic means used in case of an emergency to indicate your position to the emergency teams are a flare:,which is used at night and a smoke device which is used in the daytime.,and a smoke device which are only used at night.,which is used at daytime and a smoke device which is used at night.,and a smoke device which are only used in the daytime.,A
AGK,1115,The portable emergency beacons which are used after an emergency landing or ditching have a duration of :,48 h,24 h,12 h,72 h,A
AGK,1116,"In accordance with JAR-OPS 1 and if necessary, the number of liferafts to be found on board an aircraft must allow the transportation of the entire aircraft occupants:",in the case of a loss of one raft of the largest rated capacity.,plus 10 %.,plus 30 %.,in the case of a loss of two rafts.,A
