chapter,question_number,question_text,option_a,option_b,option_c,option_d,correct_answer
AirLaw,1,An airline is planning a flight that will require a Technical landing in a neighboring state. Which freedom of the Air will be exercised ?,2nd freedom,1st freedom,3rd freedom,4th freedom,A
AirLaw,2,"The International Civil Aviation Organisation (ICAO) establishes,",standards and recommended international practices for contracting member states.,aeronautical standards adopted by all states.,proposals for aeronautical regulations in the form of 18 annexes.,"standards and recommended practices applied without exception by all states, signatory to the Chicago convention.",A
AirLaw,3,The objectives of ICAO was ratified by the :,Chicago convention 1944,Warzaw convention 1929,Geneva convention 1948,Geneva convention 1936,A
AirLaw,4,The International Civil Aviation Organisation (I.C.A.O.) was established by the international convention of :,Chicago,The Hague,Warsaw,Montreal,A
AirLaw,5,One of the main objectives of ICAO is to :,develop principles and techniqe for international aviation,approve the ticket prices set by international airline companies,approve new internationel airlines with jet aircraft,approve new international airlines,A
AirLaw,6,Which body of ICAO finalises the Standard and Recommended Practices (SARPS) for submission for adoption ?,the Air Navigation Commission,the Assembly,the Council,the Regional Air Navigation meeting,A
AirLaw,7,The 'Standards' contained in the Annexes to the Chicago convention are to be considered:,binding for the member states that have not notified ICAO about a national difference,advice and guidance for the aviation legislation within the member states,binding for all member states,binding for all air line companies with international traffic,A
AirLaw,8,Which of the following is obligating for members of ICAO ?,ICAO must be informed about differences from the standards in any of the Annexes to the convention,ICAO shall approve the pricing of tickets on international airline connections,ICAO must be informed about changes in the national regulations,ICAO must be informed about new flight crew licenses and any suspended validity of such licenses,A
AirLaw,9,The Warsaw convention and later amendments deals with:,limitation of the operator¹s responsibility vis-á-vis passenger and goods transported,the regulation of transportation of dangerous goods,operator¹s licence for international scheduled aviation,the security system at airports,A
AirLaw,10,Any contracting state may denounce the Convention of Montreal by written notification to the depositary governments. The denounciation shall take effect :,6 months following the date on which notification is received by the Depositary Governments,3 months following the date on which notification is received by the Depositary Governments,2 months following the date ICAO is informed,4 months following the date on which notification is received by the Depositary Governements,A
AirLaw,11,"The aircraft commander, when he has reasonable grounds to believe that a person has commited or is about to commit, on board the aircraft, an offense against penal law",may deliver such person to the competent authorities,may request such person to disembark,may require the assistance of passengers to restrain such person,may not require or authorise the assistance of other crew members,A
AirLaw,12,Any contracting state may denounce the Convention of Tokyo by notification addressed,International Civile Aviation Organisation,the other Contracting States,United Nations,to all States Members of United Nations,A
AirLaw,13,"The convention on offences and certain acts committed on board aircraft, is :",the convention of Tokyo,the convention of Paris,the convention of Rome,the convention of Chicago,A
AirLaw,14,"""""Cabotage"""" refers to:","domestic air services ,","a national air carrier,","a flight above territorial waters,",crop spraying,A
AirLaw,15,The second freedom of the air is the :,right to land for a technical stop,right to overfly without landing,"right to """"cabotage"""" traffic, (trans-border traffic).",right to operate a commercial passenger flight with passengers on board between two states.,A
AirLaw,16,The first freedom of the air is:,The right to overfly without landing.,The right to land for a technical stop.,The opportunity to operate a commercial flight with passengers on board between two states.,The right to board passengers from the state where the aircraft is registered and to fly to an other state.,A
AirLaw,17,"The convention which deals with offences againts penal law, is",the convention of Tokyo,the convention of Warsaw,the convention of Rome,the convention of Madrid,A
AirLaw,18,The convention of Tokyo applies to damage :,"caused in the territory of a contracting state or in a ship or aircraft registered there in , by an aircraft registered in the territory of another contraction state",only caused in the territory of a contracting state by an aircraft registered in the territory of another contracting state,caused in the territory of a contrating state by any aircraft regardless the registration,the above convention does not deal with this item,A
AirLaw,19,"The international convention defining rules relative to the responsibilities of international air carriers for the carriage of passengers, baggage and freight is the :",Warsaw Convention.,Tokyo Convention.,Hague Convention.,Montreal Convention.,A
AirLaw,20,The Rome Convention and later amendments deals with :,Damage caused by foreign aircraft to third parties on the surface,Regulation of transportation of dangerous goods,Damage caused by any aircraft to third parties on the surface,offences and certain other acts committed on board aircraft,A
AirLaw,21,The convention signed by the states and moved by a desire to endure adequate compensation for persons who suffer damage caused on the surface by foreign aircraft is :,the Rome Convention,the Warsaw Convention,the Paris Convention,the Tokyo Convention,A
AirLaw,22,"Any person who suffers damage on the surface shall, upon proof only that damage was caused by an aircraft in flight or by any person or thing falling therefore will be entitled to compensation as provided by :",the Rome Convention,the Chicago Convention,the Warsaw Convention,the Montreal Convention,A
AirLaw,23,When letters are used for the registration mark combinations shall not be used which might be confused with the,five letter combinations used in the international code of signals,four letter combinations beginning with Q,three letters combinations used in the international code of signals,letters used for ICAO identification documents,A
AirLaw,24,"The state of design shall ensure that, there exists a continuing structural integrity program to ensure the airworthiness of the aeroplane, which includes specific information concerning corrosion prevention and control, in respect of aeroplanes :",over 5.700 kg maximum certificate take-off mass,over 5.700 kg maximum certificate take-off and landing mass,up to 5.700 kg maximum certificate take-off mass,up to 5.700 kg maximum certificate take-off and landing mass,A
AirLaw,25,The loading limitations shall include :,"all limiting mass, centres of gravity position, mass distributions and floor loadings",all limiting mass and centres of gravity,"all limiting mass, mass distributions and centres of gravity","all limiting mass, centres of gravity position and floor loadings",A
AirLaw,26,The assigment of the common mark to a common mark registering authority will be made by :,the International Civil Aviation Organisation,the state of registry and accepted by the International Telecommunication Union,the International Telecommunication Union,the state of registry,A
AirLaw,27,The common mark shall be selected from the series of symbols included in the radio call signs allocated :,to the International Civil Aviation Organisation by the International Telecommunication Union,to the state of registry by the International Civil Aviation Organisation,to the State of registry by the International Telecommunication Union,to state of the operator,A
AirLaw,28,"The registration mark shall be letters, numbers or a combination of letters and numbers and shall be that assigned by :",the state of registry or common mark registering authority,the state of registry only,the International Civil Aviation Organisation,the Internationnal Telecommunication Union,A
AirLaw,29,When letters are used for registration mark combinations shall not be used which might be confused with urgent signals for example,TTT,FFF,RCC,LLL,A
AirLaw,30,When letters are used for registration mark combinations shall not be used which might be confused with urgent signals for example,PAN,RCC,LLL,DDD,A
AirLaw,31,When letters are used for the registration mark combinations shall not be used which might be confused with urgent or distress signals for example,XXX,DDD,RCC,LLL,A
AirLaw,32,The height of the marks under the wings of heavier than air aircraft shall be,at least 50 centimetres,at least between 40 centimetres and 50 centimetres,at least 60 centimetres,at least 75 centimetres,A
AirLaw,33,The height of the marks on the fuselage (or equivalent structure) and on the vertical tail surfaces of heavier than air aircraft shall be,at least 30 centimetres,at least 40 centimetres,at least 20 centimetres,at least between 20 centimetres and 40 centimetres,A
AirLaw,34,The profeciency check of a pilot took place the 15th of April. The validity of the previous profeciency check was the 30th of June. The period of the new profeciency check can be and can't exceed:,31th of December the same year,15th of October the same year,30th of October the same year,30th of April the following year,A
AirLaw,35,"The prescribed re-examination of a licence holder operating in an area distant from designated medical examination facilities may be deferred at the discretion of the licence authority, provided that such deferment shall only be made as an exception and shall not exceed:",A single period of six month in the case of a flight crew member of an aircraft engaged in non-commercial operations.,Two consecutive periods each of three month in the case a flight crew member of an aircraft engaged in non-commercial operations.,A single period of three month in the case of a flight crew member of an aircraft engaged in commercial operations.,Two consecutive periods each of six month in the case of a flight crew member of an aircraft engaged in non-commercial operations.,A
AirLaw,36,"When a contracting state renders valid a licence issued by another contracting state, the validity of the authorization:",Shall not extend beyond the period of validity of the licence.,Depends on the regulations of the contracting sate which renders valid the licence.,Shall not extend beyond one year for ATPL and PCL.,Is only considered for PPL.,A
AirLaw,37,Which of the following Annexes to the Chicago convention contains minimum specifications for a crew licence to have international validity?,Annex 1,Annex 2,Annex 3,Annex 4,A
AirLaw,38,You may act as a flight instructor to carry out flight instruction for the issue of a PPL,With a theorical CPL examination plus flight instructor rating,With an ATPL,With a PPL plus flight instructor rating,With a CPL,A
AirLaw,39,The validity of the instrument-rating aeroplane - IR(A) is :,1 year,6 months,5 years,2 years,A
AirLaw,40,The minimum age for obtaining a PPL is :,17 years,16 years,18 years,21 years,A
AirLaw,41,"To be able to execute a public transport flight, the minimum and maximum age (with ATPL) is :",21 and 59 years,16 and 60 years,17 and 59 years,18 and 60 years,A
AirLaw,42,The holder of a pilot's licence should inform the Authority of any illness which they are suffering which involves incapacity to undertake those functions to which the licence relates throughout a period of a certain number of days or more. The number of days is :,21,30,60,90,A
AirLaw,43,"If a licence holder is unable to perform the flight crew functions appropriate to that licence due to illness, the authority must be informed :","After 21 days of consecutive """"illness""""",as soon as possible if the illness is expected to last more than 21days,after one calendar month of consecutive illness,if still not fit to fly when his/her current medical certificate expires,A
AirLaw,44,"The holder of a pilot licence, when acting as co-pilot of an aircraft required to be operated with a co-pilot, shall be entitled to be credit with not more than :",50 % of the co-pilot flight time towards the total flight time required for a higher grade of pilot licence,"40 % of the co-pilot flight time towards, the total flight time required for a higher grade of a pilot licence",100 hours of flying time required for a higher grade of a pilot licence,"60 % of the co-pilot flight time towards, the total flight time required for a higher grade of a pilot licence",A
AirLaw,45,The age of an applicant for a commercial pilot licence shall not be less than :,18 years of age,21 years of age,17 years of age,16 years of age,A
AirLaw,46,An applicant for a commercial pilot licence shall hold,a current class I medical assessment,a current class II medical assessment,a current class III medical assessment,a current class medical assessment as prescribed by the state issuing the licence,A
AirLaw,47,Multi-engine / inoperative or simulated inoperative.,Land/inactive.,Amphibious/inactive or simulated inactive.,Single-engine/inactive.,1999-06-08 0:00,A
AirLaw,48,The privileges of the holder of a commercial pilot licence-aeroplane shall be :,to act as pilot-in command in any aeroplane engaged in operations other than commercial air transportation,to act as pilot in command in any aeroplane engaged in commercial air transportation,to act as pilot in command in any aeroplane certificate for single pilot operation other than in commercial air transportation,none of the answers are correct,A
AirLaw,49,"An applicant for a commercial pilot licence-aeroplane shall have completed not less than ........ hours of cross country flight time as pilot in command including a cross country flight totalling not less than ........ km (-NM), in the course of which full stop landings at two different aerodromes shall be made. The hours and distance referred are :",20 hours and 540 km (300NM),10 hours and 270 km (150 NM),15 hours and 540 km (300NM),20 hours and 270 km (150NM),A
AirLaw,50,An applicant for a commercial pilot licence aeroplane shall have completed in aeroplanes not less than :,20 hours of cross country flight time as pilot-in-command including a cross country flight not less than 540 km (300NM),10 hours of cross country flight time as pilot-in-command including a cross country flight not less than 540 km (300NM),25 hours of cross country flight time as pilot-in-command including a cross country flight not less than 540 km (300NM),15 hours of cross country flight time as pilot-in-command including a cross country flight not less than 540 km (300NM),A
AirLaw,51,"An applicant for an Airline Transport Pilot Licence aeroplane shall have completed in aeroplanes not less than ...... hours, either as pilot in command or made up by not less than ...... hours as pilot-in-command and the additional flight time as co- pilot performing, under the supervision of the pilot-in-command the duties and functions of a pilot in command provided that the method of supervision employed is acceptable to the licensing authority. The stated above hours are respectively :",250 hours and 100 hours,200 hours and 75 hours,200 hours and 100 hours,150 hours and 75 hours,A
AirLaw,52,"The applicant for an Airline Transport Pilot Licence shall have completed in aeroplanes not less than ...... hours of cross-country flight time, of which not less than ...... hours shall be as pilot-in command or co-pilot performing, under the supervision of the pilot in command, the duties and functions of a pilot in command, provided that the method of supervision employed is acceptable to the licensing authority. The state above hours are respectively :",200 hours and 100 hours,250 hours and 10 hours,150 hours and 75 hours,200 hours and 75 hours,A
AirLaw,53,An applicant for an Airline Transport Pilot Licence shall have completed in aeroplanes not less than :,"75 hours of instrument time, of which not more than 30 hours may be instrument ground time.","100 hours of instrument time, of which not more than 30 hours of instrument ground time","150 hours of instrument time, of which not more than 75 hours of instrument ground time.","75 hours of instrument time, of which not more than 20 hours of instrument ground time.",A
AirLaw,54,An applicant for an Airline Transport Pilot Licence shall have completed in aeroplanes not less than :,100 hours of night flight as pilot in command or as co-pilot,100 hours of night flight only as pilot in command,75 hours of night flight as pilot in command or as co-pilot,75 hours of night time only as pilot in command,A
AirLaw,55,"The licensing authority shall determine whether experience as pilot under instruction in a synthetic flight trainer which it has approved, is acceptable as part of the total flight time of 1 500 hours. Credit for such experience shall be limited to a maximum of :","100 hours, of which not more than 25 hours shall have been acquired in a flight procedure trainer or basic instrument flight trainer",100 hours of which not more than 20 hours shall have been acquired in a basic instrument flight trainer,100 hours of which not more than 15 hours shall have been acquired in a flight procedure trainer or basic instrument flight trainer,75 hours of which not more than 20 hours shall have been acquired in a flight procedure trainer or basic instrument flight trainer,A
AirLaw,56,"An applicant holding a private or commercial pilot licence aeroplane for the issue of an instrument rating, shall have completed ..... hours of cross-country flight time as pilot-in-command of aircraft in categories acceptable to the licensing Authority, of which not less than ..... hours shall be in aeroplanes. The said hours, are respectively",50 hours and 10 hours,40 hours and 10 hours,40 hours and 15 hours,50 hours and 15 hours,A
AirLaw,57,"In certain circumstances a medical examination may be deferred at the discretion of the licensing authority, provided that such deferment shall only be made as an exception and shall not exceed :",A single period of six months in the case of a flight crew member of an aircraft engaged in non commercial operations.,Two consecutive periods each of three months in the case of a flight crew member of an aircraft engaged in non commercial operations,A single period of six months in the case of a flight crew member of an aircraft engaged in commercial operations.,"in the case of a private pilot, a single period of 12 months",A
AirLaw,58,The duration of the period of currency of a medical assessment shall begin on the date :,the medical assessment is issued,the licence is issued or validated,the licence is issued or renewed,the licence is delivered to the pilot,A
AirLaw,59,When a contracting state renders valid a licence issued by another contracting state the validity of the authorization,shall not extend beyond the period of validity of the licence,shall not extend more than 15 days from the date of the licence,the Contracting state rendering a licence valid may extend the date of the validity at its own discretion,shall not extend beyond the period of validity of the licence other than for use in private flights,A
AirLaw,60,When the holders of aircraft transport pilot licences aeroplane and helicopter have passed their 40th birthday the medical examination shall be reduced from :,12 months to 6 months,12 months to 3 months,24 months to 12 months,none of the answers are correct,A
AirLaw,61,Type ratings shall be established,for any type of aircraft whenever considered necessary by the authority,only aircraft certificated for operation with a minimum crew of at least two pilots,only for aircraft certificated for operation with a minimum crew of at least two pilots and each type of helicopter,all the answers are correct,A
AirLaw,62,The holder of a pilot licence when acting as co-pilot performing under the supervision of the pilot in command the functions and duties of a pilot in command shall be entitled to be credit :,in full with his flight time towards the total time required for higher grade of pilot licence,in full with his flight but not more than 300 hours towards the total time required for a higher grade of pilot licence,the flight time towards the total time required for higher grade of pilot licence in accordance with the requirements of the licensing authority,50% of his flight time towards the total time required for higher grade of pilot licence,A
AirLaw,63,For commercial pilot licence aeroplane the applicant shall have completed in aeroplanes not less than if the privileges of the licence are to be exercised at night,5 hours of night flight time including 5 take offs and 5 landings as pilot in command,5 hours of night flight time including 5 take offs and 5 landings either as pilot in command or as co-pilot,5 hours of night flight time including 3 take-offs and 3 landings as pilot in command,5 hours of night flight time including 3 take offs and 5 landings as pilot in command,A
AirLaw,64,An applicant for a commercial pilot licence aeroplane shall have completed in aeroplanes not less than :,200 hours of flight time or 150 hours if completed during a course of approved training as a pilot of aeroplanes,200 hours of flight time and 80 hours as pilot in command,200 hours of flight time and 70 hours as pilot in command,150 hours of flight time and 100 hours as pilot in command,A
AirLaw,65,An applicant for a commercial pilot licence shall have completed in aeroplanes not less than :,10 hours of instrument instruction time of which not more than 5 hours may be instrument ground time,20 hours of instrument instruction time of which not more than 5 hours may be instrument ground time.,20 hours of instrument instruction time of which not more than 10 hours may be instrument ground time,15 hours of instrument time of which not more than 5 hours as pilot in command,A
AirLaw,66,The International Civil Aviation Convention Annex containing standards and recommended practices for Personnel Licensing is :,Annex 1,Annex 2,Annex 11,Annex 12,A
AirLaw,67,"At the discretion of the Authority of that Member State concerned for a period not exceeding one year, provided that the basic licence remains valid.",At the diiscretion of the Authority of the Member State concerned for a period not exceeding the period validity of basic licence,At the discretion of the Authority of that Member State concerned for a period not exceeding one year,"At the discretion of the Authority of that Member State concerned for a period not exceeding one year, provided that the basic licence remains valid.",1998-11-27 0:00,A
AirLaw,68,More than 12 hours,More than 12 days,More than one week,Any period,1998-11-30 0:00,A
AirLaw,69,"According to JAR-FCL, Class 2 medical certificate for private pilots will be valid for","60 months until age of 30, 24 months until age of 50, 12 months until age of 65 and 6 months thereafter","60 months until age of 30, 24 months until age of 40, 12 months thereafter","24 months until age of 40, 12 months thereafter","24 months until age of 40, 12 months until age of 60 and 6 months thereafter",A
AirLaw,70,"According to JAR-FCL, an applicant for a CPL (A) who has satisfactorily followed an completed an integrated flying training course shall have completed as a pilot of aeroplanes having a certificate of airworthiness issued or accepted by a JAA Member State at least:",150 hours of flight time,200 hours of flight time,150 hours of flight time plus 10 hours of instrument ground time,200 hours of flight time plus 10 hours of instrument ground time,A
AirLaw,71,"According to JAR-FCL, an instrument rating is valid for :",one year,two years,The period of validity of the licence.,Indefinitely,A
AirLaw,72,"According to JAR-FCL, an applicant for an IR(A) shall hold a PPL (A)including a night qualification or CPL(A) and shall have completed at least 50 hours :",Cross country flight time as pilot-in-command in aeroplanes or helicopters of which at least 10 hours shall be in aeroplanes.,Cross country flight time as pilot of aeroplanes or helicopters of which at least 10 hours shall be in aeroplanes.,Instructional flight time as studen-pilot-in-command of aeroplanes.,Instructional flight time as student-pilot-in-command of aeroplanes or helicopters of which at least 10 hours shall be in aeroplanes.,A
AirLaw,73,"According to JAR-FCL, class rating shall be established for single pilots aeroplanes not requiring a type rating, including :",All self.-sustaining gliders.,"All types of single-pilot, single-engine aeroplanes fitted with a turbojet engine.",Microlights having fixed wings and moveable aerodynamic control surfaces acting in all three dimensions.,Any other type of aeroplane if considered necessary.,A
AirLaw,74,"According to JAR-FCL, establishment of separate type rating for aeroplanes will be assessed on the basis of three criteria. One of these three criteria is that the aeroplane has :",Handling characteristics that require additional flying or simulator training,Handling characteristics that require the use of more than one crew member,A certificate of airworthiness issued by a non-member state.,A certificate of airworthiness issued by the manufacturer.,A
AirLaw,75,"According to JAR-FCL, the validity of type ratings and multi-engine class ratings will be one year from the date :",Of issue,Of the skill test,The application is received by the Authority.,Of the last medical certificate,A
AirLaw,76,"According to JAR-FCL, single pilot single-engine class ratings are valid for :",Two years,One year,Two years up to age 40 years then one year thereafter.,Five years after licence issuie.,A
AirLaw,77,Which provisions on a VFR-flight in Class E airspace are CORRECT?,"Service provided : Traffic Information as far as practical, ATC Clearance : not required ,","Service provided : Air Traffic Control Service, ATC Clearance : required ,","Service provided : Traffic Information as far as practical, ATC Clearance : required ,","Service provided : Air Traffic Control Service, ATC Clearance : not required",A
AirLaw,78,"Which action shall be taken by an aircraft in the traffic pattern of an aerodrome, experiencing radio failure to indicate difficulties which compel it to land without requiring immediate assistance?",The repeated switching on and off of the landing lights,Switching on and off three times the landing lights,Switching on and off four times the landing lights,Switching on and off four times the navigation lights,A
AirLaw,79,"If radio communication is established during an interception but communications in a common language is not possible, which phrase should be pronounced by the intercepting aircraft to request the intercepted aircraft to descend for landing ?",Descend,Let down,You land,Descend for landing,A
AirLaw,80,"If radio contact with the intercepting aircraft is established but communication on a common language is not possible, which phrase should be pronounced by the intercepted aircraft to communicate that he is unable to comply with the instructions received ?",CAN NOT,CAN NOT COMPLY,UNABLE TO COMPLY,NOT POSSIBLE,A
AirLaw,81,A flashing red light from control tower during an approach to land means:,"The airport is unsafe, do not land","The airport is temporarily closed, continue circling",Give way to other aircraft in emergency,Continue circling and wait for further instructions,A
AirLaw,82,On aerodromes aircraft taxying on the manoeuvring area of an aerodrome shall give way to:,aircraft taking off or about to take off,other vehicles and pedestrians,other converging aircraft,"all vehicles moving on the apron except the """"follow me"""" vehicle",A
AirLaw,83,A double white cross displayed horizontally in the signal area means:,The aerodrome is being used by gliders and that glider flights are being performed.,An area unit for the movement of aircraft.,Special precautions must be observed due to bad state of the taxiways.,Need special precautions while approaching for landing.,A
AirLaw,84,"Except when a clearance is obtained from an ATC unit, a VFR flight can not enter or leave a control zone when ceiling is less than :",1 500 feet or visibility is less than 5 km,1 000 feet or visibility is less than 5 km,2 000 feet or visibility is less than 5 km,1 000 feet or visibility is less than 8 km,A
AirLaw,85,The person who has final authority as to the disposition of an aircraft during flight time is:,The commander,The ATC controller if the aircraft is flying in a controlled airspace,The aircraft owner,The airliner operator,A
AirLaw,86,Which of the following flights has the greatest priority to land ?,Emergency aircraft,Military aircraft,VIP (Head of state) aircraft,Hospital aircraft carrying a very sick person needing immediate medical attention,A
AirLaw,87,"An aircraft flying above the sea between 4 500 feet MSL and 9 000 feet MSL outside controlled airspace under VFR, must remain on principle at least:","1 500 m horizontally, 1000 feet vertically from clouds, 5 km visibility.","1500 m horizontally, 1000 feet vertically from clouds, 8 km visibility.","Clear of clouds and in sight of the surface, 8 km visibility.","2 000 feet horizontally, 1000 feet vertically from clouds, 5 km visibility.",A
AirLaw,88,"The VMC minima for an airspace classified as """"B"""" above 10 000 feet MSL are :","clear of clouds, 8 km visibility","1 mile horizontaly and 1 000 feet verticaly from clouds, 5 km visibility","2 000 metres horizontaly, 1 000 feet verticaly from clouds, 8 km visibility","1 nautical mile horizontaly and 1 000 feet verticaly from clouds, 8 km visibility",A
AirLaw,89,"The VMC minima for an airspace classified as """"G"""" above 10 000 feet MSL are :","1500 m horizontally and 1 000 feet vertically from clouds, 8 km visibility.","1500 m horizontally and 1 000 feet verticaly from clouds, 5 km visibility","1 nautical mile horizontally and 1 000 feet vertically from clouds, 5 km visibility","1 nautical mile horizontally and 1000 feet vertically from clouds, 8 km visibility",A
AirLaw,90,A controlled flight is requested to inform the appropriate ATC unit whenever the average True Air Speed at cruising level varies or is expected to vary from that given in the flight plan by plus or minus:,5%,3%,2%,10%,A
AirLaw,91,"An aircraft intercepted by another aircraft, if equipped with SSR transponder shall, unless otherwise instructed by the appropriate ATS unit, select one of the following code on mode """"A""""",7 700,7 500,7 600,7 000,A
AirLaw,92,An aircraft intercepted by another aircraft shall immediately attempt to establish radio communication with the intercepting aircraft on the following frequencies:,121.5 MHz - 243 MHz,121.5 MHz - 125.5 MHz,121.5 MHz - 282.8 MHz,243 MHz - 125.5 MHz,A
AirLaw,93,"Which manoeuvre shall be executed by an intercepting aircraft if the pilot wants to communicate to the intercepted aircraft """"YOU MAY PROCEED"""" ?",Executing a climbing turn of 90 degrees or more without crossing the line of flight of the intercepted aircraft.,Rocking wings twice and crossing in front of the aircraft.,Circling the intercepted aircraft in a clock-wise pattern.,Rocking the wings and flashing the navigational lights.,A
AirLaw,94,"Unless otherwise prescribed, what is the rule regarding level to be maintained by an aircraft flying IFR outside controlled airspace?",1 000 feet above the highest obstacle within 8 kilometres of the estimated position of the aircraft,2 000 feet above the highest obstacle within 8 kilometres of course,1 000 feet above the highest obstacle within 8 nautical miles of course,2 000 feet above the highest obstacle within 8 nautical miles of course,A
AirLaw,95,"Aircraft """"A"""" with an ATC clearance is flying in VMC conditions within a control area. Aircraft """"B"""" with no ATC clearance is approaching at approximately the same altitude and on a converging course. Which has the right of way?","Aircraft """"B"""" if """"A"""" is on its left","Aircraft """"A"""" if """"B"""" is on its right","Aircraft """"A"""" regardless of the direction which """"B"""" is approaching","Aircraft """"B"""" regardless of the direction """"A"""" is approaching",A
AirLaw,96,Which of the following actions shall be taken in case of a controlled flight deviates from the track?,Adjust the heading of aircraft to regain track as soon as practicable,Inform the ATC unit immediately,"If VMC, maintain this condition, waiting for the ATC instructions",Notify ATC of the new track immediately and comply with instructions,A
AirLaw,97,"While on IFR flight, a pilot has an emergency which causes a deviation from an ATC clearance. What action must be taken?",The appropriate ATC unit shall be notified of the action taken as soon as circumstances permit,Request an amended clearance or cancel the IFR flight plan,Submit a detailed report to ATC within 24 hours,Squawk 7700,A
AirLaw,98,A signalman will ask the pilot to apply parking brakes by the following signals:,"Raise arm and hand, with fingers extended, horizontally in front of body , then clench fist","Arms down , palms facing inwards, moving arms from extended position inwards.",Crossing arms extended above his head,"Horizontally moving his hands, fingers extended, palms toward ground",A
AirLaw,99,"An aircraft is flying under Instrument Flight Rules in an area where the visibility is unlimited and the sky is clear (free of clouds), when it totally loses radiocommunications. The procedure to be followed is:","land on the closest appropriate aerodrome, then advise Air Traffic Services of landing",adopt a VFR flight level and continue flight onto destination,"continue flight onto destination, complying with last received clearances then with filed flight plan.",descend to En-route Minimum Safe Altitude and join closest airfield open to IFR operations,A
AirLaw,100,A red flare addressed to a flying aircraft means :,"Not with standing any previous instructions, do not land for the time being.",Come back and land.,Give way to another aircraft and hold the circuit.,Dangerous airfield. Do not land.,A
AirLaw,101,"Aircraft wishing to conduct IFR flight within advisory airspace, but not electing to use the air traffic advisory service:",Shall nevertheless submit a flight plan and notify changes made thereto to the ATS unit providing that service.,Shall nevertheless submit a flight plan but changes made thereto are not necessary to be notified.,need to file a flight plan,may file a flight plan under pilot's discretion.,A
AirLaw,102,"When a controlled flight inadvertently deviates from its current flightplan, ATC has to be informed in case :",the TAS varies by plus or minus 5% of the TAS notified in the flightplan.,of an emergency.,the estimated time is in error by more than 10 minutes.,it is a deviation from the track.,A
AirLaw,103,"Where State has not established minimum IFR altitudes, the minimum height of an aircraft above the highest obstacle over high terrain, or in mountainous areas shall be for an IFR flight :",at least 2000 feet within 8 KM of the estimated position,at least 1000 feet within 5KM of the estimated position,at least 1000 feet within 8 KM of the estimated position,at least 2000 feet within 5KM of the estimated position,A
AirLaw,104,"An aircraft shall display, if so equipped, an anti-collision light:",on the ground when the engines are running,"outside the daylight-period in flight, but not on the ground when it is being towed,","while taxiing, but not when it is being towed,","outside the daylight-period at engine-start. During the daylight-period this is not applicable,",A
AirLaw,105,The white dumb-bell with black perpendicular bar indicates that :,"taxiing need not be confined to the taxiways ,","gliderflying is performed outside the landing area,","landing, take-off and taxiing is allowed on runway and/or taxiway only,",this aerodrome is using parallel runways,A
AirLaw,106,An aircraft which is being subjected to unlawful interference ('hijacked') and is forced to divert from the cleared track or cruising level without being able to communicate with ATS shall try to:,Continue at an altitude that differs from the semicircular rule with 1000 feet when above FL 290 and 500 feet when lower than FL 290,Fly the emergency triangle,Declare an emergency,As soon as possible commence emergency descent in order minimize the difference between cabin pressure and outside pressure,A
AirLaw,107,An aircraft is considered to overtake another if it approaches the other aircraft from the rear on a line forming an angle of less than :,70 degrees with the plane of symmetry of the latter,50 degrees with the plane of symmetry of the latter,60 degrees with the plane of symmetry of the latter,80 degrees with the plane of symmetry of the latter,A
AirLaw,108,"VMC minima for VFR flights in Class B airspace, above 3050m (10000 ft) AMSL, are :","8 km visibility, and clear of clouds ,","5 km visibility, 1500 m horizontal and 1000 ft vertical distance from clouds ,","8 km visibility, 1500 m horizontal and 1000 ft vertical distance from clouds ,","No minima, VFR flights are not permitted",A
AirLaw,109,During an IFR flight in VMC in controlled airspace you experience a two-way radio communication failure. You will :,"Land at the nearest suitable aerodrome maintaining VMC and inform ATC ,","Select A7600 and continue according currenct flight plan to destination ,","Descend to the flight level submitted for that portion of flight ,",Land at the nearest suitable aerodrome and inform ATC,A
AirLaw,110,Your aircraft is intercepted by a military aircraftThe signals given by this aircraft conflict with ATC instructionsYou should :,follow the instructions of the intercepting aircraft.,follow ATC instructions.,request ATC for other instructions.,select code A7500 on your transponder.,A
AirLaw,111,"Whilst flying in an aerodrome's traffic circuit, an aircraft receives a series of green flashes from the tower. The aircraft :",must come back to land and the landing clearance will be sent in due time.,is cleared to land.,must land immediately and clear the landing area.,must give way to another aircraft.,A
AirLaw,112,"Given:AGL = above ground levelAMSL = above mean sea levelFL = flight levelwithin uncontrolled airspace, the first usable level in IFR must provide a 500 ft margin above the following two levels:",3 000 ft AMSL or 1 000ft AGL.,3 000 ft AMSL or 1 500 ft AGL.,FL 30 or 100 ft AGL.,FL 30 or 1 500 ft AGL.,A
AirLaw,113,An aircraft which is being subjected to unlawful interference ('hijacked') and is forced to divert from the cleared track or cruising level without being able to communicate with ATS shall try to:,Continue at an altitude that differs from the semicircular rule with 1000 feet when above FL 290 and 500 feet when lower than FL 290,Fly the emergency triangle,Declare an emergency,As soon as possible commence emergency descent in order minimize the difference between cabin pressure and outside pressure,A
AirLaw,114,While taxying an aircraft receives the following light signal from the control tower : series of red flashes. This signal means that the aircraft :,must vacate the landing area in use.,must stop.,must return to its point of departure.,may continue to taxi to the take-off area.,A
AirLaw,115,"While taxiing, an aircraft receives from the airport controller the following light signal : a series of green flashes. This signal means that the aircraft :",may continue to taxy towards the take-off area.,must stop.,must return to its point of departure.,is cleared for take-off.,A
AirLaw,116,An aircraft manoeuvering in an airport's circuit receives a series of red flashes from the control tower. This signifies that the aircraft must :,not land because the airport is not available for landing.,give way to another aircraft.,return to land and that clearance to land will be communicated in due course.,not land for the moment regardless of previous instructions.,A
AirLaw,117,What does the abbreviation OIS mean?,Obstacle identification surface.,Obstacle in surface.,Obstacle identification slope.,Obstruction in surface.,A
AirLaw,118,What does the abbreviation DER mean?,Depature end of runway.,Distance end of route.,Departure end of route.,Distance end of runway.,A
AirLaw,119,"The MSA, which must be established around a navigation facility, is in general valid within a sector of :",25 NM,10 NM,15 NM,30 NM,A
AirLaw,120,A four-engine aeroplane is about to take-off from an airport where poor weather conditions are prevailing. The closest accessible aerodrome is three flying hours away.The take-off minima to be observed at departure airfield are:,"ceiling greater or equal to DH/MDH, and VH (horizontal visibility) greater or equal to VH required for landing, with an available instrument approach procedure",VH (visibility horizontal) greater or equal to VH required for landing on the runway to be used,"ceiling greater or equal to DH or MDH, and VH (horizontal visibility) greater or equal to VH required for landing, with an available instrument approach procedure to be envisaged with one engine out","VH (visibility horizontal) greater or equal to VH required for landing, and ceiling greater or equal to ceiling required for landing, with an available instrument approach procedure",A
AirLaw,121,"If in an instrument departure procedure the track to be followed by the aeroplane is published, the pilot is expected:",To correct for known wind to remain within the protected airspace.,To request from ATC different heading for wind correction.,To ignore the wind and proceed on an heading equal to the track.,To request clearance from ATC for applying a wind correction.,A
AirLaw,122,"In general, which is the main factor that dictates the design of an instrument departure procedure?",The terrain surrounding the airport.,ATC requirements.,Navigation aids.,Airspace restrictions.,A
AirLaw,123,In an instrument departure procedure the minimum obstacle clearance at the departure end of runway equals:,0 ft.,3.3 % gradient.,35 ft.,0.8 % gradient.,A
AirLaw,124,"In a straight departure, the initial departure track is of the aligment of the runway centre line within:",15°.,30°.,45°.,12.5°.,A
AirLaw,125,Turning departures provide track guidance within :,10 Km,5 Km,15 Km,20 Km,A
AirLaw,126,We can distinguish two types of departure routes. During a straight departure the initial departure track is within :,15° of the alignment of the runway centre-line,5° of the alignment of the runway centre-line,10° of the alignment of the runway centre-line,25° of the alignment of the runway centre-line,A
AirLaw,127,"Were an operational advantage can be obtained, an ILS procedure may include a dead reckoning segment from a fix to the localizer. The DR track will:",Intersect the localizer at 45° and will not be more 10 NM in length.,Intersect the localizer at 30° and will not be more 5 NM in length.,Intersect the localizer at 45° and will not be more 5 NM in length.,Intersect the localizer at 30° and will not be more 10 NM in length.,A
AirLaw,128,Which is the obstacle clearance in the primary area of the intermediate approach segment in an instrument approach procedure?,150m (492 ft).,300m (984 ft).,450m (1476 ft).,600m (1968 ft).,A
AirLaw,129,"In an instrument approach procedure, the segment in which alignment and descent for landing are made is called:",Final approach segment.,Initial approach segment.,Intermediate approach segment.,Arrival segment.,A
AirLaw,130,"In a precision approach (ILS), the final approach segment begins at the:",FAP.,FAF.,MAP.,IF.,A
AirLaw,131,The protection areas associated with instrument approach procedures are determined with the assumption that turns are performed at a bank angle of:,"25° or the bank angle giving a 3°/s turn rate, whichever is lower, for departure, approach or missed approach instrument procedures, as well as circling-to-land (with or without prescribed flight tracks).","25° or the bank angle giving a 3°/s turn rate, whichever is lower, for departure and approach instrument procedures, as well as circle-to-land, and 15° for missed approach procedures.",The bank angle giving a 3°/s turn rate for all procedures with airspeed limitation related to aeroplane categories.,"25° or the bank angle giving a 3°/s turn rate, whichever is lower, for departure and approach instrument procedures, 25° for circling-to-land with prescribed flight tracks and 15° for missed approach procedures.",A
AirLaw,132,Under which conditions may an aircraft on a straight-in-VOR approach continue its descend below the OCA?,When the aircraft is in visual contact with the ground and with the runway lights in sight,When the aircraft has the control tower in sight,When the aircraft is in contact with the ground but not with the runway in sight yet,When seems possible to land,A
AirLaw,133,A turn executed by the aircraft during the initial approach between the end of the outbound track and the beginning of the intermediate or final approach track is a:,Base turn,Procedure turn,Reversal procedure,Race track,A
AirLaw,134,"If a stepdown fix is established on the final approach track, a descend shall be made so as to :",pass the fix not below the specified crossing altitude.,follow approximately 50 feet above the nominal glide path.,"pass the fix at the rate of descent of 500 feet/min, which is obligatory.","leave the intermediate approach altitude, step by step until reaching the MAPt.",A
AirLaw,135,"In the ILS-approach, the OCA is referenced to:",Mean sea level.,Aeredrome reference point.,Relevant runway threshold.,Aerodrome elevation.,A
AirLaw,136,A manoeuvre in which a turn is made away from a designated track followed by a turn in the opposite direction to permit the aircraft to intercept and proceed along the reciprocal of the designated track is called a :,Procedure turn.,Base turn.,Race track.,Reversal track.,A
AirLaw,137,You are on an IFR flight executing a circling approach. A descend below the MDA should not be made until :1. the pilot has the landing threshold in sight2. visual reference has been established and can be maintained 3. the required obstacle clearance can be maintained and a landing can be madeThe combination regrouping all the correct answers is :,"1, 2, 3.","1, 2.","2, 3.","1, 3.",A
AirLaw,138,"During circling-to-land ( with or without prescribed flight tracks), the maximum allowed airspeed for a Cat B aeroplane, in order to remain within the protection envelope, is:",135 kt,120 kt,125 kt,150 kt,A
AirLaw,139,"In an offset entry into an omnidirectional racetrack procedure, the time on the 30° offset track is limited to:",1 minute 30 seconds.,1 minute.,2 minutes.,3 minutes.,A
AirLaw,140,How many separate segments has an instrument approach procedure.,Up to 5.,3.,4.,Up to 4.,A
AirLaw,141,Where does the initial approach segment in an instrument approach procedure commence?,At the IAF.,At the IF.,At the FAF.,At the final en-route fix.,A
AirLaw,142,Which is the obstacle clearance in the primary area of the initial approach segment in an instrument approach procedure?,At least 300m (984 ft).,150m (492 ft).,300m (984 ft).,At least 150m (492 ft).,A
AirLaw,143,"In a procedure turn (45°/180°), a 45° turn away from the outbound track is performed from the start of turn for categories A and B aircraft for:",1 minute.,1 minute 15 seconds.,1minute 30 seconds.,2 minutes.,A
AirLaw,144,"In a procedure turn (45°/180°), a 45° turn away from the outbound track is performed from the start of the turn for categories C, D, E aircraft for:",1 minute 15 seconds.,1 minute.,1 minute 30 seconds.,2 minutes.,A
AirLaw,145,"In an approach procedure, a descent or climb conducted in a holding pattern is called:",Shuttle.,Based turn.,Racetrack pattern.,Procedure turn.,A
AirLaw,146,"In a precision approach (ILS), generally glide path intersection occurs at heights above runway elevation from:",300m (984 ft) to 900m (2955 ft).,300m (984 ft) to 600m (1968 ft).,150m (492 ft) to 300m (984 ft).,150m (492 ft) to 900m (2955 ft).,A
AirLaw,147,"In a precision approach (ILS), obstacle clearance surfaces assume that the pilot does not normally deviate from the centreline, after being established on track, more than:",Half a scale deflection.,One scale deflection.,A quarter of scale deflection.,One and a half of scale deflection.,A
AirLaw,148,"In a precision approach (ILS), the OCA or OCH values are based among other standard conditions, on a vertical distance between the flight paths of the wheels and glide path antenna, not greater than:",6m.,3m.,9m.,12m.,A
AirLaw,149,Which are the phases of a missed approach procedure?,"Initial, intermediate and final.","Arrival, initial, intermediate and final.","Arrival, intermediate and final.",Initial and final.,A
AirLaw,150,Normally missed approach procedures are based on a nominal missed approach climb gradient of:,2.5%.,0.8%.,3.3%.,5%.,A
AirLaw,151,Where does the initial phase of a missed approach procedure end?,At the point where the climb is established.,At the missed approach point.,At the first point where 50m (164 ft) obstacle clearance is obtained and can be maintained.,"At the point where a new approach, holding or return to en-route flight is initiated.",A
AirLaw,152,"The term used to describe the visual phase of flight after completing an instrument approach, to bring an aircraft into position for landing on runway which is not suitably located for straight-in approach, is:",Visual manoeuvring (circling).,Visual approach.,Contact approach.,Aerodrome traffic pattern.,A
AirLaw,153,"It is permissible to eliminate from consideration a particular sector where a prominent obstacle exists in the visual manoeuvring (circling) area outside the final approach and missed approach area. When this option is exercised, the published procedure:",Prohibits circling within the total sector in which the obstacle exists.,Permits circling only in VMC.,Recommends not to perform circling within the total sector in which the obstacle exists.,Prohibits the circling approach to the affected runway.,A
AirLaw,154,When the visual manoeuvring (circling) area has been established the obstacle clearance altitude/height (OCA/H) is determined:,"For each category of aircraft, and it may be different for each one of them.",Only for categories A and B aircraft.,"Only for categories C, D and E aircraft.","For all categories of aircraft, and it is the same for all of them.",A
AirLaw,155,A circling approach is:,A visual flight manoeuvre keeping the runway in sight.,A visual manoeuvre to be conducted only in IMC.,A flight manoeuvre to be performed only under radar vectoring.,A contact flight manoeuvre.,A
AirLaw,156,"If visual reference is lost while circling to land from an instrument approach, it is expected that the pilot will make an initial climbing turn towards the:",Landing runway.,MAP.,FAF.,Final missed approach track.,A
AirLaw,157,"If contact is lost with the runway on the down-wind leg of a circling manoeuvre, what actions should be taken ?",Initiate a missed approach,Turn 90 degrees towards the runway and wait for visual conctact,"If you have other visual cues, continue with ground contact","Turn towards the inner marker for the runway in use, maintaining circling alitude",A
AirLaw,158,What action should be taken if contact is los with the aerodrome on the down wind leg ?,Initiate a missed approach,Descend to OCL/ACH and in the hope that the visibility is better at a lower altitude,Maintain your circling altitude and turn towards the aerodrome,Request an amended clearance,A
AirLaw,159,Obstacle clearance for an ILS approach is based on the assumption that the pilot does not deviate from the centre line more than :,half scale deflection of the localizer indicator.,full scale deflection of the localizer indicator.,half scale deflection of the glidepath indicator and horizontal 35 ° off the centerline.,full scale deflection of the localizer indicator and half scale deflection of the glidepath indicator.,A
AirLaw,160,Who establishes the OCA/H (Obstacle Clearance Altitude/Height) for an approavh procedure?,the state,the operator,"the pilot-in-command ,","the """"flight-operations"""" of the company",A
AirLaw,161,"On a non-precision approach a so-called """"straight-in-approach"""" is considered acceptable, if the angle between the final approach track and the runway centreline is :",30 degrees or less,40 degrees or less,20 degrees or less,10 degrees or less,A
AirLaw,162,"Normally, the maximum descent gradient, applicable in the final approach segment to ensure the required minimum obstacle clearance, is :","6,5%.",5%.,7%.,8%.,A
AirLaw,163,The primary area of an instrument approach segment is :,A defined are symmetrically disposed about the nominal flight track in which full obstacle clearance is provided.,"the most critical part of the segment where the minimum altitude should be kept very carefully,","the first part of the segment ,",the outside part of the segment where the obstacle clearance increases from o ft to the appropriate minimum,A
AirLaw,164,"In the primary area, the obstacle clearance for the initial approach segment provides at least :",984 ft,1476 ft,492 ft,decreasing from 984 to 492 ft,A
AirLaw,165,"During an instrument approach, the minimum obstacle clearance (MOC) of the initial approach segment primary area is equal to :",150 m (492 ft),300 m (984 ft),210 m (690 ft),120 m (394 ft),A
AirLaw,166,"During an instrument approach, followed by a missed approach, the minimum obstacle clearance (MOC) in the intermediate phase of this missed approach is :",30 m (98 ft),50 m (164 ft),90 m (295 ft),120 m (384 ft),A
AirLaw,167,"During an instrument approach, followed by a missed approach, the minimum obstacle clearance (MOC) in the intermediate phase of this missed approach is :",30 m (98 ft),50 m (164 ft),90 m (295 ft),120 m (384 ft),A
AirLaw,168,"During an instrument approach, followed by a missed approach, the minimum obstacle clearance (MOC) in the final phase of this missed approach is :",50 m (164 ft),30 m (98 ft),90 m (295 ft),120 m (384 ft),A
AirLaw,169,Minimum sector altitudes are determined by the inbound radial in relation to the IAF. These sectors are established for a distance from the IAF of:,25 NM,20 NM,10 NM,5 NM,A
AirLaw,170,The width of the corridor around a specified arrival route is :,± 5 NM,± 10 NM,± 12.5 NM,± 2.5 NM,A
AirLaw,171,"In general, during a straight-in approach, the MDH cannot be below:",the OCH,200 ft,350 ft,400 ft,A
AirLaw,172,"For a category I precision approach, the decision height cannot be lower than :",200 ft,250 ft,150 ft,100 ft,A
AirLaw,173,"A """"precision approach"""" is a direct instrument approach...","using bearing, elevation and distance information.",using at least one source of bearing information and one source of elevation or distance information.,"using bearing, elevation and distance information, providing the pilot uses a flight director or an autopilot certified to a height below 200 ft.",carried out by a crew of at least two pilots trained with a specific working method.,A
AirLaw,174,"Unless otherwise indicated, the missed approach procedures published on the IAC charts are based on a minimum climb gradient of:",2.5%,2%,5%,3.3%,A
AirLaw,175,What will be your action if you can not comply with a standard holding pattern?,inform the ATC immediately and request a revised clearance.,a non-standard holding pattern is permitted.,it is permitted to deviate from the prescribed holding pattern at pilots discretion.,Follow the radio communication failure procedure.,A
AirLaw,176,In a holding pattern all turns are to be made at a :,"rate of 3°per second or at a bank angle of 25°, which ever requires the lesser bank.",rate of 3°per second.,maximum bank angle of 25°.,"rate of 3°per second or at a bank angle of 20°, which ever requires the lesser bank.",A
AirLaw,177,"Entering a holding pattern at FL 110 with a jet aircraft, which will be the maximum speed ?",230 kt IAS.,230 kt TAS.,240 kt IAS.,240 kt TAS.,A
AirLaw,178,"Unless otherwise published or instructed by ATC, all turns after initial entry into the holding pattern shall be made into which direction?",To the right.,To the left.,First right and then to the left.,Teardrop to the left and then to the right.,A
AirLaw,179,What is the outbound timing in a holding pattern up to FL 140?,1 minute,2 minutes,"1,5 minutes",30 secondes,A
AirLaw,180,"You have received holding instructions for a radio fix. The published holding procedure is: all turns to the right, 1 minute outbound, inbound MC 052°. You are approaching the fix on an inbound Magnetic Track 232°. Select the available entry procedure.","Either """"off set"""" or """"parallel"""".",Off set.,Parallel.,Direct.,A
AirLaw,181,What is the outbound timing in a holding pattern above FL 140?,1 minute 30 seconds.,1 minute.,2 minutes.,2 minutes 30 seconds.,A
AirLaw,182,"In relation to the three entry sectors, the entry into the holding pattern shall be according to:",Heading.,Course.,Bearing.,Track.,A
AirLaw,183,"Related to the three entry sectors in a holding pattern, there is a zone of flexibility on either side of the sectors boundaries of:",5°.,10°.,15°.,20°.,A
AirLaw,184,How far beyond the boundary of the holding area extends the buffer area?,5 NM.,3 NM.,5 km.,3 km.,A
AirLaw,185,In a standard holding pattern turns are made :,to the right,to the left,"in a direction depending on the entry ,",in a direction depending on the wind direction,A
AirLaw,186,Standard airway holding pattern below 14 000 ft ?,Right hand turns / 1 minute outbound,Right hand turns / 1.5 minutes outbound,Left hand turns / 1 minute outbound,Left hand turns / 1.5 minutes outbound,A
AirLaw,187,The pilot of a departing aircraft flying under IFR shall change the altimeter setting from QNH to standard setting 1013.25 hPa when passing:,Transition altitude.,Transition layer.,Transition level.,The level specified by ATC.,A
AirLaw,188,The transition altitude of an aerodrome should not be below:,3000 ft.,2500 ft.,1500 ft.,1000 ft.,A
AirLaw,189,The vertical position of an aircraft at or below the transition altitude will be reported:,as altitude.,as height.,as hlight level.,according pilot's choice.,A
AirLaw,190,The vertical position of an aircraft at or above the transition level will be reported :,as flight level.,as height.,as altitude.,According to pilot's choice.,A
AirLaw,191,During flight through the transition layer the vertical position of the aircraft should be expressed as,altitude above mean sea level during descent,altitude above mean sea level during climb,flight level during descent,either altitude above mean sea level or flight level during climb,A
AirLaw,192,"Transition from altitude to flight level, and vice-versa is done:",at transition altitude during climb and transition level during descent.,at transition level during climb and transition altitude during descent.,only at transition altitude.,only at transition level.,A
AirLaw,193,In the vicinity of an aerodrome that is going to be used by the aircraft the vertical position of the aircraft shall be expressed in:,altitude above sea level on or below the transition altitude,altitude above sea level on or above the transition altitude,flight level on or below the transition level,flight level on or below the transition altitude,A
AirLaw,194,At what moment during the approach should the reported airfield altimeter setting be set?,When passing the transition level,When passing the transition altitude,Within the transition layer,When passing 3000 FT AMSL or 1000 FT AGL,A
AirLaw,195,The transition level:,shall be the lowest available flight level above the transition altitude that has been established,shall be the highest available flight level below the transition altitude that has been established,for the aerodrome is published in the AGA section of the AIP,is calculated and decided by the commander,A
AirLaw,196,The transition level:,Is calculated by ATS,Is published on the approach and landing chart for each aerodrome,Is calculated by the commander,Will be distributed via NOTAM,A
AirLaw,197,What will be the transponder mode and code for radio communication failure?,Mode A code 7600.,Mode A code 7500.,Mode B code 7600.,Mode A code 7700.,A
AirLaw,198,"When an aircraft carries a serviceable transponder, the pilot shall operate the transponder:","At all times during flight, regardless of whether the aircraft is within or outside airspace where SSR is used for ATS purposes.",Only when the aircraft is flying within airspace where SSR is used for ATS purposes.,Only when the aircraft is flying within controlled airspace.,Only when directed by ATC.,A
AirLaw,199,"When the aircraft carries serviceable Mode C equipment, the pilot:",Shall continuously operate this mode unless otherwise directed by ATC.,Shall continuously operate this mode only when directed by ATC.,Shall continuously operate this mode regardless of ATC instructions.,Shall continuously operate this mode only when the aircraft is within controlled airspace.,A
AirLaw,200,The pilot of an aircraft losing two-way communications shall set the transponder to Mode A Code:,7600.,2000.,7500.,7700.,A
AirLaw,201,"When an aircraft is subjected to unlawful interference, the pilot-in-command shall indicate the situation by setting the transponder to:",7500.,7700.,7600.,7000.,A
AirLaw,202,Pilots shall not operate the SSR special position indicator (IDENT) feature unless:,Requested by ATC.,They operate within controlled airspace.,They operate a transponder with Mode C.,They operate within non controlled airspace.,A
AirLaw,203,"When acknowledging mode/code setting instructions, pilots shall:",Read back the mode and code to be set.,Use only the word ROGER.,Use only the word WILCO.,Read back only the code to be set.,A
AirLaw,204,Which of the following correctly lists special purpose codes that are to be used in conjunction with Secondary Surveillance Radar (SSR)?,Distress 7700. Hijacking 7500. Communication failure 7600.,Distress 7700. Hijacking 7600. Communicaton failure 7500.,Distress 7500. Hijacking 7700. Communication failure 7600.,Distress 7600. Hijacking 7500. Communication failure 7700.,A
AirLaw,205,"Your transponder code assigned by ATC is 5320.In flight, in case of radio communications failure, you will squawk code :",A 7600 Mode C,A 5300 Mode C,A 7620 Mode C,A 0020 Mode C,A
AirLaw,206,"When an aircraft has sustained damage, the aircraft shall be allowed to resume its flight, if",the state of registry considers that the damage sustained is of a nature such that the aircraft is still airworthy,"the state of registry, the state of design and the state of manufacture consider that the aircraft is still airworthy",the state of manufacture informs the state of registry that the damage sustained is of a nature such that the aircraft is still airworthy,the state of design and the state of manufacture inform the state of registry that the aircraft is still airworthy,A
AirLaw,207,A controlled airspace extending upwards from a specified limit above the earth is:,Control area.,Control zone.,Advisory airspace.,Flight Information Region.,A
AirLaw,208,A controlled airspace extending upwards from the surface of the earth to a specified upper limit is:,Control zone.,Control area.,Air traffic zone.,Advisory airspace.,A
AirLaw,209,"ATS airspaces where IFR and VFR flights are permitted, all flights are subject to air traffic control service and are separated from each other is classified as:",Class B.,Class A.,Class D.,Class E.,A
AirLaw,210,Aerodrome traffic is:,All traffic on the manoeuvring area and flying in the vicinity of an aerodrome.,All traffic on the manoeuvring area.,All traffic on the movement area and flying in the vicinity of an aerodrome.,All traffic in the aerodrome circuit.,A
AirLaw,211,Air Traffic Service unit means:,"Air Traffic Control units, Flight Information Centers or Air Services reporting offices.",Air Traffic Control units and Flight Information Centers.,Air Traffic Control units and Air Services reporting offices.,Flight Information Centers and Air Services reporting offices.,A
AirLaw,212,Regarding Aerodrome Flight Information Sercice (AFIS) :,it can only supply limited services to the users and under no circumstances may it supply ATC services.,its purpose is to supply ATC services but it is not a state organisation.,it has the same privileges and prerogatives as an ATC organisation but its activity is neither continuous nor regular.,its only purpose is to relay ATC information to the aircraft in flight or on the ground.,A
AirLaw,213,An information issued by a meteorological watch office concerning the occurence or expected occurence of specified en-route weather phenomena which may affect the safety of low-level aircraft operations and which was not already included in the forecast issued for low level flights in the flight information region concerned or sub-area thereof is,An AIRMET information,A SIGMET information,A NOTAM,An En-Route Meteo Report,A
AirLaw,214,Which of the following Annexes to the Chicago convention contains international standards and recommended practices for air traffic services (ATS)?,Annex 11,Annex 14,Annex 6,Annex 17,A
AirLaw,215,Which condition is requested so that an aerodrome may be considered controlled?,The aerodrome shall be provided with a Control Tower.,The aerodrome shall be located within a Control Zone.,The aerodrome shall be located within a controlled airspace.,The aerodrome shall be located within a Control Zone (CTR) and provided with a Control Tower.,A
AirLaw,216,Flight Information Region (FIR) is an airspace within which the following services are provided:,Flight Information Service and Alerting Service.,"Flight Information Service, Alerting Service and Advisory Service.",Flight Information Service only.,Flight Information Service and Advisory Service.,A
AirLaw,217,Control Area (CTA) is defined as follows:,A controlled airspace extending upwards from a specified limit above the earth.,A controlled airspace extending upwards from a height of 900 feet above the earth.,A controlled airspace extending upwards from the surface of the earth to a specified limit.,A controlled airspace extending upwards from a height of 1000 feet above the earth.,A
AirLaw,218,A Control Zone shall extend laterally to at least:,5 nautical miles from the centre of the aerodrome or aerodromes concerned in the direction from which approaches may be made.,10 miles from the centre of the aerodrome or aerodromes concerned in the direction from which approaches may be made.,15 miles from the centre of the aerodrome or aerodromes concerned in the direction from which approaches may be made.,20 miles from the centre of the aerodrome or aerodromes concerned in the direction from which approaches may be made.,A
AirLaw,219,A lower limit of a Control Area shall be established at a height above the ground level or water of not less than:,200 metres.,300 metres.,150 metres.,500 metres.,A
AirLaw,220,The units providing Air Traffic Services are:,Area Control Centre - Flight Information Centre - Approach Control Office - Aerodrome Control Tower and Air Traffic Services reporting office.,Area Control Centre - Approach Control Office and Aerodrome Control Tower.,Area Control Centre - Advisory Centre - Flight Information Centre - Approach Control Office and Tower.,Area Control Centre - Flight Information Region - Approach Control Office and Tower.,A
AirLaw,221,The Approach Control Service is an air traffic control service,An air traffic control service provided for the arriving and departing controlled flights.,An air traffic control service for IFR flights arriving and departing.,An air traffic control service provided for IFR and VFR flights within a Control Zone.,An air traffic control service provided for IFR traffic within a Control Zone.,A
AirLaw,222,Air traffic control service is provided for the purpose of:,"Preventing collisions between aircraft, between aircraft and obstacles on the manoeuvring area and expediting and maintaining an orderly flow of air traffic",Applying separation between aircraft and expediting and maintaining an orderly flow of air traffic,Preventing collisions between controlled air traffic and expediting and maintaining an orderly flow of air traffic,Avoiding colisions between all aircraft and maintaining an orderly flow of air traffic,A
AirLaw,223,Which statement is correct?,"The lower limit of a TMA shall be established at a height of at least 700ft AGL,","The lower limit of a CTA shall be established at a height of at least 1500ft AGL,","The upper limit of a CTR shall be established at a height of at least 3000ft AMSL,",The lower limit of an UIR may coincide with an IFR cruising level,A
AirLaw,224,To perform a VFR flight in airspace classification E /,two way radiocommunication is not required.,a clearance is required.,a clearance and two-way radiocommunication is required.,a clearance and/or two-way radiocommunication is required.,A
AirLaw,225,An air traffic control unit :,may ask an aircraft to temporarily change its call sign for safety reasons when there is a risk of confusion between two or more similar call signs.,may require to change the call sign for safety reasons when there is a risk of confusion between two or more similar call signs providing the aircraft is on a repetitive flight plan.,must not ask an aircraft to change its call sign.,may not ask an aircraft to change its call sign after accepting the flight plan.,A
AirLaw,226,The transfer of an aircraft from one ATC unit to another is done :,by agreement with the receiving unit.,automatically at the control zone boundary.,with the pilot's consent.,through a central control unit.,A
AirLaw,227,"Concerning to RNP (Required Navigation Performance) types, the indication RNP 4, represents a navigation accuracy of",plus or minus 4 NM on a 95 per cent containment basis,plus or minus 4 NM on a 90 per cent containment basis,plus or minus 4 NM on a 98 per cent containment basis,plus or minus 4 miles on a 90 per cent containment basis,A
AirLaw,228,Air traffic services unit clocks and other time recording devices shall be checked as necessary to ensure correct time to within plus or minus,30 seconds of UTC at all times,15 seconds of UTC at all times,10 seconds of UTC at all times,1 minute of UTC at all times,A
AirLaw,229,Except in some special cases the establishment of change-over points should be limited to route segments of,60 NM or more,75 NM or more,50 NM or more,100 NM or more,A
AirLaw,230,Required Navigation Performance (RNP) shall be prescribed,by states on the basis of regional air navigation agreements,by states but not on the basis of regional air agreements,by ICAO on the basis of regional air navigation agreements,by regional air navigation agreements,A
AirLaw,231,What is the speed limit (IAS) in airspace class E?,250 kt for IFR and VFR UP TO FL 100,250 kt only for VFR up to FL 195,"250 kt VFR and IFR, all levels",250 kt only for IFR up to FL 100,A
AirLaw,232,"The speed limitation for IFR flights inside ATS airspace classified as C, when flying below 3.050 m (10.000 ft) AMSL, is :",Not applicable,250 KT IAS,250 KT TAS,240 KT IAS,A
AirLaw,233,"The speed limitation for VFR flights inside ATS airspace classified as C, when flying below 3.050 m (10.000 ft) AMSL, is :",250 KT IAS,250 KT TAS,Not applicable,240 KT IAS,A
AirLaw,234,"The speed limitation for IFR flights inside ATS airspace classified as E, when flying below 3.050 m (10.000 ft) AMSL, is :",250 KT IAS,250 KT TAS,Not applicable,260 KT IAS,A
AirLaw,235,"The speed limitation for both IFR flights and VFR flights inside ATS airspace classified as B, when flying below 3.050 m (10.000 ft) AMLS, is :",Not applicable,250 KT IAS,250 KT TAS,260 KT IAS,A
AirLaw,236,"Where an upper flight information region (UIR) is established, the procedures applicable there in :",need not to be identical with those applicable in the underlying flight information region,has to be the same as the underlying flight information region,have to be as indicated by ICAO council,have to be as agreed at the regional air navigation meetings,A
AirLaw,237,"The VMC minima for a VFR flight inside an ATS airspace classified as B, is :",8 km visibility when at or above 3050 m (10.000 ft) AMSL and clear of clouds,"8 km visibility when at or above 3050 m (10.000 ft) AMSL, and 1500 m horizontal and 300 m vertical from clouds","5 NM visibility below 3050 m (10.000 ft) AMSL, clear of clouds","5 NM visibility when below 3050 m (10.000 ft) AMSL, 1500 m horizontal and 300 m vertical from cloud",A
AirLaw,238,A VFR flight when flying inside an ATS airspace classified as B has to maintain the following minima of flight visibility and distance from clouds,5 km below 3050 m (10.000 ft) AMSL and clear of clouds,5 km below 3050 m (10.000 ft) AMS 1.500 m horizontal and 300 m vertical from clouds,"8 km below 3050 m (10.000 ft) AMSL, 1 500 m horizontal and 300 m vertical from clouds","5 km visibility, 1500 m horizontal and 300 m vertical from clouds",A
AirLaw,239,A VFR flight when flying inside an ATS airspace classified as C has to maintain the following minima of flight visibility and distance from clouds,8 km at or above 3050 m (10.000 ft) AMSL 1500 m horizontal and 300 m vertical from clouds,5km at or above 3050 m (10.000 ft) AMSL 1500 m horizontal and 300 m vertical from clouds,"5 NM at or above 3050 m (10.000 ft) AMSL, 1500 m horizontal and 300 m vertical from clouds","8 km at or above 3050 m (10.000 ft) AMSL, and clear of clouds",A
AirLaw,240,"An ATS airspace where IFR and VFR flights are permitted, all flights are subject to air traffic control service and IFR flights are separated from other IFR flights and from VFR flights VFR flights are separated from IFR flights and receive traffic information in respect of other VFR flights, is classified as :",Airspace C,Airspace D,Airspace E,Airspace B,A
AirLaw,241,"An ATS airspace where IFR and VFR flights are permitted, all flights are subject to air traffic control service and are separated from each other is classified as",Airspace B,Airspace C,Airspace D,Airspace E,A
AirLaw,242,"An ATS airspace where IFR and VFR flights are permitted and all flights are subject to air traffic control service. IFR flights are separated from other IFR flights and receive traffic information in respect of VFR flights. VFR flights receive traffic information in respect of all other flights, is classified as :",Airspace D,Airspace B,Airspace E,Airspace A,A
AirLaw,243,"An ATS airspace where IFR and VFR are permitted IFR flights are subject to Air Trafic Control Service and are separated from other IFR flights. All flights receive traffic information as far as is practical, is classified as",Airspace E,Airspace D,Airspace B,Airspace A,A
AirLaw,244,"An ATS airspace where IFR and VFR flights are permitted, all participating IFR flights receive an air traffic advisory service and all flights receive flight information service if requested, is classified",Airspace F,Airspace G,Airspace E,Airspace D,A
AirLaw,245,"An ATS airspace where IFR and VFR are permitted and receive flight information service if requested, is classified as",Airspace G,Airspace F,Airspace C,Airspace E,A
AirLaw,246,Area Control Centres issue clearances for the purpose of:,Achieving separation between controlled flights,Achieving separation between IFR flights,Providing flight Information Service,Providing advisory service,A
AirLaw,247,Clearances will be issued by an ATC unit for the purpose of:,Achieving separation between controlled flights,Providing flight Information Service,Providing advisory services,Providing alerting services,A
AirLaw,248,You receive an IFR enroute clearance stating: Clearence expires at 0920. What does it mean ?,"If not airborne until 0920, a new clearence has to be issued",Do not take off before 0920,The take off clearence is expected at 0920,After 0920 return to the ramp and file a new flight plan,A
AirLaw,249,"The longitudinal separation minima based on time between aircraft at same cruising level where navigation aids permit frequent determination of position and speed, is:",10 minutes.,5 minutes.,15 minutes.,3 minutes.,A
AirLaw,250,"The longitudinal separation minima based on time between aircraft at same cruising level where navigation aids permit frequent determination of position and speed and the preceding aircraft is maintaining a true airspeed of 20 kt or more faster than the succeeding aircraft, is:",5 minutes.,3 minutes.,10 minutes.,15 minutes.,A
AirLaw,251,"The longitudinal separation minima based on time between aircraft at same cruising level where navigation aids permit frequent determination of position and speed and the preceding aircraft is maintaining a true airspeed of 40 kt or more faster than the succeeding aircraft, is:",3 minutes.,5 minutes.,6 minutes.,10 minutes.,A
AirLaw,252,"The longitudinal separation minima between aircraft departed from the same aerodrome and following the same track, and the preceeding aircraft is maintaining a true airspeed of 20 kt or more faster than the succeeding aircraft, is:",5 minutes.,3 minutes.,10 minutes.,2 minutes.,A
AirLaw,253,"The longitudinal separation minima between aircraft departed from the same aerodrome and following the same track, and the preceeding aircraft is maintaining a true airspeed of 40 kt or more faster than the succeeding aircraft, is:",3 minutes.,5 minutes.,10 minutes.,8 minutes.,A
AirLaw,254,"When an aircraft will pass through the level of another aircraft on the same track, the following minimum longitudinal separation shall be provided:",15 minutes at the time the level is crossed.,10 minutes at the time the level is crossed.,5 minutes at the time the level is crossed.,20 minutes at the time the level is crossed.,A
AirLaw,255,"The longitudinal separation minima based on distance using DME, and each aircraft """"on track"""" uses DME stations, is:",20 NM.,10 NM.,5 NM.,20 NM when the leading aircraft maintains a true airspeed of 20 kt or more faster than the succeding aircraft.,A
AirLaw,256,An aircraft is maintaining FL 150 within airspace class C. Another aircraft below at FL 140 is receiving a clearance to descend to FL 70. It is severe turbulence in the area. When is the earliest that a clearance to descend to FL 140 or below can be expected ?,When the other aircraft has reported that it has descended through FL 130,When the other aircraft has reported that it has left FL 140,When the other aircraft has reported that it has reached FL 70,When the other aircraft has reported that it has left FL 120,A
AirLaw,257,What is the shortest distance in a sequence for landing between a 'Heavy' aircraft preceding a 'Light' aircraft,6 NM,3 NM,2 km,10 km,A
AirLaw,258,When are ATIS broadcasts updated ?,"Upon receipt of any official weather, regardless of content change or reported values","Every 30 minutes if weather conditions are below those for VFR , otherwise hourly",Only when weather conditions change enough to require a change in the active runway or instrument approach in use,Only when the ceiling and/or visibility changes by a reportable value,A
AirLaw,259,"The ATIS broadcast message should, whenever practicable, not exceed",30 seconds,1 minute,2 minutes,3 minutes,A
AirLaw,260,"Whenever ATIS is provided, the broadcast information shall be updated",immediately a significant change occurs,at least every half an hour independently of any significant change,as prescribed by the meteorological office,as prescribed by the state,A
AirLaw,261,"Whenever ATIS is provided, the preparation and dissemination of the ATIS message shall be the responsability of",the air traffic services,the meteorological office serving the aerodrome (s),both air traffic services and the meteorological office,the unit as prescribed the states,A
AirLaw,262,ATIS broadcast,shall not be transmitted on the voice channel of an ILS,"Shall be transmitted on the voice channel of an ILS, on a discrete VHF frequency or on the voice channel of a VOR",Shall not be transmitted on the voice of a VOR,Shall only be transmitted on a discrete VHF frequency,A
AirLaw,263,Flight Information Service shall be provided to aircraft in order to avoid collision hazards when operating in airspace classes :,"C, D, E, F, and G",F and G only,"A, B, C, D, E, F and G",F only,A
AirLaw,264,Flight information service provided to flights shall include the provision of information concerning collision hazards to aircraft operating in airspace classes:,C to G (inclusive),A to G (inclusive),A to E (inclusive),F and G,A
AirLaw,265,"ATIS broadcast messages containing departure and arrival information should include cloud cover, when the clouds are :","below 1 500 m (5.000 ft) or below the highest minimum sector altitude, whichever is the greater","below 900 m (3.000 ft) or below the highest minimum sector altitude, whichever is the greater","below 2 000 m (600 ft) or below the highest minimum sector altitude, whichever is the greater",cumulonimbus,A
AirLaw,266,"When it becomes apparent that an aircraft is in difficulty, the decision to initiate the alert phases is the responsibility of the:",operational air traffic control centres,flight information or control organisations,air traffic co-ordination services,search and rescue co-ordination centres,A
AirLaw,267,The Alerting Service is provided by:,The ATS unit responsible for the aircraft at that moment.,"The ATC unit responsible for the aircraft at that moment, when it is provided with 121.5 MHz.",Only by ATC units.,The Area Control Centres.,A
AirLaw,268,The phases related to an aircraft in emergency or believed in emergency are:,"uncertainty phase, alert phase, distress phase.","uncertainty phase, urgency phase, distress phase.","uncertainty phase, distress phase, urgency phase.","uncertainty phase, alert phase, distress phase and urgency phase.",A
AirLaw,269,"A radio communications, """"Distress"""" differs from """"Urgency"""" because in the first case:",There is a serious and imminent danger requiring immediate assistance.,The aeroplane has suffered damages which impair its fitness to fly.,The aeroplane will not be able to reach a suitable aerodrome.,The aeroplane or a passenger's safety require the flight immediately interrupted.,A
AirLaw,270,Which of the following statements regarding Alerting service is correct?,Alerting Service and Flight Information Service are often provided by the same ATS unit,"The Alert phase is established when no communication has been received from an aircraft within a period of thirty minutes after the time a communication should have been received,",The distress phase is established when an aircraft is known or believed th be the subject of unlawful interference,"Aircraft in the vicinity of an aircraft known or believed to be the subject of unlawful interference, shall be informed about this,",A
AirLaw,271,"When an aircraft is experiencing difficulties, triggering of the alert phase is the responsibility of:",air traffic control and flight information centers.,search and rescue coordination centres.,air traffic coordination centres.,control centres only.,A
AirLaw,272,Alert phase is defined as follows:,A situation where an apprehension exists as to the safety of an aircraft and its occupants.,An emergency event in which an aircraft and its occupants are considered to be threatened by a danger.,A situation related to an aircraft and its occupants are considered to be in a state of emergency.,A situation related to an aircraft which reports that the fuel on board is exhausted.,A
AirLaw,273,"When on a RNP 1 route is indicated A342 Z, means that all turns shall be made within the allowable RNP tolerance of a tangential arc between the straight leg segments with a radius of :",15 NM on the route between 30° and 90° at and below FL 190,15 NM on the route between 30° and 90° at and above FL 200,22.5 NM on the route between 30° and 90° at and above FL 250,25 NM on the route between 30° and 90° at and below FL190,A
AirLaw,274,"When on a RNP 1 route is indicated B235 Y, means that all turns shall be made within the allowable RNP tolerance of a tangential arc between the straight leg segments defined with a radius of :",22.5 NM between 30° and 90° at and above FL200,25.0 NM on the route between 30° and 90° at and above FL 250,22.5 NM between 30° and 90° at and above FL260,20 NM on the route between 30° and 90° at and above FL200,A
AirLaw,275,The rule governing flight over water for a single engined aeroplane engaged in the public transport of passengers:,limits such flight to a height sufficient to land safely if the engine fails.,does not permit such flight in any circumstances.,limits flight to up to 10 minutes flying time from the nearest shore.,limits flight to up to 8 NM from the nearest shore.,A
AirLaw,276,The period of validity for take-off slots assigned by CEU (flow control centre):,is 15 minutes.,"depends on the type of flight (10 minutes for international flights, 5 minutes for domestic flights).",is 10 minutes.,is 5 minutes.,A
AirLaw,277,A flight plan shall be submitted prior to departure for a controlled flight at least:,60 minutes prior to departure.,10 minutes prior to departure.,30 minutes prior to leave the blocks.,50 minutes prior to leave the blocks.,A
AirLaw,278,"If radio communication failure is experienced on an IFR flight in IMC, generally the pilot shall:",Try to get contact on other frequencies either ground or aircraft stations - Transmit being indicating important details required 2 times.,Land on the nearest suitable aerodrome and report the termination of the flight to ATC.,Try to get contact on other frequencies either ground or aircraft stations.,Transmit blind indicating details required at least 2 times.,A
AirLaw,279,"The pilot in command of an aircraft:1 - must comply immediately to all instructions received from ATC.2 - is responsible only if he is the """"pilot flying"""".3 - may deviate from air regulations for safety reasons.4 - may be exempt from air regulations in order to comply to an ATC instruction.5 - may ask for the modification of an unsatisfactory clearance.Which of the following combinations contains all of the correct statements?",05-Mar,2003-04-05,1 - 4,2002-03-05,A
AirLaw,280,A strayed aircraft is :,An aircraft which has deviated significantly from its intended track or which reports that it is lost,only that aircraft which has deviated significantly its intended track,only that aircraft which reports that it is lost,an aircraft in a given area but whose identity has not been established,A
AirLaw,281,"""""ESSENTIAL TRAFFIC"""" is that controlled flight to which the provision of separation by ATC is applicable, but which, in relation to a particular controlled flight is not separated therefore by the appropriate separation minima. Whenever separation minima is not applied. The following flights are considered essential traffic one to each other.",All IFR flight in controlled airspaces and controlled VFR.,Controlled VFR flights and VFR flights.,All IFR flights.,Only controlled IFR flights.,A
AirLaw,282,"When, in air space where VFR are permitted, the pilot in command of an IFR flight wishes to continue his flight in accordance with visual flight rules, until the destination is reached:1 He must inform the control unit (""""cancel IFR"""")2 He must request and obtain clearance.3 He may request his IFR flight plan to be changed to a VFR flight plan.4 The flight plan automatically becomes a VFR flight plan.The correct combination of statements is:",1 and 4,2 and 4,2 and 3,1 and 3,A
AirLaw,283,A signalman will ask the pilot to apply parking brakes by the following signals:,"Raising arm and hand horizontally in front of body, fingers extended then clenching fist.","Arms down, palms facing inwards, moving arms from extended position inwards.",Crossing arms extended above his head.,"Horizontally moving hands, fingers extended, palms toward ground.",A
AirLaw,284,"In the event of a delay of a controlled flight, the submitted flight plan should be amended or cancelled and a new flight plan submitted when the delay is:",30 minutes in excess of the estimated time off blocks.,30 minutes in excess of the estimated time of departure.,60 minutes in excess of the estimated time off blocks.,60 minutes in excess of the estimated time of departure.,A
AirLaw,285,Which is the content of section 2 of Air-Report (AIREP)?,"Estimated time of arrival (ETA), endurance.","Estimated elapse time (EET), endurance.","Present position, estimated time of arrival (ETA).","Estimated time over FIR boundary, endurance.",A
AirLaw,286,The position reports shall contain the following elements of information in the order listed:,"Aircraft identification, position, time, flight level or altitude, next position and time over and ensuing significant point.","Aircraft identification, position, flight level or altitude,time, next position and time over and ensuing significant point.","Aircraft identification, position, time, true air speed, flight level or altitude, next position and time over.","Aircraft identification, position, time, flight level or altitude, next position and time over.",A
AirLaw,287,Who is responsible for an ATC clearance to be safe in respect to terrain clearance?,The pilot in command.,The aircraft operator.,The ATC.,The air traffic service reporting office when accepting the flight plan.,A
AirLaw,288,Which letter is used in a flight plan to indicate that the flight commences in accordance with VFR and subsequently changes to IFR?,Z,I,V,Y,A
AirLaw,289,Which letter is used in a flight plan to indicate that the flight commences in accordance with IFR and subsequently changes to VFR?,Y,I,V,Z,A
AirLaw,290,"In the event of a delay for an uncontrolled flight which a flight plan has been submitted, the flight plan should be amended or a new flight plan submitted and the old one cancelled, when:",The delay is more than 60 minutes of the estimated time off-blocks.,The delay is more than 30 minutes of the estimated time off-blocks.,The delay is more than 60 minutes of the estimated time of departure.,The delay is more than 30 minutes of the estimated time off departure.,A
AirLaw,291,A pilot receiving an IFR clearance from ATC should:,Read back the entire clearance as required by regulation.,"Read back those parts containing level assignments, vectors or any part requiring verification.","Read back the initial route clearance, level assignments and transponder codes.",Read back should be unsolicited.,A
AirLaw,292,Change from IFR to VFR will always take place :,on the initiative of the aircraft commander,"at the clearance limit, irrespective of the weather conditions",as instructed by an air traffic control unit,when the aircraft is leaving controlled airspace during VMC,A
AirLaw,293,A Special Air Report comprises a number of sections.In section I the pilot fills in :,"a position report, including aircraft identification, height, position and time ,","weather noted ,","flight identification and weather noted ,",urgent messages,A
AirLaw,294,"The letter """"L"""" is written in the wake turbulence box of a flight plan form when the maximum certified take-off weight of an aircraft is less than or equal to:",7 000 kg.,14 000 kg.,20 000 kg.,5 700 kg for airplanes and 2 700 kg for helicopters.,A
AirLaw,295,If no ICAO identifier has been attributed to an alternate airport (box 16) of a flight plan form...,write ZZZZ in box 16 and indicate in box 18 (additional information) ALTN/followed by the name of theairport.,write XXXX in box 16 and indicate in box 18 (additional information) ALTN/followed by the name of theairport,write XXXX in box 16 and indicate in box 18 (additional information) DEGT/followed by the name of the airport,write ZZZZ in box 16 and indicate in box 18 (additional information) DEGT/followed by the name of theairport.,A
AirLaw,296,The planned cruising speed for the first leg or all of the cruising portion of the flight must be entered in the speed box of a flight plan form. This speed is the:,true air speed (TAS).,estimated ground speed (G/S).,indicated air speed (IAS).,true air speed at 65% power.,A
AirLaw,297,"The """"estimated total time"""" in block 16 of a VFR flight plan is the estimated time :",required by the aircraft from take-off to arrive overhead the destination airport.,required by the aircraft from the moment it moves by its own power until it stops at the end of the flight (block time).,required by the aircraft from brake release at take-off until landing.,of endurance at cruising power taking into account pressure and temperature on that day.,A
AirLaw,298,Which procedure you follow if during an IFR flight in VMC you have two way communication failure?,Continue the flight maintaining VMC and land as soon as practicable.,"Continue the flight at the assigned level and route, start approach at your ETA.",Maintain your assigned level and route and land at the nearest aerodrome that has VMC conditions.,Return to the aerodrome of departure.,A
AirLaw,299,Track separation between aircraft using the same NDB shall be applied requiring the aircraft to fly:,At least 30° separated at a distance of 15 NM or more from the facility.,At least 15° separated at a distance of 15 NM or more from the facility.,At least 45° separated at a distance of 15 NM or more from the facility.,At least 30° separated at a distance of 15 miles or more from the facility.,A
AirLaw,300,Track separation between aircraft using the same FIX shall be applied requiring the aircraft to fly:,At least 45° separated at a distance of 15 NM or more from the fix.,At least 45° separated at a distance of 15 miles or more from the FIX.,At least 30° separated at a distance of 15 NM or more from the FIX.,At least 30° separated at a distance of 15 miles or more from the FIX.,A
AirLaw,301,If an ATC clearance is not suitable to the pilot in command of an aircraft:,"He may request and, if practicable, obtain an amended clearance.",He may request another clearance and the ATC concerned has to accept the pilot request.,The pilot has to accept the ATC clearance because it has been based on the flight plan filed with ATC.,The pilot should propose another clearance to the ATC concerned.,A
AirLaw,302,"The """"VMC and own separation"""" ATC clearance is used for a controlled flight to cross the level of another controlled flight when:","Requested by the pilot, during the day light and authorized by the state overflown.",Requested by the pilot and during the day light.,Requested by the pilot and authorized by the state overflown.,This procedure is not allowed.,A
AirLaw,303,"Normally all turns, which are requested by a radar controller have to be executed as:",Standard rate turns if not otherwise instructed by ATC.,Decided on pilot's discretion.,Prescribed by the aircraft operations.,the weather permits.,A
AirLaw,304,What are the controlled IFR separation methods applied by ATC?,"Vertical, horizontal and composite separation.","Vertical, horizontal and longitudinal separation.",Time separation and track separation.,Composite separation.,A
AirLaw,305,The vertical IFR separation minimum being applied by ATC within a controlled airspace below FL 290 is:,1000 feet (300 m).,2000 feet (600 m).,500 feet (150 m).,2500 feet (750 m).,A
AirLaw,306,The vertical IFR separation minimum being applied by ATC within a controlled airspace above FL 290 is:,2000 feet (600 m).,1000 feet (300 m).,500 feet (150 m).,4000 feet (1200 m).,A
AirLaw,307,Track separation between aircraft using the same VOR shall be applied requiring the aircraft to fly:,At least 15° separated at a distance of 15 NM or more from the facility.,At least 30° separated at a distance of 15 NM or more from the facility.,At least 45° separated at a distance of 15 NM or more from the facility.,At least 15° separated at a distance of 15 miles or more from the facility.,A
AirLaw,308,"Flying exactly on your current flight plan route, you receive and acknowledge the following instruction from the radar controller:""""Turn immediately, continue heading 050° until further advised"""".Time now is 18:36 UTC. At 18:37 UTC you find out that radio communication cannot be stablished again and you have to return to your current flight plan route:",On the nearest way.,With an intercept of 20° or more.,With an intercept of at least 45°.,With an intercept of at least 30°.,A
AirLaw,309,Above flight level FL 290 the vertical flight separation between aircraft on the same direction is:,4 000 feet.,2 000 feet.,3 000 feet.,1 500 feet.,A
AirLaw,310,"The longitudinal separation minima based on DME, and each aircraft """"on track"""" uses DME stations, is:",10 NM provided that the leading aircraft maintains a true airspeed of 20 kt or more faster than the succeding aircraft.,10 NM provided that the leading aircraft maintains a true airspeed of 40 kt or more faster than the succeding aircraft.,20 NM provided that the leading aircraft maintains a true airspeed of 10 kt or more faster than the succeding aircraft.,10 NM provided that the leading aircraft maintains a true airspeed of 10 kt or more faster than the succeding aircraft.,A
AirLaw,311,"A """"RNAV"""" distance based separation minimum may be used at the time the level is crossed, provided that each aircraft reports its distance to or from the same """"on track"""" way-point. This minimum is:",80 NM.,60 NM.,50 NM.,20 NM.,A
AirLaw,312,"A VFR flight constitutes essential traffic to other VFR flights, when operating in controlled airspaced classified as:",B.,B and C.,"B, C and D.","B, C, D and E.",A
AirLaw,313,One minute separation may be used between departing aircraft if they are to fly on tracks diverging by at least:,45° immediately after take-off.,30° immediately after take-off.,15° immediately after take-off.,25° immediately after take-off.,A
AirLaw,314,"Two minutes separation may be used between departing aircraft if they are to fly on the same track, when:",The preceeding aircraft is 40 kt or more faster than the following aircraft.,The preceeding aircraft is 30 kt or more faster than the following aircraft.,The preceeding aircraft is 20 kt or more faster than the following aircraft.,The preceeding aircraft is 10 kt or more faster than the following aircraft.,A
AirLaw,315,The separation method whereby the vertical and horizontal separation may be reduced till a maximum of half the standard criteria is called :,Composite separation,Combined separation,Reduced separation,Essential separation,A
AirLaw,316,What is the minimum vertical separation between aircraft flying IFR below flight level 290?,1000 feet,500 feet,1500 feet,2000 feet,A
AirLaw,317,Cruising level IFR during cruise within controlled airspace shall be given as flight level (FL),Above the transition altitude when applicable,When QNH is higher than the standard pressure 1013 hPa,only in airspace class A,if the obstacle clearance is more than 2000 feet,A
AirLaw,318,Changing of flight rules from IFR to VFR is possible,If the commander so requests,If instructed by ATC so long as VMC is forecasted during the next 30 minutes,If instructed by ATCso long as VMC is forecasted during the next 60 minutes,Only when leaving controlled airspace,A
AirLaw,319,Aircraft flying along the same track may be separated by DME-distances from the same DME and it is confirmed that the aircraft have passed each other. Specify the shortest difference in DME-distance to make it possible for one aircraft to climb or descend,10 NM,12 NM,15 NM,20 NM,A
AirLaw,320,"Whenever unlawful interference with an aircraft is suspected, and where automatic distinct display of SSR Mode A code 7500 and code 7700 is not provided, the radar controller shall attempt to verify this suspicion by :",Setting the SSR decoder to mode A code 7500 and thereafter to code 7700,Setting the SSR decoder to mode A code 7000 and thereafter to code 7500,Setting the SSR decoder to mode A 7500 then to standby and thereafter to code 7700,Setting the SSR decoder to mode A 7700 then to standby and thereafter to code 7500,A
AirLaw,321,"When the Mach number tecnique (MNT) is being applied, and the preceding aircraft shall maintain a mach number equal to or greater than the following aircraft a RNAV distance based separation minimum may be used on the same direction tracks in lieu of 10 minutes longitudinal separation minimum. The distance is :",80 NM,100 NM,70 NM,60 NM,A
AirLaw,322,"Longitudinal separation minima based on distance using DME for aircraft at the same cruising level and track, provided that each aircraft utilizes """"on Track"""" DME stations and separation is checked by obtaining simultaneous DME readings, is :",20 NM,10 NM,25 NM,40 NM,A
AirLaw,323,Longitudinal separation minima based on time for aircraft at the same cruising level when navigation aids permit frequent determination of position and speed provided that the preceding aircraft is maintaining a true air speed of 40 Kt or more faster than the succeeding aircraft will be,3 minutes,5 minutes,10 minutes,2 minutes,A
AirLaw,324,Longitudinal separation minima based on time for aircraft at the same cruising level when navigation aids permit frequent determination of position and speed provided that the preceding aircraft is maintaining a true air speed of 20 Kt or more faster than the succeeding aircraft will be,5 minutes,3 minutes,10 minutes,2 minutes,A
AirLaw,325,Longitudinal separation minima based on time for aircraft at the same cruising level when navigation aids permit frequent determination of position and speed will be,10 minutes,15 minutes,5 minutes,3 minutes,A
AirLaw,326,Repetitive flight plans (RPL's) shall not be used for flights operated regularly on the same day(s) of consecutive weeks and :,On at least ten occasions or every day over a period of at least ten consecutive days,On at least ten occasions or every day over a period of at least 20 consecutive days,On at least 20 days consecutively,On at least 20 occasions,A
AirLaw,327,The minimum sector altitude provides 300 metres obstacle clearance within how many miles radius from the navigation facility upon which the instrument approach procedure is predicated:,25 NM (46 km).,15 NM (28 km).,20 NM (37 km).,30 NM (55 km).,A
AirLaw,328,"""""Time Approach Procedure"""" is used as necessary to expedite the approach of a number of arriving aircraft. This will be obtained requesting aircraft:",To pass the specified point inbound at the previously notified time.,To pass a specified point.,To apply a step down descent between aircraft in the approach sequence.,To maintain a specified speed during the approach procedure.,A
AirLaw,329,During a take-off into IMC conditions with low ceiling the pilot should contact departure control:,When advised by Tower.,Before penetrating the clouds.,When clear of the airport and established on the first heading given in the clearance.,After take-off.,A
AirLaw,330,"A so called """"Visual Approach"""" can be performed :","during IFR flights, if there is permanent sight on the movement area and the underlying ground,","during IFR and VFR flights in VMC,","during IFR flights, if the cloudbase is 1000 ft more than the appropriate DA or MDA for that procedure,","as in above, but in addition there should be a visibility of 5,5 km or more",A
AirLaw,331,An approaching aircraft may descent below the MSA if :,all mentioned answers are correct,"the pilot has the field and the underlying terrain in sight and will keep it in sight,","the aircraft gets radar vectors ,",the pilot is following the published approach procedure,A
AirLaw,332,"The EAT has to be transmitted to the pilot as soon as possible, in case the expected delay is :",5 minutes or more.,15 minutes or more,10 minutes,20 minutes,A
AirLaw,333,"Which statement is correct ?During a """"Visual Approach"""" in Controlled Airspace (Classe C):",ATC will apply separation with other traffic,"the pilot to apply separation with other traffic,",ATC will apply separation only with other IFR-traffic,ATC will apply separation with other arriving traffic,A
AirLaw,334,If an arriving aircraft is making a straight in approach a departing aircraft may take off in any direction,until five minutes before the arriving aircraft is estimated to be over the instrument runway,until three minutes before the arriving aircraft is estimated to be over the instrument runway,until two minutes before the arriving aircraft is estimated to be over the instrument runway,until ten minutes before the arriving aircraft is estimated to be over the instrument runway,A
AirLaw,335,"For an IFR flight to an airport equipped with navaids, the estimated time of arrival is the estimated time at which the aircraft:",will arrive overhead the initial approach fix.,will land.,will stop on the parking area.,will leave the initial approach fix to start the final approach.,A
AirLaw,336,"For controlled traffic that shall be separated in the vicinity of an airport, separation minima may be reduced:",When the commander in the following aircraft has the preceding aircraft in sight and is able to maintain own separation,At the discretion of the air traffic controller,If the commander of the involved aircraft so requests,Only if the air traffic controller has the involved aircraft in sight,A
AirLaw,337,"If the crew on an arriving aircraft approaching a controlled aerodrome will report 'field in sight', a clearance for 'visual approach' may be given under certain conditions",The air traffic controller will provide separation to other controlled traffic,Continued approach will be according to VFR,The approach must be passing the FAF,The meteorological visibility must not be less than 8 km,A
AirLaw,338,"At the commencement of final approach, if the controller possesses wind information in the form of components, significant changes in the mean surface wind direction and speed shall be transmitted to aircraft. The mean cross-wind component significant change is :",5 KT,3 KT,10 KT,8 KT,A
AirLaw,339,"At the commencement of final approach, if the controller possesses wind information in the form of components, significant changes in the mean surface wind direction and speed shall be transmitted to aircraft. The mean tail-wind component significant change is :",2 KT,4 KT,5 KT,3 KT,A
AirLaw,340,"At the commencement of final approach, if the controller possesses wind information in the form of components, significant changes in the mean surface wind direction and speed shall be transmitted to aircraft. The mean head-wind component significant change is :",10 KT,5 KT,8 KT,4 KT,A
AirLaw,341,"During an arrival procedure under an IFR flight plan in VMC conditions, traffic avoidance is the responsibility of:",the pilot in command.,the approach controller.,the radar controller.,the airport controller.,A
AirLaw,342,"A minimum vertical separation shall be provided until aircraft are etablished inbound on the ILS localizer course and/or MLS final approach track. This minimum is, when independent parallel approaches are being conducted :",300 m (1000 ft),200 m (660 ft),150 m (500 ft),100 m (330 ft),A
AirLaw,343,"A minimum radar separation shall be provided until aircraft are etablished inbound on the ILS localizer course and/or MLS final approach track. This minimum is, when independent parallel approaches are being conducted :",3.0 NM,5.0 NM,1.0 NM,2.0 NM,A
AirLaw,344,Independent parallel approaches may be conducted to parallel runways provided that :,the missed approach track for one approach diverges by at least 30° (degrees) from the missed approach track of the adjacent approach,the missed approach track for one approach diverges by at least 20° (degrees) from the missed approach track of the adjacent approach,the missed approach track for one approach diverges by at least 25° (degrees) from the missed approach track of the adjacent approach,the missed approach track for one approach diverges by at least 45° (degrees) from the missed approach track of the adjacent approach,A
AirLaw,345,"When independent parallel approaches are being conducted and vectoring to intercept the ILS localizer course or MLS final approach track,the final vector shall be such as to enable the aircraft to intercept the ILS localizer course or MLS final approach track at an angle not greater than :",30 degrees,25 degrees,20 degrees,15 degrees,A
AirLaw,346,Independent parallel approaches may be conducted to parallel runways provided that a no transgression zone (NTZ) of at least :,610 m is established between extended runway centre lines and as is depicted on the radar display,500 m is established between extended runway centre lines and as is depicted on the radar display,710 m is established between extended runway centre lines and as is depicted on the radar display,600 m is established between extended runway centre lines and as is depicted on the radar display,A
AirLaw,347,"When independent parallel approaches are being conducted to parallel runways and vectoring to intercept the ILS localizer course or MLS final approach track, the vector shall be such as to enable the aircraft to be established on the ILS localizer course or MLS final approach track in level flight for :",at least 2.0 NM prior to intercepting the ILS glide path or specified MLS elevation angle,at least 3.0 NM prior to intercepting the ILS glide path or specified MLS elevation angle,at least 1.5 NM prior to intercepting the ILS glide path or specified MLS elevation angle,at least 2.5 NM prior to intercepting the ILS glide path or specified MLS elevation angle,A
AirLaw,348,Dependent parallel approaches may be conducted to parallel runways provided that : the missed approach track for one approach diverges by :,at least 30° (degrees) from the missed approach track of the adjacent approach,at least 45° (degrees) from the missed approach track of the adjacent approach,at least 25° (degrees) from the missed approach track of the adjacent approach,at least 15° (degrees) from the missed approach track of the adjacent approach,A
AirLaw,349,"When a runway is 2 000 metres in length, and taxi holding positions have not been established, aircraft shall not be held closer to the runway in use more than:",50 metres.,30 metres.,45 metres.,60 metres.,A
AirLaw,350,Which of the following statements regarding aerodrome control service is correct?,"An aircraft entering the traffic circuit without permission of ATC, will be cleared to land if this is desirable ,","The aerodrome control service is a service provided for the purpose of preventing collisions between aircraft on the movement area,","Suspension of VFR operations can not be initiated by the aerodrome controller,",ATC permission is required for entering the apron with a vehicule,A
AirLaw,351,Which statement regarding approach control service is correct ?,"If it is anticipated that an aircraft has to hold for 30 minutes or more, an Expected Approach Time will be transmitted by the most expeditious means to the aircraft","Approach control have to advise the aircraft operators about substantial delays in departure in any event when they are expected to exceed 45 minutes ,","An approach sequence shall be established according to the sequence of initial radio contact between aircraft and approach control ,","During a visual approach an aircraft is maintaining its own separation ,",A
AirLaw,352,A braking action given by ATS of 0.25 and below is :,Poor,Good,Medium/poor,Medium,A
AirLaw,353,"Lights on and in the vicinity of aerodromes may be turned off, provided that they can be again brought into operation :",At least one hour before the expected arrival of an aircraft,At least 30 minutes before the expected arrival of an aircraft,At least 15 minutes before the expected arrival of an aircraft,At least 5 minutes before the expected arrival of an aircraft,A
AirLaw,354,"Special VFR flights may the authorized to operate locally within a control zone when the ground visibility is not less than 1 500 metres, even when the aircraft is not equipped with a functioning radio receiver within class :",E airspace,D and E airspaces,D airspace,"C, D and E airspaces",A
AirLaw,355,"In order to meet wake turbulence criteria, for arriving aircraft and using timed approaches, what minima shall be applied to aircraft landing behind a heavy or a medium aircraft ?",medium aircraft behind heavy aircraft - 2 minutes,medium aircraft other medium aircraft - 2 minutes,light aircraft behind medium aircraft -4 minutes,medium aircraft behind heavy aircraft - 3 minutes,A
AirLaw,356,According to international agreements wind direction shall be adjusted to the local variation and given in degrees magnetic :,Before landing and take-off,When the local variation exceeds 10° East or 10° West.,In upper wind forecast for areas north of lat 60° north or 60° south.,When an aircraft on the request by a meteorological watch office (MWO) or at specified points transmits a PIREP,A
AirLaw,357,A separation minimum shall be applied between a light or MEDIUM aircraft and a HEAVY aircraft and between a LIGHT aircraft and a MEDIUM aircraft when the heavier aircraft is making a low or missed approach and the lighter aircraft is landing on the same runway in the opposite direction or on a parallel opposite direction runway separated by :,Less than 760 m,760 m,Less than 730 m,730 m,A
AirLaw,358,"A separation minimum shall be applied between a light or MEDIUM aircraft and a HEAVY aircraft and between a LIGHT aircraft and a MEDIUM aircraft when the heavier aircraft is making a low or missed approach and the lighter aircraft is utilizing an opposite direction runway for take off, this minimum is :",2 minutes,5 minutes,3 minutes,1 minute,A
AirLaw,359,"In order to meet the wake turbulence criteria, what minimum separation should be applied when a medium aircraft is taking off behind a heavy aircraft and both are using the same runway ?",2 minutes,3 minutes,4 minutes,1 minute,A
AirLaw,360,Flight information service shall be provided to all aircraft which are likely to be affected by the information and which are:,Provided with the air traffic control services and otherwise known to the relevant air traffic service units.,"Provided with air traffic control services, only.",Known to the relevant air traffic services units.,Known to the relevant air traffic services units by a filed flight plan.,A
AirLaw,361,Alerting service shall be provided:,"For all controlled flight, to any aircraft known or believed to be subject of unlawful interference, and in so far as practicable to all aircraft having filed a flight plan or otherwise known to the ATS.","For all aircraft provided with air traffic control services, only.","To any aircraft known or believed to be subject of unlawful interference, only.",In so far as practicable to all aircraft having filed a flight plan or otherwise known by the ATS.,A
AirLaw,362,What is the minimum wake turbulence separation criteria when a light aircraft is taking off behind a medium aircraft and both are using the same runway ?,2 minutes,3 minutes,1 minute,5 minutes,A
AirLaw,363,"Where a """"Secondary Surveillance Radar"""" (SSR) is not available, radar identification may be achieved by one of the following procedures:",To instruct the pilot to execute one or more changes of 30° or more.,To instruct the pilot to execute one or more changes of 20° or more.,To instruct the pilot to execute one or more changes of 10°.,To instruct the pilot to execute one or more changes of 45°.,A
AirLaw,364,"Which code shall be used on Mode """"A"""" to provide recognition of an aircraft subjected to unlawful interference?",Code 7500.,Code 7700.,Code 7600.,Code 2000.,A
AirLaw,365,"Which does ATC Term """"Radar contact"""" signify?",Your aircraft has been identified on the radar display and radar flight instructions will be provided until radar identification is terminated.,Your aircraft has been identified and you will receive separation from all aircraft while in contact with this radar facility.,You will be given traffic advisories until advised that the service has been terminated or that radar contact has been lost.,ATC is receiving your transponder and will furnish vectors and traffic advisories until you are advised that contact has been lost.,A
AirLaw,366,"What is meant when departure control instruct you to """"resume own navigation"""" after you have been vectored to an airway?",You should maintain that airway by use of your navigation equipment.,Radar Service is terminated.,Advisories will no longer be issued by ATC.,"You are still in radar contact, but must make position reports.",A
AirLaw,367,An aircraft in climb or descent is considered to have crossed a level when the SSR mode C derived level information indicates that it has passed this level in the required direction by:,More than 300 ft.,300 ft.,+/- 300 ft.,More than 200 ft.,A
AirLaw,368,The radar separation minimum may be reduced but not below:,3.0 NM.,5.0 NM.,2.0 NM.,1.5 NM.,A
AirLaw,369,"Unless otherwise prescribed by the appropriate ATS authority, the radar controller should notify the non-radar controller when an aircraft making a radar approach is approximately:",8 NM.,10 NM.,5 NM.,6 NM.,A
AirLaw,370,"An aircraft making a radar approach should be advised to consider executing a missed approach, if the position or identification of the aircraft is in doubt during any portion of the final approach or if the aircraft is not visible on the radar display for significant interval during the last:",2 NM.,3 NM.,1 NM.,4 NM.,A
AirLaw,371,"When conducting a surveillance radar approach, the radar controller shall terminate the surveillance radar approach, except as determined by the appropriate ATS authority, at a distance of:",2 NM from touchdown.,3 NM from touchdown.,2.5 NM from touchdown.,1 NM from touchdown.,A
AirLaw,372,"Subject to conditions specified by the appropriate ATS authority, a radar controller may request radar-controlled aircraft to adjust their speed when established on intermediate and final approach. This speed adjustment should not be more than:",+/- 20 kt.,+/- 10 kt.,+/- 15 kt.,+/- 8 kt.,A
AirLaw,373,The radar controller shall not request the pilot to adjust the speed where the aircraft has passed:,4 NM from the threshold on final approach.,2 NM from the threshold on final approach.,3 NM from the threshold on final approach.,5 NM from the threshold on final approach.,A
AirLaw,374,"Upon intercepting the assigned radial, the controller advises you that you are on the airway and to """"resume own navigation"""". This phrase means that:",You are to assume responsability for your own navigation.,"You are still in radar contact, but must make position reports.",Radar services are terminated and you will be responsable for position reports.,You are to contact the centre at the next reporting point.,A
AirLaw,375,The Air Traffic control Services : do not prevent collisions with terrain.,"Correct, expect when an IFR flight is vectored by radar.",Prevent collisions with terrain,Do not prevent collisions with terrain,Except when an aircraft is flying IFR in IMC.,A
AirLaw,376,"Which code shall be used on mode """"A"""" to provide recognition of an emergency aircraft?",Code 7700.,Code 7500.,Code 7600.,Code 7000.,A
AirLaw,377,One of the functions ensured by a radar control unit for the provision of approach control service is:,To conduct surveillance radar approaches.,To apply a reduced vertical separation of 500 feet between IFR flights and VFR flights.,To apply a horizontal separation less than 5 NM.,"To provide instructions in order to reduce separations minima, if accepted by the pilots.",A
AirLaw,378,The primary duty provided by a radar unit is:,To provide radar separation.,To assist aircraft due to failure of airborne equipment.,To assist aircraft on the location storms.,To assist aircraft where navigation appears unsatisfactory.,A
AirLaw,379,"When radar identification of aircraft has been achieved, ATC unit shall:",Inform the aircraft prior to issue any instructions or advice based on the use of radar.,Inform the aircraft only if communication's load permits it.,not advise the aircraft before issuing instructions.,Inform the aircraft only if radar identification has been achieved without availability of SSR.,A
AirLaw,380,One of the functions ensured by a radar control unit for the provision of approach control service is:,To conduct precision radar approach (PAR).,To apply a horizontal separation less than 5 NM.,To apply a reduced vertical separation of 500 feet between IFR and VFR flights.,To provide instructions to reduce the separation minima.,A
AirLaw,381,Except otherwise established by the appropriate ATS authority a Surveillance Radar Approach (SRA) shall be terminated at a distance from the touchdown of:,2 NM.,4 NM.,5 NM.,3 NM.,A
AirLaw,382,"When """"Secondary Radar"""" is used, an aircraft may be identified by one of the following procedures:","Observation of compliance with an instruction to operate transponder from """"ON"""" to """"STBY"""" and back to """"ON"""".","To request pilot to set transponder on position """"ON"""".","To request pilot to set transponder on position """"OFF"""".","To request pilot to switch from """"ON"""" to """"STDBY"""".",A
AirLaw,383,"When vectoring an aircraft to intercept the localizer course, the final vector furnished shall be such as to enable the aircraft to intercept the localizer course at an angle not greater than:",30 degrees.,25 degrees.,15 degrees.,20 degrees.,A
AirLaw,384,The following minimum radar separation shall be provided between aircraft on the same localizer with additional longitudinal separation as required for wake turbulence:,3 NM.,2 NM.,5 NM.,2.5 NM.,A
AirLaw,385,The minimum radar separation to be provided to aircraft established on the localizer course shall be:,3.0 NM between aircraft on the same localizer course.,3.0 NM between aircraft on adjacent localizer course.,2.0 NM between aircraft on the same localizer course.,5.0 NM between aircraft on the same localizer course.,A
AirLaw,386,The tolerance value used to determine that mode C derived level information displayed to the controller is accurate shall be:,+/- 300 ft.,+/- 200 ft.,+/- 250 ft.,+/- 500 ft.,A
AirLaw,387,"Unless otherwise prescribed by the appropriate ATS authority, the horizontal radar separation minimum shall be:",5.0 NM.,3.0 NM.,10.0 NM.,3.5 NM.,A
AirLaw,388,"The criterion which shall be used to determine that a specific level is occupied by an aircraft shall be, (except that appropriate ATS authorities may specify a smaller criterion):",+/- 300 ft.,+/- 200 ft.,+/- 150 ft.,+/- 250 ft.,A
AirLaw,389,An aircraft is considered to be maintaining its assigned level as long as the SSR mode C derived level information indicated that it is within:,+/- 300 ft of the assigned level.,+/- 200 ft of the assigned level.,+/- 250 ft of the assigned level.,+/- 500 ft of the assigned level.,A
AirLaw,390,"When the transponder appears to be unserviceable prior to departure and restorage is impossible, than :",departure to the nearest suitable airport where repair can be effected is allowed,"you must indicate the failure in the fightplan, after which the ATC will endeavour to provide for continuation of the flight,","the flight can only continue in the most direct manner,",you are not allowed to commence the flight,A
AirLaw,391,"The air traffic control unit has reported 'radar contact', what does that mean to the pilot?",The radar identity of the aircraft has been established,The pilot does not have to follow up the position of the aircraft,The aircraft is subject to positive control,Position reports may be omitted,A
AirLaw,392,Radar controlled aircraft on intermediate or final approach may be requested to make minor speed adjustments by ATC. These adjustments shall never be more than :,20 knots and not within 4 NM of threshold,10 knots and not within 5 NM of threshold,15 knots at any stage,25 knots at any stage,A
AirLaw,393,Radar identification of a departing aircraft can be achieved if a radar blip is observed within a certain distance from the end of the runway.Identification has to be achieved within :,1NM,2NM,3NM,5NM,A
AirLaw,394,"Except when prescribed in procedures or made possible by agreements, aircraft under radar-control shall not be vectored closer to the boundary of controlled airspace than :","2,5 NM","1,5 NM",3 NM,5 NM,A
AirLaw,395,"During radar-control, a """"radar-controller"""" shall issue a missed-approach instruction, in case the """"tower-controller"""" has not issued a """"landing-clearance"""" at the moment the aircraft is :","2 NM from touch-down,","1NM from touch-down,","3 NM from touch-down,","4 NM from touch-down,",A
AirLaw,396,When surveillance radar approaches are to be continued to the threshold of the runway transmission should not be interrupted for intervals of more than five seconds while the aircraft is within a distance of :,4 NM from the touchdown,2 NM from the touchdown,3 NM from the touchdown,1.5 NM from the touchdown,A
AirLaw,397,"The surveillance radar approach shall be terminated at a distance of 2 NM from the touchdown except when as determined by the appropriate ATS authority, the accuracy of the radar equipment permits to be continued to a prescribed point less than 2 NM from the touchdown. In this case distance and level information shall be given at each",half NM,1 NM,1.5 NM,half mile,A
AirLaw,398,Clearence to land or any alternative clearence received from the non-radar controller should normally be passed to the aircraft before it reaches a distance of :,2 NM from touchdown,3 NM from touchdown,4 NM from touchdown,5 NM from touchdown,A
AirLaw,399,An aircraft making a radar approach should be directed to execute a missed approach if no clearance to land has been received from the non-radar controller by the time the aircraft reaches a distance of :,2 NM from the touchdown,4 NM from the touchdown,5 NM from the touchdown,1.5 NM from the touchdown,A
AirLaw,400,An aircraft making a radar approach should be directed to consider executing a missed approach if the aircraft is not visible on the radar display for any significant interval during the :,Last 2 NM of the approach,Last 4 NM of the approach,Last 3 NM of the approach,Last 5 NM of the approach,A
AirLaw,401,What is the maximum speed adjustment that a pilot should be requested to make when under radar control and established on intermediate and final approach ?,± 20KT,± 15 KT,± 10KT,± 25 KT,A
AirLaw,402,"When a RADAR operator says the following to an aircraft: """"fly heading 030"""", the pilot must fly heading:",030° magnetic,030° magnetic in still air conditions (thereby flying the magnetic track),030° true,"030° true, in still air conditions (thereby flying the true track)",A
AirLaw,403,In which section of AIP are contained information elements relating to areas and/or routes for which meteorological service is provided?,GEN.,RAC.,COM.,MET.,A
AirLaw,404,In which section of AIP are contained information elements relating to refuelling facilities and limitations on refuelling services?,AD.,FAL.,GEN.,SAR.,A
AirLaw,405,"In which section of AIP are contained information elements relating to prohibited, restricted and dangerous areas?",ENR.,MAP.,GEN.,AGA.,A
AirLaw,406,"A notice containing information concerning flight safety, air navigation, technical, administration or legislative matters and originated at the AIS of a state is called:",Aeronautical Information Circular (AIC).,Aeronautical Information Publication (AIP).,NOTAM.,AIRAC.,A
AirLaw,407,"A notice providing information on Rules of the Air, Air Traffic Services and Air Navigation Procedures and distributed in advance of its effective date is:",An AIRAC.,A NOTAM RAC.,An ATS NOTAM.,An Advisory NOTAM.,A
AirLaw,408,"Each contracting state shall provide an Aeronautical Information Service (AIS) in its territory and for areas in which the state is responsible for the Air Traffic Services outside its territory, and this shall include the preparation and origination of:",Integrated Aeronautical Information Package.,Only AIP and NOTAM's.,"AIP, NOTAM's, Circular and AIRAC.",Only NOTAM's and Circulars.,A
AirLaw,409,"The closure of a runway for a year, because of maintenance, will be published :","in NOTAM and AIP, inclusive Supplement.",only in NOTAM,only in AIP,"NOTAM, AIP and MAL",A
AirLaw,410,"In which chapter of the AIP can you find a list with """"location indicators""""?",GEN,AGA,ENR,AD,A
AirLaw,411,An integrated aeronautical information package consists of the following elements,"AIP, including amendment service, supplements to AIP, NOTAM and pre-flight information bulletin (PIB), AIC, checklists and summuries","AIP, including amendment service, supplements to AIP, NOTAM, AIC and checklist summaries","AIP, supplements to AIP, NOTAM and PIB, AIC and checklist summaries","AIP including amendment service, supplements to AIP, NOTAM, AIC, AIRAC",A
AirLaw,412,"The identification of each prohibited, restricted and danger area shall be composed by :","The nationality letters for location indicators assigned to the state or territory, followed the letters P. R and D and figures","The letters P (Prohibited), R (Restricted) and D (Dangerous) for the area concerned and figures","The nationality letters for the location indicators assigned to the state, followed by P, R and D","The letters P (Prohibited), R (Restricted) and D (Dangerous) followed by figures",A
AirLaw,413,"In order to avoid confusion, the identification numbers given to each prohibited area, restricted area and danger area shall not be re-used for a period of",At least one year after cancellation of the area to which they refer,At least 6 months after cancellation of the area to which they refer,At least 3 months after cancellation of the area to which they refer,At least 2 months after cancellation of the area to which they refer,A
AirLaw,414,Temporary changes on specifications for AIP supplements of long duration and information of short duration which contains extensive text and/or graphics shall be published as AIP supplements. It is considered a long duration.,Three months or longer,Six months or longer,One year or longer,Two months or longer,A
AirLaw,415,Operationaly significant changes to the AIP shall be published in accordance with :,AIRAC procedures and identified by the acronym AIRAC,NOTAM procedures and identified by acronym NOTAM followed by a number,AIP supplements and shall be clearly identifical,AIC procedures and identified by the acronym AIC followed by a number,A
AirLaw,416,A checklist of AIP supplements currently in force shall be issued at intervals of :,Not more than one month,Not more than three months,Not more than 28 days,Not more than 2 months,A
AirLaw,417,A checklist of NOTAM currently in force shall be issued at the AFTN at intervals of :,Not more than one month,No more than 15 days,Not more than 28 days,Not more than 10 days,A
AirLaw,418,"The ASHTAM provides information on the status of activity of a volcano when a change in its activity is, or is expected to be of operational significance. This information is provided using the volcano level of colour code. When volcanic eruption in progress or volcano dangerous, eruption likely, with ash plume/cloud is reported above FL 250 or is expected to rise above FL 250, the level of alert colour code is",RED,YELLOW,GREEN,ORANGE,A
AirLaw,419,Which of the following is information that is not given in AIP approach and landing charts,Visibility minima,Obstacles penetrating the obstacle free area in the final approach sector,OCH or OCA,DME-frequencies,A
AirLaw,420,Which information is not included in Instrument Appraoch Charts (IAC) in the AIP,Any addition to minima when the aerodrome is used as alternate,Obstacles penetrating the obstacle free area in the final approach sector,OCA or OCH,DME-frequencies,A
AirLaw,421,ASHTAM,GVATAM,NAVTAM,VULTAM,1999-06-08 0:00,A
AirLaw,422,AIRAC,IFPS,NOTAM,EATCHIP,1999-06-08 0:00,A
AirLaw,423,AIP Supplements,AIP Amendments,NOTAM,Trigger NOTAM,1999-06-08 0:00,A
AirLaw,424,The contents of Aeronautical Information Publication (AIP) are :,"GEN, ENR (en-route) and AD (aerodromes)","GEN, AGA, COM, RAC, FAL, SAR, MET, MAP.","GEN, ENR, RAC, AD","GEN, AGA, COM, ENR, FAL",A
AirLaw,425,"The SIGMET service, is in the AIP, in the following part :",GEN,ENR,AGA,MET,A
AirLaw,426,The informations concerning charges for aerodromes/heliports and Air Navigation Services are on the following part of the AIP,GEN,FAL,RAC,AD,A
AirLaw,427,"The informations on holding, approach and departure procedures, are found in the following part of the AIP",ENR,GEN,AD,MAP,A
AirLaw,428,An AIRAC is :,"An Acronym for a system aimed at advance notification based on common effective dates, of circumstances necessitating significant changes in operating procedures.",A publication issued by or with the authority of a state containing aeronautical information of a lasting character essential to air navigation.,"A notice distributed by means of telecommunication containing information concerning the establishment, condition or change in any aeronautical facility service, procedure or hazard, the timely knowledge of which is essential to personnel concerned with flight operations.","A package which consists of the following elements : AIP, supplements to the AIP, NOTAM, AIC, checklists and summaries.",A
AirLaw,429,Which of the following Annexes to the Chicago convention contains minimum specifications for the design of aerodromes?,Annex 14,Annex 6,Annex 11,Annex 10,A
AirLaw,430,"""""Instrument runways"""" are the following runways intended for the operation of aircraft using instrument approach procedures.","Non precision approach runways, precision approach runways category I, II and III.","Precision approach runways category I, II and III.","Instrument approach runways, precision approach runways category I, II and III.",Precision approach runways in general.,A
AirLaw,431,"""""Code letter D"""" shall be chosen to identify a taxiway used by aircraft having an outer main gear wheel span of less than 9 m. The taxiway width shall be:",18 m.,15 m.,23 m.,25 m.,A
AirLaw,432,"""""TODA"""" take-off distance available is:",The length of the take-off run available plus the length of clearway available (if provided).,The length of the runway available plus the length of clearway available (if provided).,The length of the take-off run available plus the length of the stopway and clearway (if provided).,The length of the take-off run available plus the length of the stopway.,A
AirLaw,433,"""""Clearway"""" is defined rectangular area established to:",Permit aircraft to make a portion of its initial climb to a specific height.,Reduce the risk of damage to aircraft running off a runway.,Protect aircraft during take-off or landing operations.,Permit the aircraft to stop if it fails the take-off.,A
AirLaw,434,"Which """"code letter"""" shall be chosen to identify a taxiway to be used by an aircraft having a wheel base of 15 m?","Code letter """"C"""".","Code letter """"B"""".","Code letter """"D"""".","Code letter """"E"""".",A
AirLaw,435,"According to the """"Aerodrome Reference Code"""", the """"Code Letter E"""" shall identify an aircraft wing span of:",52 m up to but not including 65 m.,36 m up to but not including 52 m.,24 m up to but not including 36 m.,15 m up to but not including 24 m.,A
AirLaw,436,"In the """"Aerodrome Reference Code"""" the code element 2 shall identify:",The aircraft wing span and the outer main gear wheel span.,Only the aircraft wing span.,The width of the aircraft wing.,The lenght of the aircraft fuselage.,A
AirLaw,437,"The """"Aerodrome Reference Code"""" is a code composed of two elements which are related to the aeroplane performance characteristics and dimensions. These elements are a combination of a number and a letter as in the example under listed:",2B.,6D.,5E.,4F.,A
AirLaw,438,"According with the """"Aerodrome Reference Code"""" the """"Code number 4"""" shall identify an aircraft reference field length of:",1 800 m and over.,1 600 m.,1 500 m.,1 200 m.,A
AirLaw,439,The STOPWAY is a defined rectangular area on the ground at the end of take-off run available prepared as a suitable area where:,An aircraft can be stopped in the case of an abandoned take-off.,A landing aircraft can be stopped if overcoming the end of runway.,A landing aircraft can be stopped only in emergency.,An aircraft taking-off or landing can be stopped.,A
AirLaw,440,"""""ASDA"""" (Acceleration Stop Distance Available) is:",The length of the take-off run available plus the length of stopway (if stopway provided) .,The length of the runway plus the length of stopway available (if stopway provided).,The length of the take-off run available plus the length of stopway and clearway (if provided) .,The length of the take-off run available plus the length of the clearway.,A
AirLaw,441,Within the Annex to the ICAO convention that specifies dimensions of aerodromes are codes for different runways. Which is the minimum width of a runway with runway code 4?,45 metres,35 metres,40 metres,50 metres,A
AirLaw,442,Runway edge lights excepted in the case of a displaced threshold shall be:,Fixed lights showing variable white.,"Fixed lights, white or yellow colour.",Fixed lights showing variable white or yellow.,Flashing white.,A
AirLaw,443,"Runway threshold identification lights, when provided, should be:",Flashing white.,Fixed green.,Flashing green.,Fixed white.,A
AirLaw,444,"The light shown by an """"Aerodrome Identification Beacon"""" at a land aerodrome shall be:",Green colour identification given by Morse Code.,Blue colour identification given by Morse Code.,White and green colour identification given by Morse Code.,White colour identification given by Morse Code.,A
AirLaw,445,"In the """"VASIS"""" , how many light units are in each wing bar?",3.,2.,4.,5.,A
AirLaw,446,"In a precision approach category I, lighting system, the single, two and three light sources on the centre line have a length of:",300 m.,150 m.,200 m.,250 m.,A
AirLaw,447,"How many red lights must a pilot see, whose aircraft, in final approach, is following a normal glide path defined by a PAPI?",2.,3.,None.,1.,A
AirLaw,448,Taxiway centre line lights other than an exit taxiway shall be:,Fixed lights showing green.,Fixed lights showing blue.,Fixed lights showing yellow.,Fixed lights showing white.,A
AirLaw,449,"In a precision approach category I lighting system, the centre line and crossbar lights shall be:",Fixed lights showing variable white.,Flashing lights showing variable white.,Fixed lights showing variable green.,Flashing lights showing variable green.,A
AirLaw,450,The abbreviation PAPI stands for:,Precision Approach Path Indicator.,Precision Approach Path Index.,Precision Approach Power Indicator.,Precision Approach Power Index.,A
AirLaw,451,"The """"PAPI"""" shall consist of:",A wing bar of 4 sharp transition multi-lamp or paired units equally spaced.,Two wing bars of 4 sharp transition multi-lamp or paired units equally spaced.,Two wing bars of 6 sharp transition multi-lamp or paired units equally spaced.,A wing bar of 2 sharp transition multi-lamp equally spaced.,A
AirLaw,452,"In the """"PAPI"""" system the pilot during an approach will see the two units nearest the runway as red and the two units farthest from the runway as white when:",On or close to the approach slope.,Above the approach slope.,Below the approach slope.,Only on the approach slope.,A
AirLaw,453,"In the case of parallel runways, each runway designation number shall be supplemented:","By a letter - for example 2 parallel runways """"L"""" and """"R"""" - for 3 """"L"""", """"C"""" and """"R"""".","By a number like """"0"""" and """"01"""" for 2 parallel runways.",By a letter for 2 parallel runways.,"By a letter - for example 3 parallel runways """"L"""" and """"R"""" and the central has no letter.",A
AirLaw,454,Taxiway edge lights shall be:,Fixed showing blue.,Fixed showing green.,Fixed showing yellow.,Flashing showing blue.,A
AirLaw,455,Runway end lights shall be:,Fixed unidirectional lights showing red in the direction of the runway.,Fixed unidirectional lights showing white in the direction of the runway.,Fixed lights showing variable red.,Fixed lights showing variable white.,A
AirLaw,456,Runway threshold lights shall be:,Fixed unidirectional lights showing green in the direction of approach to the runway.,Fixed unidirectional lights showing white in the direction of approach to the runway.,Fixed lights green colours.,Fixed lights showing green or white colours.,A
AirLaw,457,Aerodromes signs should be in the following configuration :,"information signs, yellow or black background with black or yellow inscriptions.","mandatory instruction signs , red background with black inscriptions.","information signs, orange background with black inscriptions.","mandatory instruction signs, black background with red inscriptions.",A
AirLaw,458,Which of the following alternatives describes the complete CAT 1 ('Calvert') type of approach light system?,"5 crossbars, centre line with 3, 2 and 1 lamp per light unit","4 crossbars, centre line with 3 or 2 lamps per light unit","3 crossbars, centre line with 3, 2 or 1 lamp per light unit","3 crossbars, centre line with 3 or 2 lamps per light unit",A
AirLaw,459,What is the length of an approach lighting system of a precision-approach runway CAT II :,900m,150m,300m,600m,A
AirLaw,460,"What is a """"barrette""""?",three or more groundlights closely spaced together to appear as a bar of lights.,a highted obstacle near the runway and/or taxiway.,a CAT II or III holding position.,a frangible structure on which approach lights are fixed.,A
AirLaw,461,A precision approach runway CAT. II is an instrument runway served by ILS and visual aids intended for operations down to:,a RVR of 300-450 meters and a DH of not less than 100 ft.,a RVR of 250 meters and a DH of not less than 200 ft.,a RVR of 550 meters and a DH of not less than 200 ft.,a RVR of 200 meters and a DH of not less than 100 ft.,A
AirLaw,462,When a fixed-distance marking has to be provided this marking shall commence at :,300 m from threshold,150 m from threshold,450 m from threshold,600 m from threshold,A
AirLaw,463,Runway-lead-in lighting should consist :,"of group of at least three white lights flashing in sequence towards the runway ,",always of a straight row of lights towards the runway,"of flashing lights only,","of an arbitrary amount of green lights,",A
AirLaw,464,Within the Annex to the ICAO convention that specifies dimensions of aerodromes is a specific dimension given for the approach light system for CAT 1 ILS. What should be the length of this approach light system?,900 metres,420 metres,1000 metres,1200 metres,A
AirLaw,465,High intensity obstacle lights should be:,Flashing white.,Flashing red.,Fixed red.,Fixed orange.,A
AirLaw,466,Low intensity obstacle lights on mobile objects shall be:,Flashing red or preferably yellow.,Fixed red or preferably orange.,Fixed red or preferably blue.,Flashing blue.,A
AirLaw,467,Low intensity obstacle lights on fixed objects shall be:,Fixed red.,Flashing red.,Flashing yellow.,Fixed orange.,A
AirLaw,468,The runway edge lights shall be :,white,blue,green,red,A
AirLaw,469,The aerodrome category for rescue and fire fighting is based on:,The over-all length of the longest aeroplane normally using the aerodrome and its maximum fuselage width.,The over-all length of the longest aeroplane normally using the aerodrome and its maximum fuselage weight.,The over-all length of the longest aeroplane.,The longuest aeroplane maximum width only,A
AirLaw,470,The ICAO annex which deals with entry and departure of persons and their baggage in international flights is :,annex 9,annex 8,annex 6,annex 15,A
AirLaw,471,The ICAO annex which deals with entry and departure of cargo and other articles on international flights is :,annex 9,annex 8,annex 15,annex 16,A
AirLaw,472,"A contracting state which continues to require the presentation of a cargo manifest shall, apart from the information indicated in the heading of the format of the cargo manifest, not require more than the following item(s) :","The air waybill number, the number of packages related to each air waybill number and the nature of the goods",The air waybill number and the nature of the goods,The air waybill number and the number of packages related to the air way bill number,The air waybill number,A
AirLaw,473,"Contracting states shall not require the authorized agent or pilot-in-command to deliver to the public authorities concerned, before departure of the aircraft, more than some copies of General Declaration, Cargo Manifest and stores list. The numbers of the copies are :",2 of each,3 of each,2 copies of General Declarations and Cargo Manifest and one copie of a simple stores list.,2 copies of General Declaration and of Cargo Manifest and of a stores list,A
AirLaw,474,"In case of aircraft registered in other Contracting States, which are not engaged in schedule international services, and which are making flights across the territory of a Contracting State or stopping for non traffic purposes, such Contracting State shall accept the information contained in a flight plan as adequate advance notification. This information is to be received :",at least 2 hours in advance of arrival,at least 4 hours in advance of arrival,at least 1 hour in advance of arrival,at least 12 hours in advance of the expected ETA,A
AirLaw,475,An aircraft which is not engaged in scheduled international air services and which is making a flight to or through any designated airport of a Contracting State and is admitted temporarily free of duty shall be allowed to remain within that State without security for customs duty.,For a period to be established by that State,for a period of 24 hours,for a period of 48 hours,for a period of 12 hours,A
AirLaw,476,Which one of the statements is correct :,contracting states shall accept an oral declaration of baggage from passengers and crew,contracting states shall accept an oral declaration of baggage only from crew,contracting states shall accept an oral declaration of baggage only from passengers,contracting states may not accept oral declaration of baggages,A
AirLaw,477,"When desinsecting is required by a Contracting State as a public health measure, the desinsecting is made when the aircraft is suitably equipped by means of an automatic dispersal or vapour while the aircraft is flying, but as far in advance as possible and:",At least 30 minute prior to land.,At least one hour prior to land.,At least when the aircraft enter that state airspace.,At least immediately before landing.,A
AirLaw,478,The obligation of a carrier to transport any person away from the territory of a Contracting State shall terminate from the moment such person has been definitely admitted in other Contracting State of destination.,The stated above is correct.,The operator has no obligation.,The obligation is for the Contracting State of the operator.,The obligation of the operator terminates as soon as the person leaves the aeroplane.,A
AirLaw,479,"When cargo, unaccompanied baggage or stores are not unladen at their intended destination but are unladen at another international airport, the contracting state where the unlading takes place, if satisfied that there has been no gross negligence or careless by the operator","shall not impose penalties, fines, customs duties and taxes on the operator",shall not impose penalties and fines but customs duties and taes on thexes on the operator,"shall not impose penalties, fines and custom duties but taxes on the operator","shall not impose penalties, fines and taxes but custom duties on the operator",A
AirLaw,480,Unaccompanied baggage carried by air shall be cleared under the procedure applicable to :,accompanied baggage or under another simplified customs procedure distinct from that normally applicable to other cargo,cargo and is covered by a traffic document,cargo but is free from any kind of declaration forms,cargo but clearence documents provided by airlines shall be completed by the passenger prior to shipment,A
AirLaw,481,"Contracting states shall carry out the handling, forwarding and clearance of airmail and shall comply with the documentary procedures as prescribed :",in the Acts in force of the Universal Postal Union,by IATA and accepted by the contracting states,by IATA and accepted by ICAO,by the Regional Postal Office,A
AirLaw,482,"Except in special circumstances determined by the public authorities concerned, when a passenger is passing through the territory of a contracting state and has to stay in that contracting state until the next flight for lack of facilities or any other circumstances, the contracting state where the international airport is located shall permit such a passenger to remain within its territory without requiring visas prior to the arrival when",the passenger is to leave that state within two (2) days from the day of his (her) arrival,the passenger is to leave that state within two (2) weeks from the day of his (her) arrival,the passenger is to leave that state within one (1) day from the day of his (her) arrival,the passenger is to leave that state within 72 (seventy two) hours from the time of arrival of that passenger,A
AirLaw,483,The documents for entry and departure of aircraft :,are accepted in handwritten block lettering in ink,has to be typewritten,has to be typewritten or produced by electronic data processing techniques,are accepted at the contracting state discretion,A
AirLaw,484,"When a person is found inadmissible and is returned to the operator for transport away from the territory of the state, the operator :",shall not be preclude from recovering from such person any transportation costs arising from his (her) inadmissibility,shall not recover from such person any transportation costs arising from his (her) inadmissibility,is not responsible for the person inadmissible for entry in the receiving state,and the state of the operator are both responsible for the person inadmissible,A
AirLaw,485,"In cases where a visitor travelling by air holds a valid passport and no visa is required of him, contracting states",shall not require him to obtain any other identity document from their consultates or operators prior to initiate the flight,may require him to obtain any other identity document prior to the commencement of his flight,in certain cases any other identity may be required,none of the answers are applicable,A
AirLaw,486,The units responsable for promoting efficient organization of search and rescue service are:,Rescue coordination centre and rescue sub-centres.,Alerting centre and rescue coordination centre.,Flight information centre and rescue coordination centre.,"Area control centre, flight information centre and rescue coordination centre.",A
AirLaw,487,"Three aircraft, (1), (2) and (3), arrive successively at ten minute intervals, overhead the scene of a recent aircraft accident.-aircraft (1) is unable to establish contact with the Search and Rescue Centre-aircraft (2) is able to contact the Search and Rescue Centre-aircraft (3) is a Search and Rescue helicopterThe command of the situation is the responsibility of,","(1), then by mutual consent (2) and then (3).","(1), then by mutual consent (2) until the completion of operations.","(1), and then by mutual consent to (3).",(1) until the completion of operations.,A
AirLaw,488,The color identification of the contents of droppable containers and packages containing survival equipment should take the form of coloured streamers according to the following code:,Red for medical supplies and first aid equipment.,Blue for blankets and protective clothing.,Black for food and water.,Yellow for miscellaneous equipment.,A
AirLaw,489,The color identification of the contents of droppable containers and packages containing survival equipment should take the form of coloured streamers according to the following code:,Yellow for blankets and protective clothing.,Red for food and water.,Blue for medical supplies and first aid equipment.,Black for food and water.,A
AirLaw,490,The color identification of the contents of droppable containers and packages containing survival equipment should take the form of coloured streamers according to the following code:,Blue for food and water.,Yellow for medical supplies and first aid equipment.,Black for food and water.,Red for miscellaneous equipment.,A
AirLaw,491,The color identification of the contents of droppable containers and packages containing survival equipment should take the form of coloured streamers according to the following code:,Black for miscellaneous equipment.,Blue for blankets and protective clothing.,Red for food and water.,Yellow for medical supplies and first aid equipment.,A
AirLaw,492,"(For this question use annex 010-9801A)Using the ground - air visual code the letter(s) similar to the symbol meaning """"REQUIRE ASSISTANCE"""" is (are) :",1,2,3,4,A
AirLaw,493,"(For this question use annex 010-9802A)Using the ground - air visual code the symbol meaning """"we have found all personnel"""" is :",1,2,3,4,A
AirLaw,494,(For this question use annex 010-9803A)What is the meaning of the showed symbol in the ground air visual signal code for use by survivors ?,Require medical assistance,Require assistance,Landing here impossible,Drop emergency supplies at this point,A
AirLaw,495,(For this question use annex 010-9804A)The ground - air visual code illustrated means :,Require assistance,Please indicate direction,Proceding in the direction shown,Require medical assistance,A
AirLaw,496,"(For this question use annex 010-9805A)Using the ground - air visual signal code, the letter similar to the symbol meanning """"REQUIRE MEDICAL ASSISTANCE"""" is :",1,2,3,4,A
AirLaw,497,(For this question use annex 010-9806A)What is the meanning of the showed symbol in the ground-air visual signal code for use by rescue units ?,operation completed,we have found all personnel,we have found only some personnel,we are returning to base,A
AirLaw,498,Which of the following is NOT an international distress frequency ?,2430 KHz,121.5 MHz,243.0 MHz,2.182 KHz,A
AirLaw,499,"An aircraft is flying over a mountainous region in which a search is being carried out to find the survivors of an aircraft accident. The pilot sees a ground signal in the form of an """"X"""".This indicates :","""""Need medical assistance"""".","""""Landing impossible"""".","""""All occupants alive"""".","""""Need mechanical assistance"""".",A
AirLaw,500,"At night an aircraft observes a luminous signal requesting help. To indicate that he has received these ground signals, the pilot must :","switch his landing lights on and off twice or, if he is not so equipped, his navigation lights twice.",make at least one complete turn over the group of people in difficulty.,"transmit, by luminous Morse signal, a series of the letter """"R"""" using his navigational lights.",fly over the group of people in difficulty as low as possible.,A
AirLaw,501,For the transport of potentially disruptive passengers some supplementary safeguards are to be observed such as :,boarding prior to all passengers,boarding after to all other passengers,the boarding will be at the pilot in command discretion,the boarding has to be done at the state discretion,A
AirLaw,502,Aeronautical part,Security program.,Manoeuvring area.,Terminal.,1999-06-08 0:00,A
AirLaw,503,"The contracting States will make provisions to ensure that an aircraft affected by an unlawful seizure act, which has landed in their territory, world be retained, unless its departure is justified to protect lives.","The contracting States will make provisions to ensure that an aircraft affected by an unlawful seizure act, which has landed in their territory, would be detained in all cases.","The contracting States will not assist with navigation aids, air transit services, etc, to an aircraft affected by an unlawful seizure act.",The Annex 17 does not recognise the importance of consusltations between the State where an aircraft affected by an unlawful interference act has landed and the aircraft operator's State.,1999-06-08 0:00,A
AirLaw,504,The national civil aviation security programme shall be established by :,Each contracting state,ICAO,ECAC,ICAO and other organisations including the contracting state concerned,A
AirLaw,505,"Each contracting state shall designate an appropriate authority within its administration to be responsible for the development, implementation and maintenance of the national civil aviation security programme. The said appropriate authority :",Shall be specified to ICAO,Shall be specified to ICAO and to ECAC,"Shall be specified to ICAO, ECAC and to other contracting states",Should be specified to ICAO and to ECAC,A
AirLaw,506,Each contracting state shall establish measures to ensure that the aircraft operator is informed when passengers are obliged to travel because they have been the subject of judicial or administrative proceedings in order that appropriate security measures can be taken,The state above question in incomplete. The pilot in command and the aircraft operator are to be informed.,Correct.,The aircraft operator and the pilot in command are only to be informed when any passenger is the subject of judicial proceedings.,These measures are of the discretion of the contracting state.,A
AirLaw,507,When mixing or contact does take place between passengers subjected to security control and other persons not subjected to such control after the security screening points at airports serving international civil aviation have been passed,the passengers concerned and their cabin baggage shall be re screened before boarding an aircraft,only the passengers are to be re screened,only the passengers cabin baggage are to be re screened,the persons not subjected to security control shall be identified,A
AirLaw,508,Each member state should designate an appropriate authority with its administration to be responsible for the development implementation and maintenance of a national aviation security programme. This programme should apply :,to all international civil air transport including aircraft engaged solely in the carriage of cargo and yet to domestic flights at the discretion of each member state,only to all international civil transport including aircraft engaged solely in the carriage of cargo,only to passengers and aircrew in international civil transport flights,only to passengers and aircrew in international civil transport flights and domestic flights,A
AirLaw,509,"When a member state allows police officers, security staff, bodyguards or other agents of foreign states to carry weapons in their territory for the protection of aircraft in flight, permission for the carriage of weapons should be conditional upon :",Prior notification by the state of embarcation to the foreign state in which the weapons will be carried on the airport of arrival and notification of the pilot in command of a decision to permit a weapon to be carried on board his aircraft,Notification of the pilot in command of a decision to permit a weapon to be carried on board his aircraft only,Agreement between the state of embarcation and the state of destination,Agreement between the state of embarcation and the airport of arrival,A
AirLaw,510,Member states should introduce specific security measures for the air transport of the following groups of potentially disruptive passengers defined below :,"Deportees, inadmissible persons and persons in lawful custody",Deportees and persons in lawful custody only,Deportees and inadmissible persons only,None of the answers is correct,A
AirLaw,511,"Just before arriving on the apron, taxiing inadvertently on the grass, a wheel falls into a hole, which seriously damages the aircraft and obliges the crew to delay the departure.",This is an accident and the crew must follow the procedure relevant to this case.,"Since no physical injury has been noticed and the flight is over, the actions to be taken are related only to insurance, to the repair man, the operator and the persons in charge of the runway and taxiways.","This is an irregularity in the operation, the crew must inform the operator of the delay caused by necessary repair.",This is an incident and the pilot-in-command must report it to the airport authority within the next 48 hours.,A
AirLaw,512,"Who is responsible, under Annex 13 of the Chicago convention for the initation of an accident investigation?",The government of the state in which the accident took place,Operators of the same aircraft type,The aircraft manufacturer,The law enforcement authorities of the state in which the aircraft is registered,A
AirLaw,513,"Upon receipt of the modification and a request by the state of occurrence for participation, the state of design and the state of manufacture shall in the case of an accident or serious incident inform the state of occurence of the name of its representative to be present at the investigation when the aircraft :",Has a maximum mass over 100.000 kg,Has a maximum mass over 27.000 kg,Has a maximum mass over 5 700 kg,Has a maximum mass over 2 250 kg,A
