chapter,question_number,question_text,option_a,option_b,option_c,option_d,correct_answer
Flight Planning,2086,"An aircraft is flying at MACH 0.84 at FL 330. The static air temperature is -48°C and the headwind component 52 Kt. At 1338 UTC the controller requests the pilot to cross the meridian of 030W at 1500 UTC. Given the distance to go is 570 NM, the reduced MACH No. should be:",0.80,0.78,0.76,0.72,A
Flight Planning,2087,"According to the chart the minimum obstruction clearance altitude (MOCA) is 8500 ft. The meteorological data gives an outside air temperature of -20°C at FL 85. The QNH, given by a met. station at an elevation of 4000ft, is 1003 hPa.What is the minimum pressure altitude which should be flown according to the given MOCA?",8800 ft.,8500 ft.,12800 ft.,8200 ft.,A
Flight Planning,2088,VFR flights shall not be flown over the congested areas of cities at a height less than,1000 ft above the heighest obstacle within a radius of 600 m from the aircraft.,2000 ft above the heighest obstacle within a radius of 600 ft from the aircraft.,500 ft above the heighest obstacle.,the heighest obstacle.,A
Flight Planning,2089,"How many feet you have to climb to reach FL 75?Given: FL 75, departure aerodrome elevation 1500 ft, QNH = 1023 hPa, temperature = ISA, 1 hPa = 30 ft",6300 ft.,6000 ft.,6600 ft.,7800 ft.,A
Flight Planning,2090,"(For this question use annex 033-9719A, AERONAUTICAL CHART ICAO 1:500 000 STUTTGART (NO 47/6) or Route Manual VFR+GPS chart ED-6)An aeroplane is flying VFR and approaching position TANGO VORTAC (48°37'N, 009°16'E) at FL 055 and magnetic course 090°, distance from VORTAC TANGO 20 NM.Name the frequency of the TANGO VORTAC.",112.50 MHz,118.60 MHz,422 kHz,118.80 MHz,A
Flight Planning,2091,"(For this question use annex 033-9736A, AERONAUTICAL CHART ICAO 1:500 000 STUTTGART (NO 47/6) or Route Manual VFR+GPS chart ED-6)Flying VFR from VILLINGEN (48°03.5'N, 008°27.0'E) to FREUDENSTADT (48°28.0'N, 008°24.0'E).Determine the minimum altitude within a corridor 5NM left and 5 NM right of the courseline in order to stay 1000 ft clear of obstacles.",3900 ft,2900 ft,4200 ft,1500 ft,A
Flight Planning,2092,"(For this question use annex 033-9739A, AERONAUTICAL CHART ICAO 1:500 000 STUTTGART (NO 47/6) or Route Manual VFR+GPS chart ED-6)Flying VFR from PEITING (47°48.0'N, 010°55.5'E) to IMMENSTADT (47°",,,,,A
Flight Planning,2093,"(For this question use annex 033-11717A)The planned flight is over a distance of 440 NMBased on the wind charts at altitude the following components are found,FL50: -30kt, FL100: -50kt, FL180: -70ktThe Operations Manual in appendix details the aircraft's performancesWhich of the following flight levels (FL) gives the best range performance:",FL 180,FL 100,FL 050,Either FL 050 or FL 100,A
Flight Planning,2094,"(For this question use annex 033-9734A, AERONAUTICAL CHART ICAO 1:500 000 STUTTGART (NO 47/6) or Route Manual VFR+GPS chart ED-6)Flying VFR from VILLINGEN (48°03.5'N, 008°27.0'E) to FREUDENSTADT (48°28.0'N, 008°24.0'E) determine the magnetic course.",356°,176°,004°,185°,A
Flight Planning,2095,"(For this question use annex 033-9735A, AERONAUTICAL CHART ICAO 1:500 000 STUTTGART (NO 47/6) or Route Manual VFR+GPS chart ED-6)Flying VFR from VILLINGEN (48°03.5'N, 008°27.0'E) to FREUDENSTADT (48°28.0'N, 008°24.0'E) determine the distance.",24 NM,46 NM,28 NM,24 km,A
Flight Planning,2096,"(For this question use annex 033-9737A, AERONAUTICAL CHART ICAO 1:500 000 STUTTGART (NO 47/6) or Route Manual VFR+GPS chart ED-6)Flying VFR from PEITING (47°48.0'N, 010°55.5'E) to IMMENSTADT (47°",,,,,A
Flight Planning,2097,"(For this question use annex 033-9738A, AERONAUTICAL CHART ICAO 1:500 000 STUTTGART (NO 47/6) or Route Manual VFR+GPS chart ED-6)Flying VFR from PEITING (47°48.0'N, 010°55.5'E) to IMMENSTADT (47°",,,,,A
Flight Planning,2098,(For this question use annex 033-12368A or Route Manual chart NAP)The average magnetic course from C (62°N020°W) to B (58°N004°E) is,119°,109°,099°,118°,A
Flight Planning,2099,(For this question use annex 033-12369A or Route Manual chart NAP)The average true course from C (62°N020°W) to B (58°N004°E) is,109°,119°,099°,120°,A
Flight Planning,2100,(For this question use annex 033-12370A or Route Manual chart NAP)The initial magnetic course from C (62°N020°W) to B (58°N004°E) is,116°,080°,098°,113°,A
Flight Planning,2101,(For this question use annex 033-12371A or Route Manual chart NAP)The initial true course from C (62°N020°W) to B (58°N004°E) is,098°,116°,080°,278°,A
Flight Planning,2102,(For this question use annex 033-12372A or Route Manual chart NAP)The distance (NM) from A (64°N006°E) to C (62°N020°W) is,720,690,1590,1440,A
Flight Planning,2103,(For this question use annex 033-12373A or Route Manual chart NAP)The average magnetic course from A (64°N006°E) to C (62°N020°W) is,271°,259°,247°,279°,A
Flight Planning,2104,(For this question use annex 033-12374A or Route Manual chart NAP)The average true course from A (64°N006°E) to C (62°N020°W) is,259°,247°,271°,079°,A
Flight Planning,2105,(For this question use annex 033-12375A or Route Manual chart NAP)The initial magnetic course from A (64°N006°E) to C (62°N020°W) is,275°,267°,271°,262°,A
Flight Planning,2106,(For this question use annex 033-12376A or Route Manual chart NAP)The initial true course from A (64°N006°E) to C (62°N020°W) is,271°,275°,267°,246°,A
Flight Planning,2107,(For this question use annex 033-12377A or Route Manual chart NAP)The distance (NM) from C (62°N020°W) to B (58°N004°E) is,760,725,700,775,A
Flight Planning,2108,"On a given path, it is possible to chose between four flight levels (FL), each associated with a mandatory flight Mach Number (M). The flight conditions, static air temperature (SAT) and headwind component (HWC) are given below: FL 370 - M = 0.80 Ts = -60°C HWC = -15 kt FL 330 - M = 0.78 Ts = -60°C HWC= - 5 kt FL 290 - M = 0.80 Ts = -55°C HWC = -15 kt FL 270 - M = 0.76 Ts = -43°C HWC = 0The flight level allowing the highest ground speed is:",FL270,FL290,FL330,FL370,A
Flight Planning,2109,"A twin-jet aeroplane carries out the WASHINGTON-PARIS flight. When it reaches point K (35°N - 048°W) a non-mechanical event makes the Captain consider rerouting to one of the three following fields. The flight conditions are: - from K to BERMUDAS (distance 847NM, headwind component=18 kt) - from K to SANTA MARIA (distance 1112 NM, tailwind component=120 kt)- from K to GANDER (distance 883 NM, wind component=0).With an aeroplane true airspeed of 460 kt, the field selected will be that more rapidly reached:","BERMUDAS or GANDER, or SANTA MARIA",SANTA MARIA,BERMUDAS,Either GANDER or BERMUDAS,A
Flight Planning,2110,"An aeroplane flies at an airspeed of 380 kt. lt flies from A to B and back to A. Distance AB = 480 NM. When going from A to B, it experiences a headwind component = 60 kt. The wind remains constant.The duration of the flight will be:",2h 35min,3h 00min,2h 10min,2h 32min,A
Flight Planning,2111,"You are flying a constant compass heading of 252°. Variation is 22°E, deviation is 3°W and your INS is showing a drift of 9° right. True track is ?",280°,224°,242°,262°,A
Flight Planning,2112,"Given : true track 017, W/V 340/30, TAS 420 ktFind : wind correction angle (WCA) and ground speed (GS)","WCA -2° , GS 396 kt","WCA +2° , GS 396 kt","WCA -2° , GS 426 kt","WCA +2° , GS 416 kt",A
Flight Planning,2113,"Flight planning chart for an aeroplane states, that the time to reach the cruising level at a given gross mass is 36 minutes and the distance travelled is 157 NM (zero-wind). What will be the distance travelled with an average tailwind component of 60kt ?",193 NM,128 NM,157 NM,228 NM,A
Flight Planning,2114,"(For this question use annex 033 11702 A)The measured course 042° T.The variation in the area is 6° W and the wind is calm.The deviation card is reproduced in the annex.In order to follow this course, the pilot must fly a compass heading of:",052°,058°,040°,044°,A
Flight Planning,2115,"Given: True course (TC) 017°, W/V 340°/30 kt, True air speed (TAS) 420 ktFind: Wind correction angle (WCA) and ground speed (GS)","WCA -2°, GS 396 kt","WCA +2°, GS 396 kt","WCA -2°, GS 426 kt","WCA +2°, GS 416 kt",A
Flight Planning,2116,You are to determine the maximum fuel load which can be carried in the following conditions :- dry operating mass : 2800 kg- trip fuel : 300 kg- payload : 400 kg- maximum take-off mass : 4200 kg- maximum landing mass : 3700 kg,800 kg,1000 kg,700 kg,500 kg,A
Flight Planning,2117,"The fuel burn off is 200 kg/h with a relative fuel density of 0,8. If the relative density is 0,75, the fuel burn will be:",200 kg/h,213 kg/h,188 kg/h,267 kg/h,A
Flight Planning,2118,(For this question use annex 033-3301A or Flight Planning Manual MEP1 Figure 3.1)A flight is to be made from one airport (elevation 3000 ft) to another in a multi engine piston aireroplane (MEP1). The cruising level will be FL 110. The temperature at FL 110 is ISA - 10° C. The temperature at the departure aerodrome is -1° C. Calculate the fuel to climb with mixture rich.,6 US gallon,9 US gallon,12 US gallon,3 US gallon,A
Flight Planning,2119,"(For this question use annex 033-3302A or Flight Planning Manual MEP1 Figure 3.6)A flight is to be made to an airport, pressure altitude 3000 ft, in a multi engine piston aireroplane (MEP1). The forecast OAT for the airport is -1° C. The cruising level will be FL 110, where OAT is -10° C.Calculate the still air descent distance for:145 KIASRate of descent 1000 ft/minGears and flaps up",20 NM,29 NM,36 NM,25 NM,A
Flight Planning,2120,(For this question use annex 033-4736A or Flight Planning Manual SEP 1 Table 2.2.3)Given:FL 75OAT +10°CLean mixture2300 RPMFind:Fuel flow in gallons per hour (GPH) and TAS.,11.6 GPHTAS: 160 kt,11.6 GPHTAS: 143 kt,,,A
Flight Planning,2121,(For this question use annex 033-4737A or Flight Planning Manual SEP 1 Figure 2.1)Given:FL 75OAT: +5°CDuring climb: average head wind component 20 ktTake- off from MSL with the initial mass of 3 650 lbs.Find:Time and fuel to climb.,"9 min.3,3 USG","10 min.3,6 USG","7 min.2,6 USG","9 min.2,7 USG",A
Flight Planning,2122,"(For this question use annex 033-4738A or Flight Planning Manual SEP 1 Figure 2.1)Given:FL 75OAT: +5°CDuring climb: average head wind component 20 ktTake- off from MSL with the initial mass of 3 650 lbs.Find:Still air distance (NAM) and ground distance (NM) using the graph """"time, fuel, distance to climb"""".",18 NAM.15 NM.,16 NAM.18 NM.,18 NAM.13 NM.,14 NAM.18 NM.,A
Flight Planning,2123,"(For this question use annex 033-11704A)True Air speed: 170 ktWind in the area: 270°/40 ktAccording to the attached the navigation log, an aircraft performs a turn overhead BULEN to re-route to ARD via TGJ.The given wind conditions remaining constant.The fuel consumption during the turn is 20 litres.The total fuel consumption at position overhead ARD will be:",1 545 litres,1 182 litres,1 326 litres,1 600 litres,A
Flight Planning,2124,"In the cruise at FL 155 at 260 kt TAS, the pilot plans for a 500 feet/min descent in order to fly overhead MAN VOR at 2 000 feet (QNH 1030). TAS will remain constant during descent, wind is negligible, temperature is standard.The pilot must start the descent at a distance from MAN of:",120 NM,140 NM,110 NM,130 NM,A
Flight Planning,2125,"An aircraft is in cruising flight at FL 095, IAS 155kt. The pilot intends to descend at 500 ft/min to arrive overhead the MAN VOR at 2 000 FT (QNH 1 030hPa). The TAS remains constant in the descent, wind is negligeable, temperature standard. At which distance from MAN should the pilot commence the descent?",48 NM,42 NM,40 NM,45 NM,A
Flight Planning,2126,"(For this question use annex 033-9715A or Flight Planning Manual SEP 1 Figure 2.1)Given: Take-off mass 3500 lbs, departure aerodrome pressure altitude 2500 ft, OAT +10°C, First cruising level: FL 140, OAT -5°CFind the time, fuel and still air distance to climb.","22 min, 6.7 GAL, 45 NAM","24 min, 7.7 GAL, 47 NAM","16.5 min, 4.9 GAL, 34.5 NAM","23 min, 7.7 GAL, 50 NAM",A
Flight Planning,2127,"(For this question use annex 033-9716A or Flight Planning Manual SEP 1 Figure 2.4)Given: Aeroplane mass at start-up 3663 lbs, Aviation gasoline (density 6 lbs/gal)-fuel load 74 gal, Take-off altitude sea level, Headwind 40 kt, Cruising altitude 8000 ft, Power setting full throttle 2300 RPM 20°C lean of peak EGTCalculate the range.",633 NM,844 NM,730 NM,547.5 NM,A
Flight Planning,2128,(For this question use annexes 033-12302A and 033-12302B or Flight Planning Manual MRJT 1 Figure 4.5.2 and 4.5.3.1)Given : Distance C - D : 3200 NM Long Range Cruise at FL 340 Temperature Deviation from ISA : +12°C Tailwind component : 50 kt Gross mass at C : 55 000 kgThe fuel required from C - D is :,14 500 kg,14 200 kg,17 800 kg,17 500 kg,A
Flight Planning,2129,(For this question use annexes 033-12303A and 033-12303B or Flight Planning Manual MRJT 1 Figure 4.5.2 and 4.5.3.1))Given : Distance C - D : 680NM Long Range Cruise at FL340 Temperature Deviation from ISA : 0° C Headwind component : 60 kt Gross mass at C : 44 700 kgThe fuel required from C - D is :,3700 kg,3400 kg,3100 kg,4000 kg,A
Flight Planning,2130,(For this question use annex 033-12304A or Flight Planning Manual MRJT 1 Figure 4.5.1)Given : Brake release mass : 58 000 kg Temperature : ISA + 15The fuel required to climb from an aerodrome at elevation 4000 ft to FL300 is :,1250 kg,1400 kg,1450 kg,1350 kg,A
Flight Planning,2131,(For this question use annex 033-12339A or Flight Planning Manual MRJT 1 Figure 4.3.1C) For a flight of 2800 ground nautical miles the following apply :Head wind component 15 ktTemperature ISA + 15°CCruise altitude 35000 ftLanding mass 50000 kgThe (a) trip fuel and (b) trip time respectively are :,(a) 17600 kg (b) 6 hr 50 min,(a) 16200 kg (b) 6 hr 20 min,(a) 17000 kg (b) 6 hr 10 min,(a) 20000 kg (b) 7hr 00 min,A
Flight Planning,2132,"(For this question use annex 033-12340A or Flight Planning Manual MRJT 1 Figure 4.3.5)For a flight of 2800 ground nautical miles the following apply :Head wind component 20 ktTemperature ISA + 15°CBrake release mass 64700 kgThe (a) trip fuel, and (b) trip time respectively are :",(a) 17000 kg(b) 6hr 45 min,(a) 15800 kg(b) 6hr 15 min,(a) 16200 kg(b) 6hr 20 min,(a) 18400 kg(b) 7hr 00 min,A
Flight Planning,2133,(For this question use annex 033-12341A or Flight Planning Manual MRJT 1 Figure 4.3.1C)For a flight of 1900 ground nautical miles the following apply :Head wind component 10 ktTemperature ISA -5°CTrip fuel available 15000 kgLanding mass 50000kgWhat is the minimum cruise level (pressure altitude) which may be planned ?,17000 ft,22000 ft,14000 ft,10000 ft,A
Flight Planning,2134,(For this question use annex.033-12342A or Flight Planning Manual MRJT 1 Figure 4.3.5) Given the following :Head wind component 50 ktTemperature ISA + 10°CBrake release mass 65000kgTrip fuel available 18000kgWhat is the maximum possible trip distance ?,2740 NM,3100 NM,3480 NM,2540 NM,A
Flight Planning,2135,"(For this question use annex 033-12343A or Flight Planning Manual MRJT 1 Figure 4.3.1C)Within the limits of the data given, a mean temperature increase of 30°C will affect the trip time by approximately :",-5%,5%,8%,-7%,A
Flight Planning,2136,(For this question use annex 033-12305A or Flight Planning Manual MRJT 1 Figure 4.5.1)Given : Brake release mass : 62 000 kg Temperature : ISA + 15°CThe fuel required for a climb from Sea Level to FL330 is :,1700 kg,1650 kg,1750 kg,1800 kg,A
Flight Planning,2137,(For this question use annexes 033-12306A and 033-12306B or Flight Planning Manual MRJT 1 Figure 4.5.2 and 4.5.3.3)Given : Distance B - C : Cruise Mach 0.78 at FL300 Temperature : - 52°C Headwind component : 50 kt Gross mass at B : 64 500 kgThe fuel required from B - C is :,20 500 kg,20 800 kg,17 100 kg,16 800 kg,A
Flight Planning,2138,(For this question use annexes 033-12307A and 033-12307B or Flight Planning Manual MRJT 1 Figure 4.5.2 and 4.5.3.3)Given : Distance B - C : 1200 NM Cruise Mach 0.78 at FL300 Temperature Deviation from ISA : -14°C Tailwind component : 40 kt Gross mass at B : 50 200 kgThe fuel required from B - C is :,6150 kg,5850 kg,7300 kg,7050 kg,A
Flight Planning,2139,(For this question use annexes 033-12308A and 033-12308B or Flight Planning Manual MRJT 1 Figure 4.5.2 and 4.5.3.4)Given : Distance C - D : 540 NM Cruise 300 KIAS at FL 210 Temperature Deviation from ISA : +20°C Headwind component : 50 kt Gross mass at C : 60 000 kgThe fuel required from C to D is :,4620 kg,4200 kg,3350 kg,3680 kg,A
Flight Planning,2140,(For this question use annexes 033-12309A and 033-12309B or Flight Planning Manual MRJT 1 Figure 4.5.2 and 4.5.3.4)Given : Distance B - C : 350 NM Cruise 300 KIAS at FL 210 Temperature : - 40°C Tailwind component : 70 kt Gross mass at B : 53 200 kgThe fuel required from B - C is :,1810 kg,1940 kg,2800 kg,2670 kg,A
Flight Planning,2141,"(For this question use annex 033-12344A or Flight Planning Manual MRJT 1 Figure 4.3.1C) For a flight of 2000 ground nautical miles, cruising at 30000 ft, within the limits of the data given, a headwind component of 25 kt will affect the trip time by approximately :",+7.6%,+5.3%,+2.3%,-3.6%,A
Flight Planning,2142,"(For this question use annex 033-12345A or Flight Planning Manual MRJT 1 Figure 4.3.5)Given a trip time of about 9 hours, within the limits of the data given, a temperature decrease of 30°C will affect the trip time by approximately :",7%,3%,-4%,-10%,A
Flight Planning,2143,(For the question use annex 033-12346A or Flight Planning Manual MRJT 1 Figure 4.3.1C)For a flight of 2800 ground nautical miles the following apply :Tail wind component 45ktTemperature ISA - 10°CCruise altitude 29000ftLanding mass 55000kgThe (a) trip fuel (b) trip time respectively are :,(a) 17100kg(b) 6hr 07 min,(a) 18000kg(b)5hr 50 min,(a) 20000kg(b) 6hr 40 min,(a) 16000kg(b) 6hr 25 min,A
Flight Planning,2144,"(For this question use annex 033-12347A or Flight Planning Manual MRJT 1 Figure 4.3.5)For a flight of 3500 ground nautical miles, the following apply :Tail wind component 50 ktTemperature ISA +10°CBrake release mass 65000kgThe (a) trip fuel and (b) trip time respectively are :",(a) 18100 kg(b) 7hr 20 min,(a) 15800 kg(b) 6hr 00 min,(a) 21800 kg(b) 9hr 25 min,(a) 19000 kg(b) 7hr 45min,A
Flight Planning,2145,(For this question use annex 033-12348A or Flight Planning Manual MRJT 1 Figure 4.3.5) The following apply:Temperature ISA +15°CBrake release mass 62000kgTrip time 5hr 20 minWhat is the trip fuel ?,13500kg,13000kg,13200kg,13800kg,A
Flight Planning,2146,(For this question use annex 033-12349A or Flight Planning Manual MRJT 1 Figure 4.3.1C) For a flight of 2400 ground nautical miles the following apply :Temperature ISA -10°CCruise altitude 29000ftLanding mass 45000kgTrip fuel available 16000kgWhat is the maximum headwind component which may be accepted ?,35 kt,15kt,70kt,0,A
Flight Planning,2147,(For this question use annex 033-12350A or Flight Planning Manual MRJT 1 Figure 4.3.5) The following apply :Tail wind component 10ktTemperature ISA +10°CBrake release mass 63000kgTrip fuel available 20000kgWhat is the maximum possible trip distance ?,3740 NM,3640 NM,3500 NM,3250 NM,A
Flight Planning,2148,(For this question use annex 033-12351A or Flight Planning Manual MRJT 1 Figure 4.3.5) For a flight of 2400 ground nautical miles the following apply :Tail wind 25ktTemperature ISA - 10°CBrake release mass 66000kgThe (a) trip fuel and (b) trip time respectively are :,(a) 14000kg(b) 5hr 35 min,(a) 15800kg(b)6hr 20 min,(a) 14600kg(b) 5hr 45 min,(a) 15000kg(b) 6hr 00 min,A
Flight Planning,2149,(For this question use annex 033-12352A or Flight Planning Manual MRJT 1 Figure 4.3.1C) For a flight of 2400 ground nautical miles the following apply :Tail wind component 25 ktTemperature ISA -10°CCruise altitude 31000ftLanding mass 52000kgThe (a) trip fuel and (b) trip time respectively are :,(a) 14200kg(b) 5 hr 30 min,(a) 16200kg(b) 5 hr 45 min,(a) 13600kg(b) 6 hr 30 min,(a) 12000kg(b) 5 hr 15 min,A
Flight Planning,2150,Given:Dry operating mass (DOM)= 33510 kgLoad= 7600 kgFinal reserve fuel= 983 kgAlternate fuel= 1100 kgContingency fuel 102 kgThe estimated landing mass at alternate should be :,42195 kg.,42093 kg.,42210 kg.,42312 kg.,A
Flight Planning,2151,Given:Dry operating mass (DOM)= 33000 kgLoad= 8110 kgFinal reserve fuel= 983 kgAlternate fuel= 1100 kgContingency fuel 102 kgThe estimated landing mass at alternate should be :,42195 kg.,41110 kg.,42210 kg.,42312 kg.,A
Flight Planning,2152,Given:Dry operating mass (DOM)= 33510 kgLoad= 7600 kgTrip fuel (TF)= 2040 kgFinal reserve fuel= 983 kgAlternate fuel= 1100 kgContingency fuel= 5% of trip fuelWhich of the listed estimated masses is correct?,Estimated landing mass at destination= 43295 kg.,Estimated take-off mass= 45233 kg.,Estimated landing mass at destination= 43193 kg.,Estimated take-off mass= 43295 kg.,A
Flight Planning,2153,"(For this question use annex 033-12310A or Flight Planning Manual MRJT 1 Figure 4.4)- HOLDING PLANNING The fuel required for 30 minutes holding, in a racetrack pattern, at PA 1500 ft, mean gross mass 45 000 kg, is :",1090 kg,1010 kg,1310 kg,2180 kg,A
Flight Planning,2154,"(For this question use annex 033-12311A or Flight Planning Manual MRJT 1 Figure 4.4)- HOLDING PLANNING)The fuel required for 45 minutes holding, in a racetrack pattern,at PA 5000 ft, mean gross mass 47 000 kg, is :",1635 kg,1090 kg,1690 kg,1125 kg,A
Flight Planning,2155,(For this question use annex 033-12312A or Flight Planning Manual MRJT 1 Figure 4.3.6)Given: Distance to Alternate 450 NM Landing mass at Alternate : 45 000 kg Tailwind component : 50 ktThe Alternate fuel required is :,2500 kg,2750 kg,3050 kg,2900 kg,A
Flight Planning,2156,(For this question use annex 033-12313A or Flight Planning Manual MRJT 1 Figure 4.3.6)Given : Distance to Alternate : 400 NM Landing mass at Alternate : 50 000kg Headwind component : 25 ktThe alternate fuel required is :,2800 kg,2550 kg,2900 kg,2650 kg,A
Flight Planning,2157,"A public transport aeroplane with reciprocating engines,is flying from PARlS to LYON. The final reserve corresponds to:",45 minutes at holding speed,2 hours at cruise consumption,1 hour at holding speed,30 minutes at holding speed,A
Flight Planning,2158,"In a flight plan when the destination aerodrome is A and the alternate aerodrome is B, the final reserve fuel for a turbojet engine aeroplane corresponds to:","30 minutes holding 1,500 feet above aerodrome B","30 minutes holding 2,000 feet above aerodrome B","15 minutes holding 2,000 feet above aerodrome A","30 minutes holding 1,500 feeI above aerodrome A",A
Flight Planning,2159,"Following in-flight depressurisation, a turbine powered aeroplane is forced to divert to an en-route alternate airfield. If actual flight conditions are as forecast, the minimum quantity of fuel remaining on arrival at the airfield will be:",at least equivalent to 30 minutes flying time,at least equivalent to the quantity required to fly to another aerodrome in the event that weather conditions so require,"laid down by the operator, with the quantity being specified in the operating manual",at least equivalent to 45 minutes flying time,A
Flight Planning,2160,The Trip Fuel for a jet aeroplane to fly from the departure aerodrome to the destination aerodrome is 5 350 kg. Fuel consumption in holding mode is 6 000 kg/ h. The quantity of fuel which is needed to carry out one go-around and land on the alternate airfield is 4 380 kg. The destination aerodrome has a single runway.What is the minimum quantity of fuel which should be on board at take-off?,13 000 kg,13 050 kg,12 700 kg,10 000 kg,A
Flight Planning,2161,"For turbojet engine driven aeroplane, given:Taxi fuel 600 kgFuel flow for cruise 10 000 kg/hFuel flow for holding 8 000 kg/hAlternate fuel 10 200 kgPlanned flight time to destination 6 hForecast visibility at destination 2000 mThe minimum ramp fuel required is:",77 800 kg,76 100 kg,80 500 kg,79 200 kg,A
Flight Planning,2162,"(For this question use annex 033-4622A or Flight Planning Manual MEP 1 Figure 3.3)A flight has to be made with a multi engine piston aeroplane (MEP 1). For the fuel calculations take 5 US gallons for the taxi, and an additional 13 minutes at cruise condition to account for climb and descent. Calculated time from overhead to overhead is 1h47min. Powersetting is 45%, 2600 RPM. Calculated reserve fuel is 30% of the trip fuel. FL 100. Temperature -5°C. Find the minimum block fuel.",47 US gallons.,37 US gallons.,60 US gallons.,470 US gallons.,A
Flight Planning,2163,"(For this question use annex 033-4623A or Flight Planning Manual MEP 1 Figure 3.3)A flight has to be made with a multi engine piston aeroplane (MEP 1). For the fuel calculations take 5 US gallons for the taxi, and an additional 13 minutes at cruise condition to account for climb and descent. Calculated time overhead to overhead is 2h37min. Powersetting is 65%, 2500 RPM. Calculated reserve fuel is 30% of the trip fuel. FL 120. Temperature 1°C. Find the minimum block fuel.",91 US gallons.,86 US gallons.,76 US gallons.,118 US gallons.,A
Flight Planning,2164,"(For this question use annex 033-11272A)The flight crew of a turbojet aeroplane prepares a flight using the following data:. Take-off mass: 168 500 kg. Flight leg ground distance: 2 000 NM. Flight level FL 370, """"Long Range"""" flight regime . Tailwind component at this level: 30 kt. Total anti-ice set on """"ON"""". Fixed taxi fuel: 500 kg, final reserve: 2 000 kg. Ignore alternate fuel.The effects of climb and descent are not corrected for consumption.The prescribed quantity of trip fuel for the flight leg is:",20 500 kg,23 000 kg,22 500 kg,23 300 kg,A
Flight Planning,2165,Given:maximum allowable take-off mass 64 400 kg maximum landing mass 56 200 kg maximum zero fuel mass 53 000 kg dry operating mass 35 500 kg estimated load 14 500 kg estimated trip fuel 4 900kg minimum take-off fuel 7 400 kgFind the maximum allowable take-off fuel:,11 100 kg,11 400 kg,14 400 kg,8 600 kg,A
Flight Planning,2166,"The fuel burn of an aircraft turbine engine is 220 l/h with a fuel density of 0,80. If the density is 0,75, the fuel burn will be:",235 l/h,206 l/h,220 l/h,176 l/h,A
Flight Planning,2167,"During an IFR flight in a Beech Bonanza the fuel indicators show that the remaining amount of fuel is 100 lbs after 38 minutes. The total amount of fuel at departure was 160 lbs. For the alternate fuel, 30 lbs is necessary. The planned fuel for taxi is 13 lbs. Final reserve fuel is estimated at 50 lbs. If the fuel flow remains the same, how many minutes can be flown to the destination with the remaining fuel?",12 minutes.,63 minutes.,44 minutes.,4 minutes.,A
Flight Planning,2168,"For a planned flight the calculated fuel is as follows:Flight time: 3h06minThe reserve fuel, at any time, should not be less than 30% of the remaining trip fuel.Taxi fuel: 8 kgBlock fuel: 118 kgHow much fuel should remain after 2 hours flight time?",30 kg trip fuel and 9 kg reserve fuel.,39 kg trip fuel and 12 kg reserve fuel.,27 kg trip fuel and 12 kg reserve fuel.,39 kg trip fuel and no reserve fuel.,A
Flight Planning,2169,"For a planned flight the calculated fuel is as follows:Flight time: 2h42minThe reserve fuel, at any time, should not be less than 30% of the remaining trip fuel.Taxi fuel: 9 kgBlock fuel: 136 kgHow much fuel should remain after 2 hours flight time?",25 kg trip fuel and 8 kg reserve fuel.,33 kg trip fuel and 10 kg reserve fuel.,23 kg trip fuel and 10 kg reserve fuel.,33 kg trip fuel and no reserve fuel.,A
Flight Planning,2170,A VFR flight planned for a Piper Seneca III. At a navigational checkpoint the remaining usable fuel in tanks is 60 US gallons. The alternate fuel is 12 US gallons. According to the flight plan the remaining flight time is 1h35min. Calculate the highest rate of consumption possible for the rest of the trip.,30.3 US gallons/hour,,,,A
Flight Planning,2171,"A multi engine piston aeroplane is on an IFR flight. The fuel plan gives a trip fuel of 65 US gallons. The alternate fuel, final reserve included, is 17 US gallons. Contingency fuel is 5% of the trip fuel. The usable fuel at departure is 93 US gallons. At a certain moment the fuel consumed according to the fuel gauges is 40 US gallons and the distance flown is half of the total distance. Assume that fuel consumption doesn't change. Which statement is right ?",The remaining fuel is not sufficient to reach the destination with reserves intact,At the destination there will still be 30 US gallons in the tanks,At departure the reserve fuel was 28 US gallons,At destination the required reserves remain intact.,A
Flight Planning,2172,Minimum planned take-off fuel is 160 kg (30% total reserve fuel is included). Assume the groundspeed on this trip is constant. When the aeroplane has done half the distance the remaining fuel is 70 kg. Is diversion to a nearby alternate necessary?,"Diversion to a nearby alternate is necessary, because the remaining fuel is not sufficient.","Diversion to a nearby alternate is not necessary, because the reserve fuel has not been used completely.","Diversion to a nearby alternate is not necessary, because it is allowed to calculate without reserve fuel.","Diversion to a nearby alternate is necessary, unless the captain decides to continue on his own responsability.",A
Flight Planning,2173,"After flying for 16 min at 100 kt TAS with a 20 kt tail wind component, you have to return to the airfield of departure. You will arrive after:",24 min,20 min,10 min 40 sec,16 min,A
Flight Planning,2174,During a flight at night a position has to be reported to ATC. The aeroplane is at a distance of 750 NM from the groundstation and at flight level 350. The frequency to be used is:,5649 kHz.,11336 kHz.,17286 kHz.,123.9 MHz.,A
Flight Planning,2175,"(For this question use annex 033-9721A, AERONAUTICAL CHART ICAO 1:500 000 STUTTGART (NO 47/6) or Route Manual VFR+GPS chart ED-6)Give the name and frequency of the Flight Information Service for an aeroplane in position (47°59'N, 010°14'E).",MÜNCHEN INFORMATION 126.95 MHz,MÜNCHEN INFORMATION 120.65 MHz,FRANKFURT INFORMATION 128.95 MHz,MEMMINGEN INFORMATION 122.1 MHz,A
Flight Planning,2176,"(For this question use annex 033-9726A, AERONAUTICAL CHART ICAO 1:500 000 STUTTGART (NO 47/6) or Route Manual VFR+GPS chart ED-6)Give the frequency of STUTTGART ATIS.",126.125 MHz,135.775 MHz,112.250 MHZ,126.125 kHz,A
Flight Planning,2177,"((For this question use annex 033-9727A, AERONAUTICAL CHART ICAO 1:500 000 STUTTGART (NO 47/6) or Route Manual VFR+GPS chart ED-6)Give the frequency of ZÜRICH VOLMET.",127.20 MHz,127.20 kHz,128.525 MHz,118.10 MHz,A
Flight Planning,2178,"(For this question use annex 033-9728A, AERONAUTICAL CHART ICAO 1:500 000 STUTTGART (NO 47/6) or Route Manual VFR+GPS chart ED-6)Which navigation aid is located in position 48°55'N, 009°20'E ?",VOR/DME,NDB,TACAN,VOR,A
Flight Planning,2179,"(For this question use annex 033-9729A, AERONAUTICAL CHART ICAO 1:500 000 STUTTGART (NO 47/6) or Route Manual VFR+GPS chart ED-6)Which navigation aid is located in position 48°23'N, 008°39'E?",VOR,NDB,VOR/DME,VORTAC,A
Flight Planning,2180,"(For this question use annex 033-9730A, AERONAUTICAL CHART ICAO 1:500 000 STUTTGART (NO 47/6) or Route Manual VFR+GPS chart ED-6)Which navigation aid is located in position 48°30'N, 007°34'E?",VOR/DME,NDB,VOR,TACAN,A
Flight Planning,2181,"A repetitive flight plan (RPL) is filed for a scheduled flight: Paris-Orly to Angouleme, Paris Orly as alternate. Following heavy snow falls, Angouleme airport will be closed at the expected time of arrival. The airline decides before departure to plan a re-routing of thatflight to Limoges.",The RPL must be cancelled for that day and a specific flight plan has to be filed.,"The airline's """"Operations """" Department has to tansmit a change in the RPL at the ATC office, at least half an hour before the planned time of departure.",It is not possible to plan another destination and the fIight has to be simply cancelled that day (scheduled flight and not chartered).,The pilot-in-command must advise ATC of his intention to divert to Limoges at least 15 minutes before the planned time of arrival.,A
Flight Planning,2182,"A """"current flight plan"""" is a :",filed flight plan with amendments and clearance included.,filed flight plan.,flight plan with the correct time of departure.,flight plan in the course of which radio communication should be practised between aeroplane and ATC.,A
Flight Planning,2183,Which of the following statements regarding filing a flight plan is correct?,In case of flow control the flight plan should be filed at least three hours in advance of the time of departure.,Any flight plan should be filed at least 10 minutes before departure.,A flight plan should be filed when a national FIR boundary will be crossed.,A flying college can file repetitive flight plan for VFR flights.,A
Flight Planning,2184,"In an ATS flight plan, Item 15 (route), a cruising pressure altitude of 32000 feet would be entered as :",F320,FL320,S3200,32000,A
Flight Planning,2185,"When an ATS flight plan is submitted for a flight outside designated ATS routes, points included in Item 15 (route) should not normally be at intervals of more than :",30 minutes flying time or 370 km,20 minutes flying time or 150 km,15 minutes flying time or 100 km,1 hour flying time or 500 km,A
Flight Planning,2186,"In the ATS flight plan Item 15, a cruising speed of 470 knots will be entered as :",N0470,KN470,0470K,N470,A
Flight Planning,2187,"In the ATS flight plan Item 13, in a flight plan submitted before departure, the departure time entered is the :",estimated off-block time,estimated time over the first point en route,estimated take-off time,allocated slot time,A
Flight Planning,2188,"In the ATS flight plan Item 15 (Cruising speed), when not expressed as a Mach number, cruising speed is expressed as :",TAS,IAS,CAS,Groundspeed,A
Flight Planning,2189,"For a repetitive flight plan (RPL) to be used, flights must take place on a regular basis on at least :",10 occasions,20 occasions,30 occasions,50 occasions,A
Flight Planning,2190,"In the ATS flight plan Item 10 (equipment), the letter to indicate the carriage of a serviceable transponder - mode A (4 digits-4096 codes) and mode C, is :",C,B,A,P,A
Flight Planning,2191,"(For this question use annex 033-11261A)Prior to an IFR flight, when filling in the ICAO flight plan, the time information which should be entered in box 13: """"Time"""" is:",estimated off-block time.,planned take-off time.,planned engine start time.,the time of flight plan filing.,A
Flight Planning,2192,"(For this question use annex 033-11262A)Prior to an IFR flight, when filling in the ICAO flight plan, the time information which should be entered in box 16: """"Total estimated time"""" is the time elapsed from:",take-off until reaching the IAF (Initial Approach Fix) of the destination aerodrome.,taxi-out prior to take-off until taxiing completion after landing.,take-off until landing.,taxiing until the IAF (Initial Approach Fix) of the destination aerodrome.,A
Flight Planning,2193,"(For this question use annex 033-12275A)In the ATS flight plan Item 10, """"standard equipment"""" is considered to be :","VHF RTF, ADF, VOR and ILS","VHF RTF, ADF, VOR and transponder","VHF RTF, VOR, ILS and transponder","VHF RTF, VOR, ILS and transponder",A
Flight Planning,2194,"(For this question use annex 033-12276A)In the ATS flight plan Item 15, for a flight along a designated route, where the departure aerodrome is not on or connected to that route :","the letters """"DCT"""" should be entered, followed by the point of joining the ATS route",it is necessary only to give the first reporting point on that route,"the words """"as cleared"""" should be entered",it is not necessary to indicate the point of joining that route as it will be obvious to the ATS unit.,A
Flight Planning,2195,"(For this question use annex 033-12277A)In the event that SELCAL, is prescribed by an appropriate authority, in which section of the ATS flight plan will the SELCAL code be entered ?",OTHER INFORMATION,EQUIPMENT,ROUTE,AIRCRAFT IDENTIFICATION,A
Flight Planning,2196,An aircraft has a maximum certificated take-off mass of 137000 kg but is operating at take-off mass 135000 kg. In Item 9 of the ATS flight plan its wake turbulence category is :,"heavy """"H""""","heavy/medium """"H/M""""","medium """"M""""","medium plus """"M+""""",A
Flight Planning,2197,"For the purposes of Item 9 (Wake turbulence category) of the ATS flight plan, an aircraft with a maximum certificated take-off mass of 62000 kg is :","medium """"M""""","heavy """"H""""","light """"L""""","unclassified """"U""""",A
Flight Planning,2198,"(For this question use annex 033-12280A)When completing Item 9 of the ATS flight plan, if there is no appropriate aircraft designator, the following should be entered :","""""ZZZZ"""" followed by an entry in Item 18","""""XXXX"""" followed by an entry in Item 18",the most descriptive abbreviation,"""""NONE""""",A
Flight Planning,2199,"(For this question use annex 033-12281A)Item 9 of the ATS flight plan includes """"NUMBER AND TYPE OF AIRCRAFT"""". In this case """"NUMBER"""" means :",the number of aircraft flying in a group,the registration number of the aircraft,the number of aircraft which will separately be using a repetitive flight plan (RPL),the ICAO type designator number as set out in ICAO Doc 8643,A
Flight Planning,2200,"When completing an ATS flight plan, an elapsed time (Item 16) of 1 hour 55 minutes should be entered as :",155,1H55,115M,115,A
Flight Planning,2201,"When completing an ATS flight plan for a European destination, clock times are to be expressed in :",UTC,Local mean time,local standard time,Central European Time,A
Flight Planning,2202,"In the ATS flight plan, for a non-scheduled flight which of the following letters schould be entered in Item 8 (Type of Flight) :",N,N/S,G,X,A
Flight Planning,2203,"(For this question use annex 033-12285A)In the ATS flight plan item 7, for a radio equipped aircraft, the identifier must always :",be the RTF callsign to be used,include the aircraft registration marking,include the operating agency designator,include an indication of the aircraft type,A
Flight Planning,2204,"In the ATS flight plan item 15, it is necessary to enter any point at which a change of cruising speed takes place. For this purpose a """"change of speed"""" is defined as :",5% TAS or 0.01 Mach or more,10 % TAS or 0.05 Mach or more,20 km per hour or 0.1 Mach or more,20 knots or 0.05 Mach or more,A
Flight Planning,2205,"In the ATS flight plan item 15, when entering a route for which standard departure (SID) and standard arrival (STAR) procedures exist :",both should be entered in the ATS plan where appropriate,SIDs should be entered but not STARs,STARS should be entered but not SIDs,neither SID nor STAR should be entered,A
Flight Planning,2206,"(For this question use annex 033-12289A)In the ATS flight plan Item 19, emergency and survival equipment carried on the flight should be indicated by :",crossing out the box relevant to any equipment not carried,circling the relevant box,placing a tick in the relevant box,"listing the items carried on the """"REMARKS"""" line",A
Flight Planning,2207,"When completing an ATS flight plan for a flight commencing under IFR but possibly changing to VFR, the letters entered in Item 8 (FLIGHT RULES) would be :",Y,N/S,G,X,A
Flight Planning,2208,"In the ATS flight plan Item 19, if the number of passengers to be carried is not known when the plan is ready for filing :","""""TBN"""" (to be notified) may be entered in the relevant box",the plan should be filed with the relevant box blank,an estimate may be entered but that number may not subsequently be exceeded,the plan may not be filed until the information is available,A
Flight Planning,2209,"In an ATS flight plan Item 15, in order to define a position as a bearing and distance from a VOR, the group of figures should consist of :","VOR ident, magnetic bearing and distance in nautical miles","VOR ident, true bearing and distance in kilometres","VOR ident, magnetic bearing and distance in kilometres","full name of VOR, true bearing and distance in kilometres",A
Flight Planning,2210,An aircraft plans to depart London at 1000 UTC and arrive at Munich (EDDM) at 1215 UTC. In the ATS flight plan Item 16 (destination/EET) should be entered with :,EDDM 0215,EDDM 1415,EDDM 1215,EDDM 2H15,A
Flight Planning,2211,"In an ATS flight plan Item 15 (route), in terms of latitude and longitude, a significant point at 41°35' north 4°15' east should be entered as :",4135N00415E,41°35' N 04° 15'E,N04135E0415,N4135 E00415,A
Flight Planning,2212,"An aeroplane is flying from an airport to another.In cruise, the calibrated airspeed is I50 kt, true airspeed 180 kt, average groundspeed 210 kt, the speed box on the filed flight plan shall be filled as follows:",N0180,K0210,K0180,K0150,A
Flight Planning,2213,"On a flight plan you are required to indicate in the box marked """"speed"""" the planned speed for the first part of the cruise or for the entire cruise.This speed is:",The true airspeed,The equivalent airspeed,The indicated airspeed,The estimated ground speed,A
Flight Planning,2214,"In the appropriate box of a flight plan form, concerning equipment, the letter to be used to indicate that the aircraft is equipped with a mode A 4096 codes transponder with altitude reporting capability is :",C,P,S,A,A
Flight Planning,2215,"In the appropriate box of a flight plan form, corresponding to the estimated time of departure, the time indicated is that at which the aircraft intends to :",go off blocks,take-off,start-up,pass the departure beacon,A
Flight Planning,2216,"When a pilot fills in a flight plan, he must indicate the wake turbulence category. This category is a function of which mass?",maximum certified take-off mass,estimated take-off mass,maximum certified landing mass,actual take-off mass,A
Flight Planning,2217,"If your destination airport has no ICAO indicator, in the appropriate box of your flight plan, you write:",ZZZZ,AAAA,XXXX,////,A
Flight Planning,2218,The cruising speed to write in the appropriate box of a flight plan is:,true air speed,indicated air speed,ground speed,calibrated air speed,A
Flight Planning,2219,"In the appropriate box of a flight plan, for endurance, one must indicate the time corresponding to:",the total usable fuel on board,the required fuel for the flight,the required fuel for the flight plus the alternate and 45 minutes,the total usable fuel on board minus reserve fuel,A
Flight Planning,2220,The maximum permissible take-off mass of an aircraft for the L wake turbulence category on a flight plan is:,7 000 kg,2 700 kg,5 700 kg,10 000 kg,A
Flight Planning,2221,"Given: Maximum allowable take-off mass 64 400 kg, maximum landing mass 56200 kg, maximum zero fuel mass 53 000 kg, dry operating mass 35 500 kg, estimated load 14 500 kg, estimated trip fuel 4 900 kg, minimum take-off fuel 7 400 kg.Find: maximum additional load",3 000 kg,4 000 kg,7 000 kg,5 600 kg,A
Flight Planning,2222,The navigation plan reads:Trip fuel: 100 kgFlight time: 1h35minTaxi fuel: 3 kgBlock fuel: 181 kgThe endurance on the ICAO flight plan should read:,2h 49min,1h 35min,2h 04min,2h 52min,A
Flight Planning,2223,The navigation plan reads:Trip fuel: 136 kgFlight time: 2h45minCalculated reserve fuel: 30% of trip fuelFuel in tank is minimum (no extra fuel on board)Taxi fuel: 3 kgThe endurance on the ICAO flight plan should read:,3h34min,2h45min,2h49min,3h38min,A
Flight Planning,2224,How many hours in advance of departure time should a flight plan be filed in the case of flights into areas subject to air traffic flow management (ATFM)?,3:00 hours.,1:00 hour.,0:30 hours.,0:10 hours.,A
Flight Planning,2225,You have a flight plan IFR from Amsterdam to London. In the flight plan it is noted that you will deviate from the ATS route passing the FIR boundary Amsterdam/London. The airway clearance reads: Cleared to London via flight planned route.Which of the following statements is correct?,The route according to the flight plan is accepted.,The filed deviation is not accepted.,You will get a separate clearance for the deviation.,It is not allowed to file such a flight plan.,A
Flight Planning,2226,The planned departure time from the parking area is 1815 UTCThe estimated take- off time is 1825 UTCThe IFR flight plan must be filed with ATC at the latest at:,1715 UTC,1725 UTC,1745 UTC,1755 UTC,A
Flight Planning,2227,"It is possible, in flight, to:1 - file an IFR flight plan2 - modify an active IFR or VFR flight plan3 - cancel an active VFR flight plan4 - close an active VFR flight planWhich of the following combinations contains all of the correct statements?",1 - 2 - 3 - 4,2001-02-04,1 - 2 - 3,2 - 3 - 4,A
Flight Planning,2228,"For a flight plan filed before the flight, the indicated time of departure is:",the estimated off-block time,the time at which the flight plan is filed.,the time of take-off.,the time overhead the first reporting point after take-off.,A
Flight Planning,2229,From the options given below select those flights which require flight plan notification:I - Any Public Transport flight.2 - Any IFR flight3 - Any flight which is to be carried out in regions which are designated to ease the provision of the Alerting Service or the operations of Search and Rescue.4 - Any cross-border flights5 - Any flight which involves overflying water,2+4,1+5,1+2+3,3+4+5,A
Flight Planning,2230,"If a pilot lands at an aerodrome other than the destination aerodrome specified in the flight plan, he must ensure that the ATS unit at the destination aerodrome is informed within a certain number of minutes of his planned ETA at destination. This number of minutes is:",30,15,10,45,A
Flight Planning,2231,"When an ATS flight plan has been submitted for a controlled flight, the flight plan should be amended or cancelled in the event of the off-block time being delayed by :",30 minutes or more,45 minutes or more,60 minutes or more,90 minutes or more,A
Flight Planning,2232,"During an IFR flight TAS and time appear to deviate from the data in the flight plan. The minimum deviations, that should be reported to ATC in order to conform to PANS-RAC, are:",TAS 5% and time 3 minutes.,TAS 3% and time 3 minutes.,TAS 5 kt and time 5 minutes.,TAS 10 kt and time 2 minutes.,A
Flight Planning,2233,An aeroplane is on an IFR flight. The flight is to be changed from IFR to VFR. Is it possible?,"Yes, the pilot in command must inform ATC using the phrase """"cancelling my IFR flight"""".","No, you have to remain IFR in accordance to the filed flight plan.","No, only ATC can order you to do this.","Yes, but only with permission from ATC.",A
Flight Planning,2234,"An executive pilot is to carry out a flight to a French aerodrome, spend the night there and return the next day. Where will he find the information concerning parking and landing fees ?",in the FAL section of the French Aeronautical Information Publication (AIP),in the AGA chapter of the French Aeronautical Information Publication (AIP),in the GEN chapter of the French Aeronautical Information Publication (AIP),"by telephoning the aerodrome's local chamber of commerce, this type of information not being published",A
Flight Planning,2235,"(For this question use annex 033-9722A, AERONAUTICAL CHART ICAO 1:500 000 STUTTGART (NO 47/6) or Route Manual VFR+GPS chart ED-6)Flying from SAULGAU airport (48°02'N, 009°31'E) to ALTENSTADT airport (47°50'N, 010°53'E). Find magnetic course and the distance.","Magnetic course 102°, distance 56 NM","Magnetic course 282°, distance 56 NM","Magnetic course 102°, distance 82 NM","Magnetic course 078°, distance 82 NM",A
Flight Planning,2236,"(For this question use annex 033-9723A, AERONAUTICAL CHART ICAO 1:500 000 STUTTGART (NO 47/6) or Route Manual VFR+GPS chart ED-6)Flying from ERBACH airport (48°21'N, 009°55'E) to POLTRINGEN airport (48°33'N, 008°57'E). Find magnetic course and the distance.","Magnetic course 287°, distance 41 NM","Magnetic course 252°, distance 41 NM","Magnetic course 108°, distance 60 NM","Magnetic course 287°, distance 60 NM",A
Flight Planning,2237,"(For this question use annex 033-9724A, AERONAUTICAL CHART ICAO 1:500 000 STUTTGART (NO 47/6) or Route Manual VFR+GPS chart ED-6)Flying from Position SIGMARINGEN (48°05'N, 009°13'E) to BIBERACH airport (48°07'N, 009°46'E). Find magnetic course and the distance.","Magnetic course 086°, distance 22 NM","Magnetic course 093°, distance 41 NM","Magnetic course 267°, distance 22 NM","Magnetic course 086°, distance 32 NM",A
Flight Planning,2238,"(For this question use annex 033-12353A or Route Manual chart 5 AT(HI))On airway PTS P from Vigra (62°334N 006°02'E), the initial great circle grid course is :",344,353,347,350,A
Flight Planning,2239,"(For this question use annex 033-12354A or Route Manual chart NAP)On a direct great circle course from Shannon (52°43' N 008°53'W) to Gander (48°54'N054°32'W), the (a) average true course, and(b) distance, are :",(a) 262°(b) 1720 NM,a) 281°(b) 2730 NM,a) 244°(b) 1520 NM,a) 281°(b) 1877 NM,A
Flight Planning,2240,(For this question use annex 033-12355A or Route Manual chart 5 AT(HI))The initial great circle true course from Keflavik (64°00'N 022°36' W) to Vigra (62°33'N 006°02'E) measures 084°. On a polar enroute chart where the grid is aligned with the 000° meridian the initial grid course will be :,106°,080°,096°,066°,A
Flight Planning,2241,(For this question use annex 033-12356A or Route Manual chart 5 AT(HI))The initial great circle course from position A (80°00'N 170°00'E) to position B (75°00'N 011°E) is 177° (G). The final grid course at position B will be :,177° (G),194° (G),172° (G),353° (G),A
Flight Planning,2242,A descent is planned from 7500 ft MSL so as to arrive at 1000 ft MSL 6 NM from a VORTAC.With a GS of 156 kts and a rate of descent of 800 ft/min. The distance from the VORTAC when descent is started is :,"27,1 NM","15,0 NM","11,7 NM","30,2 NM",A
Flight Planning,2243,A sector distance is 450 NM long. The TAS is 460 kt. The wind component is 50 kt tailwind. What is the still air distance?,406 Nautical Air Miles (NAM),499 Nautical Air Miles (NAM),414 Nautical Air Miles (NAM),511 Nautical Air Miles (NAM),A
Flight Planning,2244,The still air distance in the climb is 189 Nautical Air Miles (NAM) and time 30 minutes. What ground distance would be covered in a 30 kt head wind?,174 NM,203 NM,188 NM,193 NM,A
Flight Planning,2245,(For this question use annex 033-3327A or Flight Planning Manual MEP 1 Figure 3.2)A flight is to be made in a multi engine piston aeroplane (MEP1). The cruising level will be 11000ft. The outside air temperature at FL is -15 ° C. The usable fuel is 123 US gallons. The power is set to economic cruise. Find the range in NM with 45 min reserve fuel at 45 % power.,752 NM,852 NM,610 NM,602 NM,A
Flight Planning,2246,(For this question use annex 033-4735A or Flight Planning Manual SEP 1 Figure 2.5)Given:FL 75Lean mixtureFull throttle2300 RPMTake-off fuel: 444 lbsTake-off from MSLFind:Endurance in hours.,5:12,5:20,4:42,5:23,A
Flight Planning,2247,"(For this question use annex 033-9732A or Flight Planning Manual SEP1 Figure 2.2 Table 2.2.2)A flight has to be made with the single engine sample aeroplane. For the fuel calculation allow 10 lbs fuel for start up and taxi, 3 minutes and 1 gallon of additional fuel to allow for the climb, 10 minutes and no fuel correction for the descent.Planned flight time (overhead to overhead) is 03 hours and 12 minutes.Reserve fuel 30% of the trip fuel.Power setting is 25 in.HG (or full throttle), 2100 RPM, 20°C lean.Flight level is 70 and the OAT 11°C.The minimum block fuel is:",283 lbs,268 lbs,252 lbs,215 lbs,A
Flight Planning,2248,"(For this question use annex 033-9733A or Flight Planning Manual SEP1 Figure 2.2 Table 2.2.3)A flight has to be made with the single engine sample aeroplane. For the fuel calculation allow 10 lbs fuel for start up and taxi, 3 minutes and 1 gallon of additional fuel to allow for the climb, 10 minutes and no fuel correction for the descent.Planned flight time (overhead to overhead) is 02 hours and 37 minutes.Reserve fuel 30% of the trip fuel.Power setting is 23 in.HG (or full throttle), 2300 RPM, 20°C lean.Flight level is 50 and the OAT -5°C.The minimum block fuel is:",265 lbs,208 lbs,270 lbs,250 lbs,A
Flight Planning,2249,"(For this question use annex 033-9704A or Flight Planning Manual MRJT 1 Figure 4.5.4 )Planning an IFR-flight from Paris to London for the twin jet aeroplane. Given: Estimated Landing Mass 49700 kg, FL 280, W/V 280°/40 kt, Average True Course 320°, Procedure for descent .74 M/250 KIAS Determine the distance from the top of descent to London (elevation 80 ft).",76 NM,87 NM,97 NM,65 NM,A
Flight Planning,2250,"(For this question use annex 033-9705A or Flight Planning Manual MRJT 1 Figure 4.5.4 )Planning an IFR-flight from Paris to London for the twin jet aeroplane. Given: Estimated Landing Mass 49700 kg, FL 280, W/V 280°/40 kt, Average True Course 320°, Procedure for descent .74 M/250 KIAS Determine the time from the top of descent to London (elevation 80 ft).",19 min,10 min,17 min,8 min,A
Flight Planning,2251,"(For this question use annex 033-9706A or Flight Planning Manual MRJT 1 Figure 4.5.4 )Planning an IFR-flight from Paris to London for the twin jet aeroplane. Given: Estimated Landing Mass 49700 kg, FL 280, W/V 280°/40 kt, Average True Course 320°, Procedure for descent .74 M/250 KIAS Determine the fuel consumption from the top of descent to London (elevation 80 ft).",273 kg,263 kg,210 kg,320 kg,A
Flight Planning,2252,(For this question use annex 033-12320A )Which best describes the significant cloud forecast for the area east of Tunis (36°N010°E) ?,5 to 7 oktas CU and AC base below FL100 tops FL180,3 to 4 oktas CU and AC base below FL100 tops FL180,5 to 7 oktas CU and AC base FL100 tops FL180,3 to 4 oktas CU and AC base FL100 tops FL160,A
Flight Planning,2253,"(For this question use annex.033-12321A )Which best describes the maximum intensity of icing, if any, at FL160 in the vicinity of BERLIN (53° N013°E) ?",moderate,severe,light,nil,A
Flight Planning,2254,"(For this question use annex 033-12322A )Which describes the intensity of icing, if any, at FL 150 in the vicinity of TOULOUSE (44° N 01°E) ?",moderate or severe,moderate,light,nil,A
Flight Planning,2255,(For this question use annex 033-12323A )The surface system over VIENNA (48°N016°E) is a,cold front moving east,warm front moving north,stationary occlued front,cold front moving west,A
Flight Planning,2256,(For this question use annex 033-12324A )In the vicinity of SHANNON (52° N009°W) the tropopause is at about FL,360,350,300,270,A
Flight Planning,2257,(For this question use annex 033-12325A )Which best describes the significant cloud forecast over TOULOUSE (44°N001°E) ?,"broken AC/CU base below FL100 tops FL150, embedded isolated CB base below FL100 tops FL270",well separated CB base FL100 tops to FL 270,"isolated CB embedded in layer cloud, surface to FL270",5 to 7 oktas CU and AC base below FL100 tops to FL270,A
Flight Planning,2258,"(For this question use annex 033-12326A )Which describes the maximum intensity of turbulence, if any, forecast for FL260 over TOULOUSE (44°N001°E) ?",severe,moderate,light,nil,A
Flight Planning,2259,(For this question use annex 033-12327A )The maximum wind velocity (°/kt) immediately north of TUNIS (36°N010°E) is,190/95,280/110,250/85,180/105,A
Flight Planning,2260,"(For this question use annex 033-12328A )Over LONDON (51°N000°E/W), the lowest FL listed which is unaffected by CAT is:",230,270,310,360,A
Flight Planning,2261,(For this question use annex 033-11193A)What is the mean temperature deviation (°C) from the ISA over 50°N 010°W ?,-2,2,9,13,A
Flight Planning,2262,"(For this question use annex 033-11202A)Which of the following flight levels, if any, is forecast to be clear of significant cloud, icing and CAT along the marked route from SHANNON (53°N 10°W) to BERLIN (53°N 13°E) ?",FL250,FL 210,FL290,None,A
Flight Planning,2263,"(For this question use annex 033-11181A)Which describes the worst hazard, if any, that could be associated with the type of feature at 38°N 015°E ?",Engine flame out and windscreen damage,Severe attenuation in the HF R/T band,Reduced visibility,There is no hazard,A
Flight Planning,2264,(For this question use annex 033-11182A)The surface weather system over England (53°N 002°W) is,an occluded front moving east,a depression moving north,a warm front moving southeast,a cold front moving east,A
Flight Planning,2265,(For this question use annex 033-11183A)In the vicinity of PARIS (49°N 003°E) the tropopause is at about,FL400,FL340,FL350,FL380,A
Flight Planning,2266,"(For this question use annex 033-11184A)Which describes the maximum intensity of icing, if any, at FL180 in the vicinity of CASABLANCA (33°N 008°W) ?",Severe,Moderate,Light,Nil,A
Flight Planning,2267,"(For this question use annex 033-11185A)Which best describes the significant cloud, if any, forecast for the area southwest of BODO (67°N 014°E)","5 to 7 oktas CU and CB base below FL100, tops FL180","5 to 7 oktas CU and CB base FL100, tops FL180","3 to 7 oktas CU and CB base below FL100, tops FL180",Nil,A
Flight Planning,2268,"(For this question use annex 033-11186A)Which best describes be maximum intensity of icing, if any, at FL150 in the vicinity of BUCHAREST (45°N 026°E) ?",Moderate,Light,Severe,Nil,A
Flight Planning,2269,"(For this question use annex 033-11187A)Which best describes the maximum intensity of CAT, if any, forecast for FL330 over BENGHAZI (32°N 020°E) ?",Nil,Light,Moderate,Severe,A
Flight Planning,2270,(For this question use annex 033-12314A )The W/V (°/kt) at 50°N015°W is:,290/75,310/85,310/75,100/75,A
Flight Planning,2271,(For this question use annex 033-12315A)What mean temperature (°C) is likely on a true course of 270° from 025° E to 010°E at 45°N ?,-50,-48,-52,-54,A
Flight Planning,2272,(For this question use annex 033-12316A )The W/V (°/kt) at 40°N 020°W is,310/40,334/40,135/40,155/40,A
Flight Planning,2273,(For this question use annex 033-12317A )What is the temperature deviation (°C) from ISA over 50° N 010°E ?,-10,-55,2,10,A
Flight Planning,2274,(For this question use annex 033-12318A)The W/V (°/kt) at 60° N015° W is,300/60,300/70,320/60,115/60,A
Flight Planning,2275,(For this question use annex 033-12319A)The approximate mean wind component (kt) along true course 180° from 50°N to 40°N at 005° W is,tail wind 55 kt,tail wind 40 kt,tail wind 70 kt,headwind 55 kt,A
Flight Planning,2276,(For this question use annex 033-11191A)The wind direction and velocity (°/kt) at 60°N 015°W is,290/155,320/155,110/155,290/185,A
Flight Planning,2277,(For this question use annex 033-11192A)The approximate mean wind component (kt) at Mach 0.78 along true course 270° at 50°N from 000° to 010°W is,40 kt headwind component,55 kt headwind component,35 kt tailwind component,25 kt tailwind component,A
Flight Planning,2278,(For this question use annex 033-11194A)The wind direction and velocity (°/kt) at 40°N 040°E is,330/75,330/85,150/75,300/75,A
Flight Planning,2279,(For this question use annex 033-11201A)What mean temperature (°C) is likely on a course of 360° (T) from 40°N to 50°N at 040°E ?,-47,-46,-49,-50,A
Flight Planning,2280,(For this question use annex 033-11188A)The maximum wind velocity (°/kt) shown in the vicinity of MUNICH (48°N 012°E) is :,300/140,300/100,300/160,290/110,A
Flight Planning,2281,(For this question use annex 033-11189A)The wind velocity over ITALY is,a maximum of 110 kt at FL380,130 kt at FL380 maximum velocity not shown on chart,a maximum of 160 kt at FL 380,110 kt at FL380 maximum velocity not shown on chart,A
Flight Planning,2282,(For this question use annex 033-11190A)The wind direction and velocity (°/kt) at 50°N 040°E is:,020/70,350/70,200/70,020/80,A
Flight Planning,2283,(For this question use annex 033-12329A )What lowest cloud conditions (oktas/ft) are forecast for JOHANNESBURG/JAN SMUTS at 0300 UTC?,5 to 7 at 400,3 to 4 at 800,5 to 7 at 800,3 to 4 at 400,A
Flight Planning,2284,(For this question use annex 033-12330A )The forecast period covered by the PARIS/CHARLES-DE-GAULLE TAFs totals (hours),27,9,18,20,A
Flight Planning,2285,(For this question use annex 033-12331A )The lowest cloud conditions (oktas/ft) at BORDEAUX/MERIGNAC at 1330 UTC were,1 to 2 at 3000,1 to 4 at 3000,3 to 4 at 2000,3 to 4 at 800,A
Flight Planning,2286,(For this question use annex 033-12332A)The surface wind velocity (°/kt) at PARIS/CHARLES-DE-GAULLE at 1330 UTC was,270/04,300/05,270/08,180/12,A
Flight Planning,2287,"(For this question use annex 033-12333A )Which best describes the weather, if any, at LYON/SATOLAS at 1330 UTC ?",light rain associated with thunderstorms,frequent rain showers,fog,nil,A
Flight Planning,2288,(For this question use annex 033-11195A)What lowest cloud conditions (oktas/ft) are forecast for 1900 UTC at HAMBURG (EDDH) ?,5 to 7 at 500,3 to 4 at 500,5 to 7 at 1200,5 to 7 at 2000,A
Flight Planning,2289,(For this question use annex 033-11196A)What minimum visibility (m) is forecast for 0600 UTC at LONDON LHR (EGLL) ?,1500,2200,5000,10,A
Flight Planning,2290,(For this question use annex 033-11197A)Which affects the visibility forecast for 0000 UTC at LAHORE (OPLA) ?,Smoke,Dust,Haze,Mist,A
Flight Planning,2291,"(For this question use annex 033-11198A)What is the earliest time (UTC), if any, that thunderstorms are forecast for DOHA (OTBD) ?",1000,800,600,Nil forecast,A
Flight Planning,2292,A METAR reads : SA1430 35002KY 7000 SKC 21/03 QI024 =Which of the following information is contained in this METAR ?,temperature/dewpoint,runway in use,day/month,period of validity,A
Flight Planning,2293,"(For this question use annex 033-12334A )What is the earliest time (UTC), if any, that thunderstorms are forecast for TUNIS/CARTHAGE ?",1800,1300,800,nil,A
Flight Planning,2294,"(For this question use annex 033-12335A )Which is the heaviest type of precipitation, if any, forecast for BORDEAUX/MERIGNAC at 1000 UTC ?",light rain,rain showers,heavy rain associated with thunderstorms,nil,A
Flight Planning,2295,(For this question use annex 033-12336A )What maximum surface windspeed (kt) is forecast for BORDEAUX/MERIGNAC at 1600 UTC ?,30,25,10,5,A
Flight Planning,2296,(For this question use annex 033-12337A )What minimum visibility is forecast for PARIS/CHARLES-DE-GAULLE at 2100 UTC ?,6000m,10km,8000m,2000m,A
Flight Planning,2297,"(For this question use annex 033-12338A )Which best describes the weather, if any, forecast for JOHANNESBURG/JAN SMUTS at 0400 UTC?",patches of fog,rain associated with thunderstorms,CAVOK,mist and/or fog,A
Flight Planning,2298,(For this question use annex 033-3315A or Route Manual chart E(HI)4 CAA- Edition)An aeroplane has to fly from Salzburg (48°00.2'N 012°53.6'E) to Klagenfurt (46°37.5'N 014°,,,,,A
Flight Planning,2299,"(For this question use annex 033-10989A or Route Manual chart E(HI)4 CAA- Edition)Of the following, the preferred airways routing from FRANKFURT FFM 114.2 (50°03' N008°38'E) to KOKSY (51°06'N 002°39'E) above FL245, on a Wednesday is :",UR10 NTM UB6 BUB ATS,UG1,UB69 DINKI UB6 BUB ATS,UG108 SPI UG1,A
Flight Planning,2300,"(For this question use annex 033- 10990A or Route Manual chart E(HI)5 CAA- Edition)Of the following, the preferred airways routing from MARTIGUES MTG 117.3 (43°23'N 005°05'E) to ST PREX SPR 113.9 (46°28'N 006°27'E) above FL245 is :",UB282 DGN UB46,UB284 VILAR UB28,UB28,UA6 LSA UG52,A
Flight Planning,2301,"(For this question use annex 033-10991A or Route Manual chart E(HI)5 CAA- Edition)Of the following, the preferred airways routing from AMBOISE AMB 113.7 (47°26'N 001°04'E) to AGEN AGN (43°53°'N 000°52'E) above FL200 is:",UA34,UB19 POI UB195,UH40 FOUCO UH20 PERIC UA34,UB19 CGC UA25,A
Flight Planning,2302,"(For this question use annex 033- 10992A or Route Manual chart E(HI)4 CAA- Edition)Of the following, the preferred airways routing from CLACTON CLN 114.55 (51°51'N 001°09'E) to DINARD DIN 114.3 (48°35'N 002°05'W) above FL245 is:",UB29 LAM UR1 ORTAC UR14,UR12 MID UA47 DPE UA475 SOKMU UH111,UR12 MID UR8 SAM UB11 BARLU UW115,UB29 LAM UR1 MID UA34 LILAN UR9,A
Flight Planning,2303,(For this question use annex 033-3313A or Route Manual chart E(HI)4 CAA- Edition)An aeroplane has to fly from Abbeville (50°08.1'N 001°51.3'E) to Biggin (51°19.8'N 000°00.2'E). What is the distance of this leg ?,100 NM,38 NM,64NM,62NM,A
Flight Planning,2304,(For this question use annex 033-3314A or Route Manual chart E(HI)4 CAA- Edition)An aeroplane has to fly from Abbeville (50°08.1'N 001°51.3'E) to Biggin (51°19.8'N 00°00.2'E). At Biggin you can find : 141°. This is :,The magnetic great circle course from Biggin to Abbeville.,The magnetic course to fly inbound to Biggin.,The average true course of the great circle from Biggin to Abbeville.,"The radial, referenced to true north, of Biggin to fly inbound.",A
Flight Planning,2305,(For this question use annex 033-9702A or Route Manual SID chart 20-3 for PARIS Carles-de-Gaulle)Planning an IFR-flight from Paris to London. Determine the distance of the departure route ABB 8A.,74.5 NM,72.5 NM,56 NM,83 NM,A
Flight Planning,2306,(For this question use annex 033-9703A or Route Manual SID chart 20-3 for PARIS Charles-de-Gaulle) Planning an IFR-flight from Paris (Charles de Gaulle) RWY 27 to London. Given: Distance from PARIS Charles-de-Gaulle to top of climb 50 NMDetermine the distance from the top of climb (TOC) to ABB 116.6.,24.5 NM,33 NM,36.5 NM,31 NM,A
Flight Planning,2307,(For this question use annex 033-3908A or Route Manual chart E(HI)4 CAA- Edition)Planning a IFR flight from Paris Charles de Gaulle (N49 00.9 E002 36.9) to London Heathrow(N51 29.2 W000 27.9).Find the average true course from Paris to London.,322°.,142°.,330°.,343°.,A
Flight Planning,2308,(For this question use annex 033-3909A or Route Manual chart E(HI)4 CAA- Edition)Planning a IFR flight from Paris Charles de Gaulle (N49 00.9 E002 36.9) to London Heathrow (N51 29.2 W000 27.9).Determine the preplanning distance by calculating the direct distance plus 10%.The preplanning distance is:,207 NM.,188 NM.,308 NM.,218 NM.,A
Flight Planning,2309,"(For this question use annexes 033-9707A, 033-9707B or Route Manual chart E(HI)4 CAA-Edition, Instrument approach chart ILS DME Rwy 27R)Planning an IFR-flight from Paris to London (Heathrow) via initial approach fix (IAF) Biggin VOR . Given: distance from top of descent (TOD) to Rwy 27R is 76 NMDetermine the distance from ABB 116.6 to TOD.",49 NM,60 NM,100 NM,55 NM,A
Flight Planning,2310,"(For this question use annex 033-9709A or SID chart Paris Charles de Gaulle 20-3 )Planning an IFR-flight from Paris Charles de Gaulle to London. SID is ABB 8A. Assume Variation 3° W, TAS 430kts, W/V 280/40 and distance to top of climb 50NMDetermine the magnetic course, ground speed and wind correction angle from top of climb to ABB 116.6.","MC 349°, GS 414 kt, WCA -5°","MC 169°, GS 414 kt, WCA +5°","MC 349°, GS 414 kt, WCA +5°","MC 169°, GS 450 kt, WCA +4°",A
Flight Planning,2311,"(For this question use annexes 033-9710A, 033-9710B and 033-9710C or Route Manual chart E(HI)4 CAA-Edition, STAR 10-2 and Instrument approach chart 11-4 ILS DME Rwy 27R for London Heathrow ) Planning an IFR-flight from Paris to London (Heathrow).Assume: STAR is BIG 2A, Variation 5° W, en-route TAS 430 kts, W/V 280/40, descent distance 76NM. Determine the magnetic course, ground speed and wind correction angle from ABB 116.6(N50 08.1 E001 51.3) to top of descent.","MC 321°, GS 396 kt, WCA -3°","MC 141°, GS 396 kt, WCA +3°","MC 319°, GS 396 kt, WCA -3°","MC 141°, GS 396 kt, WCA -3°",A
Flight Planning,2312,"(For this question use annex 033- 10993A or Route Manual chart E(HI)4 CAA- Edition)The magnetic course/distance from DINKELSBUHL DKB 117.8 (49°09'N010°14'E) to ERLANGEN ERL 114.9 (49°39'N011°09'E) on airway UR11 is,",050°/47 NM,230°/97NM,133°/85 NM,052°/97 NM,A
Flight Planning,2313,(For this question use annex 033- 10994A or Route Manual chart E(LO)6 )The magnetic course/distance from GROSTENQUIN GTQ 111.25 (49°00'N 006°43'E) to LINNA (49°41'N 006°15'E) on airway R7 is:,337°/46 NM,157°/58 NM,337°/31 NM,337°/58 NM,A
Flight Planning,2314,(For this question use annex 033- 10995A or Route Manual chart E(LO)5)The magnetic course/distance from ELBE LBE 115.1 (53°39'N 009°36'E) to LUNUD (54°50'N 009°19'E) on airway H12 is:,352°/72 NM,352°/96 NM,339°/80 NM,339°/125 NM,A
Flight Planning,2315,(For this question use annex 033- 10996A or Route Manual chart E(LO)5)The initial magnetic course/distance from EELDE EEL 112.4 (53°10'N 006°40'E) to WELGO (54°18'N 007°25'E) on airway A7 is:,024°/ 73 NM,023°/ 73 NM,024°/ 20 NM,024°/ 47 NM,A
Flight Planning,2316,(For this question use annex 033- 10997A or Route Manual chart E(LO)2)The magnetic course/distance from CAMBRAI CMB 112.6 (50°14'N 003°09'E) to TALUN (49°33'N 003°25'E) on airway B3 is:,169°/42 NM,349°/26 NM,169°/68 NM,349°/42 NM,A
Flight Planning,2317,(For this question use annex 033- 10998A or Route Manual chart E(LO)1)The magnetic course/distance from WALLASEY WAL 114.1 (53°23N 003°28'W° to LIFFY (53°29'N 005°30'W) on airway B1 is:,279°/85 NM,279°/114 NM,311°/114 NM,311°/85 NM,A
Flight Planning,2318,(For this question use annex 033- 10999A or Route Manual chart E(HI)4 CAA- Edition)The magnetic course/distance from TRENT TNT 115.7 (53°03'N 001°40'W) to WALLASEY WAL 114.1 (53°23'N 003°08W) on airway VR3 is:,297°/57 NM,117°/57 NM,297°/70 NM,117°/71 NM,A
Flight Planning,2319,(For this question use annex 033- 11000A or Route Manual chart E(HI)4 CAA- Edition)The magnetic course/distance from TANGO TGO 112.5 (48°37'N 009°16'E) to DINKELSBUHL DKB 117.8 (49°09'N 010°14E) on airway UR11 is:,052°/50 NM,007°/60 NM,105°/105 NM,132°/43 NM,A
Flight Planning,2320,(For this question use annex 033- 11001A or Route Manual chart E(HI)4 CAA- Edition)The magnetic course/distance from ST PREX SPR 113.9 (46°28'N 006°27'E) to FRIBOURG FRI 115.1 (46°47'N 007°14'E) on airway UG60 is:,061°/37 NM,048°/46 NM,061°/28 NM,041°/78 NM,A
Flight Planning,2321,(For this question use annex 033- 11002A or Route Manual chart E(HI)4 CAA- Edition)The magnetic course/distance from SALZBURG SBG 113.8 (48°00'N 012°54'E) to STAUB (48°44'N 012°38'E) on airway UB5 is:,346°/45 NM,346°/64 NM,166°/64 NM,346°/43 NM,A
Flight Planning,2322,(For this question use annex 033- 11003A or Route Manual chart E(HI)5 CAA- Edition)The magnetic course/distance from ELBA ELB 114.7 (42°44'N 010°24'E) to SPEZI (43°49'N 009°34'E) on airway UA35 is:,332°/76 NM,152°/42 NM,322°/60 NM,332°/118 NM,A
Flight Planning,2323,(For this question use annex 033- 11004A or Route Manual chart E(HI)5 CAA- Edition)The magnetic course/distance from LIMOGES LMG 114.5 (45°49'N 001°02'E) to CLERMONT FERRAND CMF 117.5 (45°47'N 003°11'E) on airway UG22 is:,094°/ 90 NM,067°/ 122 NM,113°/ 142 NM,046°/ 70 NM,A
Flight Planning,2324,(For this question use annex 033-3317A or Route Manual chart E(HI)4 CAA- Edition)An aeroplane has to fly from Salzburg (48°00.2'N 012°53.6'E) to Klagenfurt (46°37.5'N 014°,,,,,A
Flight Planning,2325,(For this question use annex 033- 11005A or Route Manual chart E(LO)1 )The radio navigation aid at TOPCLIFFE (54°12'N 001°22'W) is a:,"TACAN only, channel 84, (frequency 113.7 MHz)","TACAN, channel 84, and a VOR frequency 113.7 MHz only","TACAN, channel 84, and an NDB frequency 92 kHz only","VORTAC, frequency 113.7 MHz, and an NDB frequency 92 kHz",A
Flight Planning,2326,(For this question use annex 033- 11014A or Route Manual chart E(LO)5)The VOR and TACAN on airway G9 at OSNABRUCK (52°12'N 008°17'E) are:,"NOT frequency paired, and have different identifiers","frequency paired, and have different identifiers","NOT frequency paired, and have the same identifier","frequency paired, and have the same identifier",A
Flight Planning,2327,(For this question use annex 033- 11015A or Route Manual chart E(LO)5)The NDB at DENKO (52°49'N 015°50'E) can be identified on:,"Frequency 440 kHz, BFO on","Channel 440, BFO on","Channel 440, BFO off","Frequency 440 kHz, BFO off",A
Flight Planning,2328,(For this question use annex 033- 11016A or Route Manual chart E(LO)5)The airway intersection at RONNEBY (56°18'N 015°16'E) is marked by:,an NDB callisign N,a TACAN callsign RON,a fan marker callsign LP,an NDB callsign LF,A
Flight Planning,2329,(For this question use annex 033- 11006A or Route Manual chart E(HI)4 CAA- Edition)The radio navigation aid serving STRASBOURG (48°30'N 007°34'E) is a:,"VOR/TACAN, frequency 115.6 MHz","VOR only, frequency 115.6 MHz","DME only, channel 115.6","TACAN only, frequency 115.6 MHz",A
Flight Planning,2330,(For this question use annex 033- 11007A or Route Manual chart E(HI)4 CAA- Edition)The radio navigation aid at ST DIZIER (48°38N 004°53'E) is a:,"TACAN, channel 87, frequency 114.0 MHz","VOR, frequency 114.0 MHz, and TACAN channel 87","TACAN, channel 114.0","TACAN, channel 87, and NDB frequency 114.0 kHz",A
Flight Planning,2331,(For this question use annex 033- 11008A or Route Manual chart E(HI)4 CAA- Edition)The radio navigation aid at ZURICH (47°36'N 008°49'E) is :,"a VOR only, frequency 115.0 MHz","a VOR/DME, frequency 115.0MHz","an NDB only, frequency 115.0 kHz","a TACAN, frequency 115.0 MHz",A
Flight Planning,2332,(For this question use annex 033- 11009A or Route Manual chart E(HI)4 CAA- Edition)The radio navigation aid STAD (51°45'N 004°15'E) is:,"an NDB, frequency 386 kHz","a VOR, frequency 386 MHz","a VOR/DME, on channel 386","a TACAN, on channel 386",A
Flight Planning,2333,(For this question use annex 033- 11010A or Route Manual chart E(HI)4 CAA- Edition)The radio navigation aid at CHIOGGIA (45°04'N 012°17'E) is a:,"VOR/DME, frequency 114.1 MHz, and NDB frequency 408 kHz","VOR, frequency 114.1 MHz, and TACAN channel 408","VOR, frequency 114.1 MHz, and TACAN frequency 408 MHz","VOR/DME only, frequency 114.1 MHz",A
Flight Planning,2334,(For this question use annex 033- 11011A or Route Manual chart E(HI)4 CAA- Edition)The radio navigation aid on airway UG4 at LUXEUIL (47°41'N 006°18'E) is a:,"VOR only, identifier LUL","VOR, identifier LUL, frequency paired with TACAN identifier LXI","VOR/DME and NDB, identifier LXI","VOR/DME only, identifier LUL",A
Flight Planning,2335,(For this question use annex 033- 11012A or Route Manual chart E(LO)1)The radio navigation aid at BELFAST CITY (54°37'N 005°53'W) is :,"an NDB, frequency 420 kHz, NOT continuous operation","a TACAN, channel 420","a fan marker, frequency 420 kHz","an NDB, frequency 420 kHz, continuous operation",A
Flight Planning,2336,(For this question use annex 033- 11013A or Route Manual chart E(LO)1)The radio navigation aid at SHANNON (52°43'N 008°53'W) is :,"a VOR/DME, frequency 113.3 MHz","an NDB, frequency 352 kHz","a TACAN, frequency 113.3 kHz","a VOR only, frequency 113.3 MHz",A
Flight Planning,2337,(For this question use annex 033-3316A or Route Manual chart E(HI)4 CAA- Edition)An aeroplane has to fly from Salzburg (48°00.2'N 012°53.6'E) to Klagenfurt (46°37.5'N 014°,,,,,A
Flight Planning,2338,(For this question use annex 033- 11021A or Route Manual chart E(HI)4 CAA- Edition)Aeroplanes intending to use airway UR14 should cross GIBSO intersection (50°45'N 002°30'W) at or above:,FL250,FL140,FL160,FL200,A
Flight Planning,2339,An airway is marked 3500T 2100 a. This indicates that:,the minimum obstruction clearance altitude (MOCA) is 3500 ft,the minimum enroute altitude (MEA) is 3500 ft,the airway base is 3500 ft MSL,the airway is a low level link route 2100 ft - 3500 ft MSL,A
Flight Planning,2340,(For this question use annex 033- 11023A or Route Manual chart E(HI)5 CAA- Edition)The minimum enroute altitude available on airway UR160 from NICE NIZ 112.4 (43°46'N 007°15'E) to BASTIA BTA 116.2 (42°32'N 009°29'E) is:,FL250,FL200,FL210,FL260,A
Flight Planning,2341,((For this question use annex 033- 11024A or Route Manual chart E(HI)4 CAA- Edition)The minimum enroute altitude that can be maintained continuously on airway UA34 from WALLASEY WAL 114.1 (53°23'N 003°08'W) to MIDHURST MID 114.0 (51°03'N 000°37'W) is :,FL290,FL245,FL250,FL330,A
Flight Planning,2342,(For this question use annex 033- 11025A or Route Manual chart E(LO)1)The minimum enroute altitude that can be maintained continuously on airway G1 from STRUMBLE STU 113.1 (52°00'N 005°02'W) to BRECON BCN 117.45 (51°43'N 003°16'W) is :,FL110,FL80,4100ft MSL,2900 ft MSL,A
Flight Planning,2343,An airway is marked FL 80 1500 a. This indicates that:,the minimum enroute altitude (MEA) is FL 80.,the airway base is 1500 ft MSL.,the airways extends from 1500 ft MSL to FL 80.,1500 ft MSL is the minimum radio reception altitude (MRA).,A
Flight Planning,2344,(For this question use annex 033- 11027A or Route Manual chart E(LO)2)The minimum enroute altitude (MEA) that can be maintained continuously on airway G4 from JERSEY JSY 112.2 (49°13'N 002°03'W) to LIZAD (49°35'N 004°20'W) is :,FL140,FL60,2800 ft MSL,1000 ft MSL,A
Flight Planning,2345,An airway is marked 5000 2900a. The notation 5000 is the :,minimum enroute altitude (MEA),maximum authorised altitude (MAA),minimum holding altitude (MHA),base of the airway (AGL),A
Flight Planning,2346,(For this question use annex 033- 11029A or Route Manual chart E(LO)5)The minimum enroute altitude that can be maintained continuously on airway B65/H65 from DOXON (55°27'N 018°10'E) to RONNE ROE 112.0 (55°04'N 014°46'E) is :,FL100,FL60,1000ft,2500 ft,A
Flight Planning,2347,Unless otherwise shown on charts for standard instrument departure the routes are given with:,magnetic course,magnetic headings,true course,true headings,A
Flight Planning,2348,(For this question use annex 033-3906A or Route Manual chart SID PARIS Charles- De-Gaulle (20-3))Planning a IFR flight from Paris (Charles de Gaulle) to London (Heathrow).Find the elevation of the departure aerodrome.,387 ft.,268 ft.,217 ft.,2 ft.,A
Flight Planning,2349,(For this question use annex 033-3907A or Route Manual chart STAR LONDON Heathrow (10-2))Planning a IFR flight from Paris (Charles de Gaulle) to London (Heathrow).Find the elevation of the destination aerodrome.,80 ft.,77 ft.,177 ft.,100 ft.,A
Flight Planning,2350,(For this question use annex 033-9712A and 033-9712 B or Route Manual STAR 10-2 and Instrument approach chart 11-4 ILS/DME Rwy 27R for London (Heathrow))Planning an IFR-flight from Paris to London (Heathrow).Name the identifier and frequency of the initial approach fix (IAF) of the BIG 2A arrival route.,BIG 115.1 MHz,EPM 316 kHz,OCK 115.3 MHz,BIG 115.1 kHz,A
Flight Planning,2351,"(For this question use annex 033- 11040A or Route Manual STAR charts for ZURICH (10-2,10-2A,10-2B))Aeroplane arriving via route BLM 2Z only, should follow the following route to EKRON int:",BLM R111 to GOLKE int then TRA R-247 inbound to EKRON int,TRA R247 outbound to EKRON int,WIL R018 outbound to EKRON int,HOC R067 via GOLKE to EKRON int,A
Flight Planning,2352,"(For this question use annex 033- 11041A or Route Manual SID chart for MUNICH(10-3C,10-3D))Which is the correct departure via KEMPTEN from runway 26L ?",KEMPTEN FIVE SIERRA,KEMPTEN THREE ECHO,KEMPTEN THREE QUEBEC,KEMPTEN THREE NOVEMBER,A
Flight Planning,2353,(For this question use annex 033- 11042A or Route Manual STAR chart for LONDON HEATHROW (10-2D))The minimum holding altitude (MHA) and maximum holding speed (IAS) at MHA at OCKHAM OCK 115.3 are:,7000 ft and 220kt,9000ft and 220kt,7000ft and 250kt,9000ft and 250kt,A
Flight Planning,2354,(For this question use annex 033- 11043A or Route Manual STAR charts for PARIS CHARLES DE GAULLE (20-2))The route distance from CHIEVRES (CIV) to BOURSONNE (BSN) is :,96 NM,83 NM,88 NM,73 NM,A
Flight Planning,2355,(For this question use annex 033- 11044A or Route Manual SID chart for LONDON HEATHROW (10-3))Which of the following is a correct Minimum Safe Altitude (MSA) for the Airport?,West sector 2100 ft within 25 NM,West sector 2300 ft within 25 NM,East sector 2100 ft within 50 NM,East sector 2300 ft within 50 NM,A
Flight Planning,2356,"(For this question use annex 033- 11045A or Route Manual STAR chart for MADRID BARAJAS (10-2A,B))For runway 33 arrivals from the east and south, the Initial Approach Fix (IAF) inbound from airway UR10 is :",VTB,CJN,CENTA,MOTIL,A
Flight Planning,2357,(For this question use annex 033- 11046A or Route Manual SID charts for ZURICH (10-3))Which is the correct ALBIX departure via AARAU for runway 16?,ALBIX 7S,ALBIX 7A,ALBIX 6H,ALBIX 6E,A
Flight Planning,2358,(For this question use annex 033- 11047A or Route Manual SID chart for AMSTERDAM SCHIPHOL (10-3B))The route distance from runway 27 to ARNEM is:,67 NM,35 NM,59 NM,52 NM,A
Flight Planning,2359,(For this question use annex 033- 11048A or Route Manual SID chart for AMSTERDAM SCHIPHOL (10-3))Which of the following statements is correct for ANDIK departures from runway 19L?,Contact SCHIPOL DEPARTURE 119.05 passing 2000 ft and report altitude,Cross ANDIK below FL60,The distance to ANDIK is 25 NM,Maximum IAS 250kt turning left at SPL 3.1 DME,A
Flight Planning,2360,"(For this question use annex 033- 11049A or Route Manual STAR charts for MUNICH (10-2A,B))The correct arrival route and Initial Approach Fix (IAF) for an arrival from the west via TANGO for runway 08 L/R is:","AALEN 1T, IAF ROKIL","AALEN 1T, IAF MBG","NDG 1T, IAF ROKIL","DKB 1T, IAF ROKIL",A
Flight Planning,2361,"From which of the following would you expect to find information regarding known short unserviceability of VOR, TACAN, and NDB ?",NOTAM,AIP (Air Information Publication),SIGMET,ATCC broadcasts,A
Flight Planning,2362,From which of the following would you expect to find the dates and times when temporary danger areas are active,NOTAM and AIP (Air Information Publication),Only AIP (Air Information Publication),SIGMET,RAD/NAV charts,A
Flight Planning,2363,From which of the following would you expect to find details of the Search and Rescue organisation and procedures (SAR) ?,AIP (Air Information Publication),ATCC broadcasts,NOTAM,SIGMET,A
Flight Planning,2364,From which of the following would you expect to find facilitation information (FAL) regarding customs and health formalities ?,AIP (Air Information Publication),NAV/RAD charts,ATCC,NOTAM,A
Flight Planning,2365,(For this question use annex 033-3312A or Route Manual chart E(HI)4 CAA- Edition)An aeroplane has to fly from Abbeville (50°08.1'N 001°51.3'E) to Biggin (51°19.8'N 00°00.2'E). What is the first FL above FL295 that can be flown on an IFR flightplan ?,FL 310,FL 330,FL 320,FL 300,A
Flight Planning,2366,"You must fly IFR on an airway orientated 135° magnetic with a MSA at 7 800 ft. Knowing the QNH is 1 025 hPa and the temperature is ISA + 10°, the minimum flight level you must fly at is:",90,80,75,70,A
Flight Planning,2367,"An aircraft, following a 215° true track, must fly over a 10 600 ft obstacle with a minimum obstacle clearance of 1 500 ft. Knowing the QNH received from an airport close by, which is almost at sea-level, is 1035 and the temperature is ISA -15°C, the minimum flight level will be:",140,120,130,150,A
Flight Planning,2368,"(For this question use annex 033-9553A or Flight Planning Manual MRJT 1 Figure 4.2.1)Find the OPTIMUM ALTITUDE for the twin jet aeroplane. Given: Cruise mass=50000 kg, .78 MACH",35500 ft,36200 ft,36700 ft,maximum operating altitude,A
Flight Planning,2369,"(For this question use annexes 033-9554A and 033-9554B or Flight Planning Manual MRJT 1 Paragraph 2.1 and Figure 4.2.1)Find the FUEL MILEAGE PENALTY for the twin jet aeroplane with regard to the given FLIGHT LEVEL . Given: Long range cruise, Cruise mass=53000 kg, FL 310",4%,1%,10%,0%,A
Flight Planning,2370,"(For this question use annex 033-9552A or Flight Planning Manual MRJT 1 Figure 4.2.1)Find the OPTIMUM ALTITUDE for the twin jet aeroplane. Given: Cruise mass=54000 kg, Long range cruise or .74 MACH",34500 ft,33800 ft,35300 ft,maximum operating altitude,A
Flight Planning,2371,"On an IFR navigation chart, in a 1° quadrant of longitude and latitude, appears the following information """"80"""". This means that within this quadrant:",the minimum safe altitude is 8 000 ft,the minimum flight level is FL 80,the altitude of the highest obstacle is 8 000 ft,the floor of the airway is at 8 000 ft,A
Flight Planning,2372,(For this question use annex 033- 11030A or Route Manual chart E(HI)4 CAA- Edition)An appropriate flight level for flight on airway UR1 from ORTAC (50°00'N 002°00'W) to MIDHURST MID 114.0 (51°03'N 000°37'W) is:,FL250,FL260,FL240,FL230,A
Flight Planning,2373,(For this question use annex 033- 11031A or Route Manual chart E(HI)4 CAA- Edition)An appropriate flight level for flight on airway UG1 from ERLANGEN ERL 114.9 (49°39°'N 011°09'E) to FRANKFURT FFM 114.2 (50°03'N 008°38'E) is :,FL310,FL290,FL300,FL320,A
Flight Planning,2374,(For this question use annex 033- 11032A or Route Manual chart E(LO)5)An appropriate flight level for flight on airway G9 from SUBI SUI 116.7 (52°23'N 014°35'E) to CZEMPIN CZE 114.5 (52°08'N 016°44'E) is:,FL70,FL50,FL60,FL80,A
Flight Planning,2375,(For this question use annex 033- 11033A or Route Manual chart E(HI)5 CAA- Edition)An appropriate flight level for flight on airway UG5 from MENDE- NASBINALS MEN 115.3 (44°36'N 003°10'E) to GAILLAC GAI 115.8 (43°57'N 001°50'E) is :,FL290,FL280,FL300,FL310,A
Flight Planning,2376,(For this question use annex 033- 11034A or Route Manual chart E(HI)5 CAA- Edition)An appropriate flight level for flight on airway UR24 from NANTES NTS 117.2 (47°09'N 001°37'W) to CAEN CAN 115.4 (49°10'N 000°27'W) is:,FL310,FL290,FL300,FL270,A
Flight Planning,2377,(For this question use annex 033- 11035A or Route Manual chart E(LO)2)An appropriate flight level for flight on airway B3 from CHATILLON CTL 117.6 (49°08'N 003°35'E) to CAMBRAI CMB 112.6 (50°14'N 003°09'E) is :,FL170,FL80,FL60,FL50,A
Flight Planning,2378,(For this question use annex 033- 11036A or Route Manual chart E(LO)6)An appropriate flight level for flight on airway W37 from CHEB OKG 115.7 (50°04'N 012°24'E) to RODING RDG 114.7 (49°02'N 012°32'E) is :,FL80,FL40,FL50,FL70,A
Flight Planning,2379,(For this question use annex 033- 11037A or Route Manual chart E(LO)6)An appropriate flight level for flight on airway R10 from MONTMEDY MMD 109.4 (49°24'N 005°08'E) to CHATILLON CTL 117.6 (49°08'N 003°35'E) is :,FL60,FL70,FL50,FL40,A
Flight Planning,2380,An appropriate flight level for IFR flight in accordance with semi-circular height rules on a course of 180° (M) is:,FL100,FL90,FL95,FL105,A
Flight Planning,2381,An appropriate flight level for IFR flight in accordance with semi-circular height rules on a magnetic course of 200° is:,FL310,FL320,FL290,FL300,A
Flight Planning,2382,"On an instrument approach chart, a minimum sector altitude (MSA) is defined in relation to a radio navigation facility. Without any particular specification on distance, this altitude is valid to:",25 NM,20 NM,15 NM,10 NM,A
Flight Planning,2383,"An IFR flight is planned outside airways on a course of 235° magnetic. The minimum safe altitude is 7800 ft. Knowing the QNH is 995 hPa, the minimum flight level you must fly is:",100,90,85,80,A
Flight Planning,2384,An aeroplane has the following masses:ESTLWT= 50 000 kgTrip fuel= 4 300 kgContingency fuel= 215 kgAlternate fuel (final reserve included)= 2 100kgTaxi= 500 kgBlock fuel= 7 115 kgBefore departure the captain orders to make the block fuel 9 000 kg.The trip fuel in the operational flight plan should read:,4 300 kg.,6 185 kg.,9 000 kg.,6 400 kg.,A
Flight Planning,2385,(For this question use annex 033- 11058A or Route Manual chart LONDON HEATHROW ILS DME Rwy 09L (11-2))The Decision Altitude (DA) for a ILS straight- in landing is :,280 ft,200 ft,400 ft,480 ft,A
Flight Planning,2386,(For this question use annex 033- 11059A or Route Manual chart AMSTERDAM SCHIPHOL ILS DME Rwy 22 (11-6))The Missed Approach procedure is to climb to an alitude of (i)------------ on a track of (ii) ----------,(i) 2000 ft (ii) 160°,(i) 200 ft (ii) 223°,(i) 3000 ft (ii) 160°,(i) 3000 ft (ii) 223°,A
Flight Planning,2387,(For this question use annex 033- 11060A or Route Manual chart MADRID BARAJAS ILS DME Rwy 33 (11-1))The minimum glide slope interception altitude for a full ILS is:,4000 ft,3500 ft,2067 ft,1567 ft,A
Flight Planning,2388,(For this question use annex 033- 11061A or Route Manual chart AMSTERDAM JAA MINIMUMS (10-9X)The Radio Altimeter minimum altitude for a CAT 2 ILS DME approach to Rwy 01L is :,100 ft,88 ft,300 ft,188 ft,A
Flight Planning,2389,"(For this question use annex 033- 11062A or Route Manual chart LONDON HEATHROW ILS DME Rwy 09R (11-1))The Minimum Descent Altitude (MDA) for an ILS glide slope out, is:",480 ft,405 ft,275 ft,200 ft,A
Flight Planning,2390,(For this question use annex 033- 11063A or Route Manual chart PARIS CHARLES DE GAULLE ILS Rwy 27 (21-2))The crossing altitude and descent instruction for a propeller aircraft at COULOMMIERS (CLM) are :,Cross at FL60 descend to 4000 ft,Cross at FL70 descend to 4000 ft,Cross at FL80 descend to FL70,Cross at FL60 and maintain,A
Flight Planning,2391,(For this question use annex 033- 11064A or Route Manual chart MUNICH ILS Rwy 26R (11-4))The ILS frequency and identifier are:,108.7 IMNW,108.7 IMSW,108.3 IMNW,108.3 IMSW,A
Flight Planning,2392,(For this question use annex 033- 11065A or Route Manual chart PARIS CHARLES DE GAULLE ILS Rwy 10 (21-8))The ILS localizer course is :,088°,100°,118°,268°,A
Flight Planning,2393,"(For this question use annex 033- 11066A or Route Manual chart ZURICH ILS Rwy 16 (11-2))The lowest published authorised RVR for an ILS approach glide slope out, all other aids serviceable, aeroplane category A is:",720m,600m,800m,1500m,A
Flight Planning,2394,(For this question use annex 033- 11067A or Route Manual chart MUNICH NDB DME Rwy 26L approach (16-3))The frequency and identifier of the NDB for the published approachs are:,400 MSW,338 MNW,108.6 DMS,112.3 MUN,A
Flight Planning,2395,The required time for final reserve fuel for turbojet aeroplane is:,30 min.,45 min.,60 min.,Variable with wind velocity.,A
Flight Planning,2396,The purpose of the decision point procedure is ?,To reduce the minimum required fuel and therefore be able to increase the traffic load.,To reduce the landing weight and thus reduce the structural stress on the aircraft.,To increase the safety of the flight.,To increase the amount of extra fuel.,A
Flight Planning,2397,"When using decision point procedure, you reduce the",contingency fuel by adding contingency only from the burnoff between decision point and destination.,contingency fuel by adding contingency only from the burnoff between the decision airport and destination.,reserve fuel from 10% down to 5%.,holding fuel by 30%.,A
Flight Planning,2398,The quantity of fuel which is calculated to be necessary for a jet aeroplane to fly IFR from departure aerodrome to the destination aerodrome is 5352 kg. Fuel consumption in holding mode is 6 000 kg/h. Alternate fuel is 4380 kg. Contingency should be 5% of trip fuel.What is the minimum required quantity of fuel which should be on board at take-off?,13000 kg.,14500 kg.,13370 kg.,13220 kg.,A
Flight Planning,2399,"Mark the correct statement:If a decision point procedure is applied for flight planning,",the trip fuel to the destination aerodrome is to be calculated via the decision point.,the trip fuel to the destination aerodrome is to be calculated via the suitable enroute alternate.,a destination alternate is not required.,the fuel calculation is based on a contingency fuel from departure aerodrome to the decision point.,A
Flight Planning,2400,"An operator (turbojet engine) shall ensure that calculation up of usable fuel for a flight for which no destination alternate is required includes, taxi fuel, trip fuel, contingency fuel and fuel to fly for:",30 minutes at holding speed at 450 m above aerodrome elevation in standard conditions,2 hours at normal cruise consumption,45 minutes plus 15% of the flight time planned to be spent at cruising level or two hours whichever is less,30 minutes at holding speed at 450 m above MSL in standard conditions,A
Flight Planning,2401,The following fuel consumption figures are given for a jet aeroplane:-standard taxi fuel: 600 kg.-average cruise consumption: 10 000 kg/h.-holding fuel consumption at 1500 ft above alternate airfield elevation: 8000 kg/h.-flight time from departure to destination: 6 hours -fuel for diversion to alternate: 10 200 kg.The minimum ramp fuel load is:,77 800 kg,74 800 kg,79 800 kg,77 200 kg,A
Flight Planning,2402,"A jet aeroplane has a cruising fuel consumption of 4060 kg/h, and 3690 kg/h during holding. If the destination is an isolated airfield, the aeroplane must carry, in addition to contingency reserves, additionnal fuel of :",8120 kg.,7380 kg.,1845 kg.,3500 kg.,A
Flight Planning,2403,A jet aeroplane is to fly from A to B. The minimum final reserve fuel must allow for :,"30 minutes hold at 1500 ft above destination aerodrome elevation, when no alternate is required.",20 minutes hold over alternate airfield.,30 minutes hold at 1500 ft above mean sea level.,15 minutes hold at 1500 ft above destination aerodrome elevation.,A
Flight Planning,2404,"(For this question use annex 033-3321A or Flight Planning Manual MRJT 1 Figure 4.3.1.B)Given : estimated zero fuel mass 50 t, estimated landing mass at alternate 52 t, final reserve fuel 2 t, alternate fuel 1 t, flight to destination, distance 720 NM, true course (TC) 030, W/V 340/30, cruise: long range FL 330, outside air temperature -30 ° C.Find : estimated trip fuel and time","4 800 kg, 01 : 45","4 400 kg, 02 : 05","4 750 kg, 02 : 00","4 600 kg, 02 : 05",A
Flight Planning,2405,"(For this question use annex 033-3322A or Flight Planning Manual MRJT 1 Figure 4.3.6)Given: estimated dry operation mass 35 500 kg, estimated load 14 500 kg, final reserve fuel 1200 kg, distance to alternate 95 NM, average true track 219°, head wind component 10 ktFind : fuel and time to alternate.","1 100 kg, 25 min","1 100 kg, 44 min","800 kg, 24 min","800 kg, 40 min",A
Flight Planning,2406,"(For this question use annex 033-3323A or Flight Planning Manual MRJT 1 Figure 4.3.3C)Given: ground distance to destination aerodrome 1 600 NM, headwind component 50 kt, FL 330, cruise 0.78 Mach, ISA + 20 ° C, estimated landing weight 55000 kg .Find: simplified flight planning to determine estimated trip fuel and trip time.",12 400 kg. 03h 55 min,11 400 kg. 04h 12 min,12 400 kg. 04h 12 min,11 400 kg. 03h 55 min,A
Flight Planning,2407,"(For this question use annex 033-3324A or Flight Planning Manual MRJT 1 Figure 4.4)Given: dry operating mass 35 500 kg, estimated load 12 000 kg, contingency approach and landing fuel 2 500 kg, elevation at departure aerodrome 500 ft, elevation at alternate aerodrome 30 ft.Find: final reserve fuel for a jet aeroplane (holding) and give the elevation which is relevant.","1 180 kg, alternate elevation","2 360 kg, alternate elevation","1 180 kg,destination elevation","2 360 kg,destination elevation",A
Flight Planning,2408,Planning a flight from Paris (Charles de Gaulle) to London (Heathrow) for a twin - jet aeroplane.Preplanning:Maximum Take-off Mass: 62 800 kgMaximum Zero Fuel Mass: 51 250 kgMaximum Landing Mass: 54 900 kgMaximum Taxi Mass: 63 050 kgAssume the following preplanning results:Trip fuel: 1 800 kgAlternate fuel: 1 400 kgHolding fuel (final reserve): 1 225 kgDry Operating Mass: 34 000 kgTraffic Load: 13 000 kgCatering: 750 kgBaggage: 3 500 kgFind the Take-off Mass (TOM):,51 515 kg.,55 765 kg.,51 425 kg.,52 265 kg.,A
Flight Planning,2409,"(For this question use annexes 033-11073A, 033-11073B, 033-11073C and 033-11073D)Planning a MACH 0,82 cruise at FL 390, the estimated landing mass is 160 000 kg, the ground distance is 2 800 NM and the mean tailwind is 100 kt, ISA conditions.Fuel consumption will be:",26 950 kg,22 860 kg,24 900 kg,30 117 kg,A
Flight Planning,2410,"(For this question use annexes 033-11074A, 033-11074B, 033-11074C and 033-11074D)Planning a MACH 0,82 cruise at FL 390, the estimated landing mass is 160 000 kg.The ground distance is 2 800 NM and the mean wind is equal to zero. ISA conditions.Fuel consumption will be:",32 657 kg,30 117 kg,27 577 kg,30 371 kg,A
Flight Planning,2411,"(For this question use annex 033-9556A or Flight Planning Manual MRJT 1 Figure 4.14)Find the SPECIFIC RANGE for the twin jet aeroplane flying below the optimum altitude (range loss = 6%) and using the following data. Given: MACH .74 CRUISE, Flight level = 310, Gross mass = 50000 kg, ISA conditions",176 NAM/1000 kg,187 NAM/1000 kg,2994 NAM/1000 kg,2807 NAM/1000 kg,A
Flight Planning,2412,"(For this question use annex 033-9557A or Flight Planning Manual MRJT 1 Figure 4.5.3.2)Find the FUEL FLOW for the twin jet aeroplane with regard to the following data. Given: MACH .74 cruise, Flight level 310, Gross mass 50000 kg, ISA conditions",2300 kg/h,1150 kg/h,2994 kg/h,1497 kg/h,A
Flight Planning,2413,"(For this question use annex 033-9571A or Flight Planning Manual MRJT 1 Figure 4.5.3.1)Find: Final fuel consumption for this legGiven: Long range cruise, Temperature -63°C, FL 330, Initial gross mass enroute 54100 kg, Leg flight time 29 min",1093 kg,1107 kg,1100 kg,1000 kg,A
Flight Planning,2414,(For this question use annex 033-9572A or Flight Planning Manual MRJT 1 Figure 4.5.3.1)Find: Air distance in Nautical Air Miles (NAM) for this leg and fuel consumptionGiven: Flight time from top of climb at FL 280 to the enroute point is 48 minutes. Cruise procedure is long range cruise. Temperature is ISA -5°C. The take-off mass is 56000 kg and climb fuel 1100 kg.,"345 NAM, 1994 kg","349 NAM, 2000 kg","345 NAM, 2000 kg","345 NAM, 2006 kg",A
Flight Planning,2415,"(For this question use annex 033-9573A or Flight Planning Manual MRJT 1 Figure 4.5.1)Given: Brake release mass 57500 kg, Initial FL 280, average temperature during climb ISA -10°C, average head wind component 18 ktFind: Climb time for enroute climb 280/.74",13 min,11 min,15 min,14 min,A
Flight Planning,2416,"(For this question use annex 033-9574A or Flight Planning Manual MRJT 1 Figure 4.5.1)Given: Brake release mass 57500 kg, Temperature ISA -10°C, Headwind component 16 kt, Initial FL 280Find: Still air distance (NAM) and ground distance (NM) for the enroute climb 280/.74","62 NAM, 59 NM","59 NAM, 62 NM","62 NAM, 71 NM","71 NAM, 67 NM",A
Flight Planning,2417,"(For this question use annex 033-9575A or Flight Planning Manual MRJT 1 Figure 4.5.1)Given: Brake release mass 57500 kg, Temperature ISA -10°C, Average headwind component 16 kt, Initial FL 280Find: Climb fuel for enroute climb 280/.74",1138 kg,1238 kg,1387 kg,1040 kg,A
Flight Planning,2418,"(For this question use annex 033-9578A or Flight Planning Manual MRJT 1 Figure 4.5.3.1)Given: Long range cruise, OAT -45°C at FL 350, Gross mass at the beginning of the leg 40000 kg, Gross mass at the end of the leg 39000 kgFind: True air speed (TAS) and cruise distance (NAM) for a twin jet aeroplane","TAS 433 kt, 227 NAM","TAS 423 kt, 227 NAM","TAS 433 kt, 1163 NAM","TAS 423 kt, 936 NAM",A
Flight Planning,2419,"(For this question use annex 033-11238A)The flight crew of a turbojet aeroplane prepares a flight using the following data:- Flight level FL 370 at """"Long Range"""" (LR) cruise regime- (Prescribed) mass at brake release: 204 500 kg- Flight leg ground distance: 2 000 NM- Temperatures: ISA- Headwind component: 70 kt- """"Total anti-ice"""" set on """"ON"""" for the entire flight- no requested climb and descent correction of the fuel consumptionThe fuel required from take-off to landing is:",29 440 kg,27 770 kg,20 900 kg,22 160 kg,A
Flight Planning,2420,"(For this question use annex 033-11241A)The flight crew of a turbojet aeroplane prepares a flight using the following data:- Flight level FL 370 at """"Long Range"""" (LR) cruise regime- Mass at brake release: 212 800 kg- Flight leg ground distance: 2 500 NM- Temperatures: ISA- CG: 37%- Headwind component: 30 kt- """"Total anti-ice"""" set on """"ON"""" for the entire flight- No requested climb and descent correction of the fuel consumptionThe fuel consumption (from take-off to landing) is:",34 430 kg,32 480 kg,28 720 kg,30 440 kg,A
Flight Planning,2421,"(For this question use annex 033-9579A, B,C,D or Flight Planning Manual MRJT 1 Figure 4.2.2 and Figure 4.5.3.2)Given: Estimated take-off mass 57000 kg, Ground distance 150 NM, Temperature ISA -10°C, Cruise at .74 MachFind: Cruise altitude and expected true air speed","25000 ft, 435 kt","24000 ft, 445 kt","33500 ft, 430 kt","33900 ft, 420 kt",A
Flight Planning,2422,(For this question use annex 033-9543A or Flight Planning Manual MRJT 1 Figure 4.4)The final reserve fuel taken from the HOLDING PLANNING table for the twin jet aeroplane is based on the following parameters:,"pressure altitude, aeroplane mass and flaps up with minimum drag airspeed","pressure altitude, aeroplane mass and flaps down with maximum range speed","pressure altitude, aeroplane mass and flaps up with maximum range speed","pressure altitude, aeroplane mass and flaps down with minimum drag airspeed",A
Flight Planning,2423,"(For this question use annex 033-9546A or Flight Planning Manual MRJT 1 Figure 4.3.6)In order to find ALTERNATE FUEL and TIME TO ALTERNATE, the AEROPLANE OPERATING MANUAL shall be entered with:","distance in nautical miles (NM), wind component, landing mass at alternate","distance in nautical air miles (NAM), wind component, landing mass at alternate","distance in nautical miles (NM), wind component, zero fuel mass","distance in nautical miles (NM), wind component, dry operating mass plus holding fuel",A
Flight Planning,2424,The final reserve fuel for aeroplanes with turbine engines is,fuel to fly for 30 minutes at holding speed at 1500 ft (450 m) above aerodrome elevation in standard conditions.,fuel to fly for 45 minutes at holding speed at 1500 ft (450 m) above aerodrome elevation in standard conditions.,fuel to fly for 45 minutes at holding speed at 1000 ft (300 m) above aerodrome elevation in standard conditions.,fuel to fly for 60 minutes at holding speed at 1500 ft (450 m) above aerodrome elevation in standard conditions.,A
Flight Planning,2425,Which of the following statements is relevant for forming route portions in integrated range flight planning?,The distance from take-off up to the top of climb has to be known.,No segment shall be more than 30 minutes of flight time.,Each reporting point requires a new segment.,A small change of temperature (2 °C) can divide a segment.,A
Flight Planning,2426,"(For this question use annex 033-9691A or Flight Planning Manual MRJT 1 Figure 4.5.3.1)Given: twin jet aeroplane, FL 330, Long range cruise, Outside air temperature -63°C, Gross mass 50500 kgFind: True air speed (TAS)",420 kt,433 kt,431 kt,418 kt,A
Flight Planning,2427,"(For this question use annex 033-11208A)A turbojet aeroplane, weighing 200 000 kg, initiates its cruise at the optimum level at M 0.84 (ISA, CG=37%, Total Anti Ice ON). A head wind of 30 kt is experienced and, after a distance of 500 NM, severe icing is encountered and this requires an immediate descent. The aeroplane mass at start of descent is:",192 500 kg,193 000 kg,193 400 kg,193 800 kg,A
Flight Planning,2428,"(For this question use annex 033-11209A and 033-11209B)Assuming a departure/ destination fuel price ratio of 0.91, the commander decides to optimize fuel tankering by using the following data:. Cruise flight level: FL 350. Air distance to be covered: 2 500 NM. Planned take-off mass: 200 000 kg (with the minimum prescribed fuel quantity of 38 000 kg that includes a trip fuel of 29 000 kg). Maximum landing mass: 180 000 kg. Maximum take-off mass: 205 000 kg. Maximum tank capacity: 40 000 kgThe additional fuel quantity will be:",0 kg,3 000 kg,2 000 kg,4 000 kg,A
Flight Planning,2429,"(For this question use annex 033-11210A and 033-11210B)Assuming a departure/ destination fuel price ratio of 0.92, the commander decides to optimize fuel tankering by using the following data:. Cruise flight level: FL 350. Air distance to be covered: 1 830 NM. Planned take-off mass: 190 000 kg (with a minimum prescribed fuel quantity of 30 000 kg that includes a trip fuel of 22 000 kg). Maximum landing mass: 180 000 kg. Maximum take-off mass: 205 000 kg. Maximum tank capacity: 40 000 kgThe additional fuel quantity will be:",10 000 kg,20 000 kg,12 000 kg,15 000 kg,A
Flight Planning,2430,(For this question use annex 033-11211A and 033-11211B )Assuming the following data:. Ground distance to be covered: 2 000 NM. Cruise flight level: FL 330. Cruising speed: Mach 0.82 (true airspeed: 470 kt). Head wind component: 30 kt. Planned destination landing mass: 160 000 kg. Temperature: ISA. CG: 37%. Total anti-ice: ON. Pack flow: HITime needed to carry out such a flight is:,4 h 43 min,4 h 26 min,5 h 02 min,4 h 10 min,A
Flight Planning,2431,(For this question use annex 033-11212A and 033-11212B)Assuming the following data:. Ground distance to be covered: 1 500 NM. Cruise flight level: FL 310. Cruising speed: Mach 0.82 (true airspeed: 470 kt). Head wind component: 40 kt. Planned destination landing mass: 140 000 kg. Temperature: ISA + 15° C. CG: 37 %. Total anti-ice: ON. Pack flow: HIFuel consumption for such a flight is:,23 500 kg,21 500 kg,21 700 kg,19 900 kg,A
Flight Planning,2432,(For this question use annex 033-11213A and 033-11213B)Assuming the following data:. Ground distance to be covered: 2 500 NM. Cruise flight level: FL 350. Cruising speed: Mach 0.82 (true airspeed: 470 kt). Tailwind component: 40 kt. Planned destination landing mass: 150 000 kg. Temperature: ISA . CG: 37%. Total anti-ice: OFF. Air conditioning: normalFuel consumption for such a flight is:,27 800 kg,27 000 kg,28 300 kg,29 200 kg,A
Flight Planning,2433,(For this question use annex 033-11214A)Assuming the following data:. Ground distance to be covered: 2 600 NM. Cruise flight level: FL 370. Cruising speed: Mach 0.82 (true airspeed: 470 kt). Wind: zero wind during flight. Planned destination landing mass: 140 000 kg. Temperature: ISA + 15° C. CG: 37 %. Total anti-ice: ON. Air conditioning: normalFuel consumption for such a flight is:,31 500 kg,29 100 kg,29 400kg,27 400 kg,A
Flight Planning,2434,"(For this question use annex 033-11215A)A turbojet aeroplane is flying using the following data: . optimum flight level, Mach 0.80, mass of 190 000 kg . temperature: ISA . tailwind component: 100 ktThe fuel mileage and the fuel consumption per hour are:","105 NM/1000 kg, 5330 kg/h","105 NM/1000 kg, 6515 kg/h","86 NM/1000 kg, 6515 kg/h","71 NM/1000 kg, 5330 kg/h",A
Flight Planning,2435,"(For this question use annex 033-11216A)A turbojet aeroplane is flying using the following data: . flight level FL 250, Long Range (LR) cruise, mass of 150 000 kg . temperature: ISA . head wind component: 100 kt . remaining flight time: 1 h 40 minThe ground distance that can be covered during the cruise flight is:",445 NM,612 NM,841 NM,2031 NM,A
Flight Planning,2436,"(For this question use annexes 033-11223A, 033-11223B and 033-11223C)Given:. Take-off mass: 150 000 kg. Planned cruise at FL 350. Long range MACH. Standard Atmosphere (ISA). CG: 37 %Covering an air distance of 2 000 NM, your trip fuel from take-off to landing will be:",22 360 kg,19 660 kg,21 760 kg,20 260 kg,A
Flight Planning,2437,"(For this question use annex 033-11228A)For a long distance flight at FL 390, """"Long Range"""" regime, divided into four flight legs with the following characteristics:- segment AB - Ground distance: 2 000 NM. head wind component: 50 kt - segment BC - Ground distance: 1 000 NM. head wind component: 30 kt - segment CD - Ground distance: 500 NM. tail wind component: 100 kt - segment DE - Ground distance: 1 000 NM. head wind component: 70 kt The air distance of the entire flight is approximately:",4 900 NM,5 120 NM,4 630 NM,5 040 NM,A
Flight Planning,2438,"(For this question use annex 031-11231A)For a long distance flight at FL 370, """"Long Range"""" regime, divided into four flight legs with the following specifications:- segment AB - Ground distance: 2 000 NM. headwind component: 50 kt- segment BC - Ground distance: 1 000 NM. headwind component: 30 kt- segment CD - Ground distance: 500 NM. tailwind component: 70 kt- segment DE - Ground distance: 1 000 NM. headwind component: 20 ktThe total air distance is approximately:",4 800 NM,4 940 NM,4 580 NM,4 820 NM,A
Flight Planning,2439,"(For this question use annex 033-12358A or Flight Planning Manual MRJT 1 Figure 4.7.3)Given:Diversion fuel available 8500kgDiversion cruise altitude 10000ftMass at point of diversion 62500kgHead wind component 50ktTemperature ISA -5°CThe (a) maximum diversion distance, and (b) elapsed time alternate, are approximately :",(a) 860 NM (b) 3h 20 min,(a) 1000 NM (b) 3h 40 min,(a) 760 NM (b) 4h 30 min,(a) 1130 NM (b) 3h 30 min,A
Flight Planning,2440,(For this question use annex 033-12359A or Flight Planning Manual MRJT 1 Figure 4.7.3)Given:Diversion distance 720NMTail wind component 25ktMass at point of diversion 55000kgTemperature ISADiversion fuel available 4250kgWhat is the minimum pressure altitude at which the above conditions may be met ?,20000ft,26000ft,16000ft,14500ft,A
Flight Planning,2441,"(For this question use annex 033-12360A or Flight Planning Manual MRJT 1 Figure 4.7.3)Given:Diversion distance 650 NMDiversion pressure altitude 16 000 ftMass at point of diversion 57 000 kgHead wind component 20 ktTemperature ISA + 15°CThe diversion (a) fuel required and (b) time, are approximately :",(a) 4800kg(b) 2h 03min,(a) 3900kg(b) 1h 45min,(a) 6200kg(b) 2h 10min,(a) 4400kg(b) 1h 35min,A
Flight Planning,2442,(For this question use annex 033-12361A or Flight Planning Manual MRJT 1 Figure 4.7.3) Given:Distance to alternate 950 NMHead wind component 20 ktMass at point of diversion 50000kgDiversion fuel available 5800kgThe minimum pressure altitude at which the above conditions may be met is :,22000ft,20000ft,26000ft,18000ft,A
Flight Planning,2443,"(For this question use annex 033-12364A or Flight Planning Manual MRJT 1 Figure 4.7.2)For the purpose of planning an extended range flight it is required that with a start of diversion mass of 55000kg a diversion of 600 nautical miles should be achieved in 90 minutes. Using the above table, the only listed cruise technique to meet that requirement is :",M/KIAS .74/330,M/KIAS .74/290,M/KIAS .70/280,LRC,A
Flight Planning,2444,"(For this question use annex 033-12365A or Flight Planning Manual MRJT 1 Figure 4.7.2)Using the above table, in ISA conditions and at a speed of M.70/280KIAS, in an elapsed time of 90 minutes an aircraft with mass at point of diversion 48000 kg could divert a distance of :",584 NM,563 NM,603 NM,608 NM,A
Flight Planning,2445,"(For this question use annex 033-12366A or Flight Planning Manual MRJT 1 Figure 4.7.2)An aircraft on an extended range operation is required never to be more than 120 minutes from an alternate, based on 1 engine inoperative LRC conditions in ISA. Using the above table and a given mass of 40000 kg at the most critical point, the maximum air distance to the relevant alternate is :",735 NM,794 NM,810 NM,875 NM,A
Flight Planning,2446,(For this question use annex 033-12367A or Flight Planning Manual MRJT 1 Figure 4.5.4)A descent is planned at .74/250KIAS from 35000ft to 5000ft. How much fuel will be consumed during this descent?,150kg,290kg,278kg,140kg,A
Flight Planning,2447,"If CAS is 190 kts, Altitude 9000 ft. Temp. ISA - 10°C, True Course (TC) 350°, W/V 320/40, distance from departure to destination is 350 NM, endurance 3 hours, and actual time of departure is 1105 UTC. The Point of Equal Time (PET) is reached at :",1213 UTC,1221 UTC,1233 UTC,1203 UTC,A
Flight Planning,2448,"If CAS is 190 kts, Altitude 9000 ft. Temp. ISA - 10°C, True Course (TC) 350°, W/V 320/40, distance from departure to destination is 350 NM, endurance 3 hours and actual time of departure is 1105 UTC. The distance from departure to Point of Equal Time (PET) is :",203 NM,147 NM,183 NM,167 NM,A
Flight Planning,2449,"Find the distance from waypoint 3 (WP 3) to the critical point. Given: distance from WP 3 to WP 4 = 750 NM, TAS out 430 kt, TAS return 425 kt, Tailwind component out 30 kt, head wind component return 40 kt",342 NM,375 NM,408 NM,403 NM,A
Flight Planning,2450,"Find the time to the Point of Safe Return (PSR). Given: Maximum useable fuel 15000 kg, Minimum reserve fuel 3500 kg, TAS out 425 kt, Head wind component out 30 kt, TAS return 430 kt, Tailwind component return 20 kt, Average fuel flow 2150 kg/h",2 h 51 min,3 h 43 min,2 h 59 min,2 h 43 min,A
Flight Planning,2451,Given :X = Distance A to point of equal time (PET) between A and BE = EnduranceD = Distance A to BO = Groundspeed 'on'H = Groundspeed 'back'The formula for calculating the distance X to point of equal time (PET) is:,D x HX = _____ O + H,D x OX = _____ O + H,E x O x HX = ________ O + H,D x O x HX = ________ O + H,A
Flight Planning,2452,Given :Course A to B 088° (T)distance 1250 NMMean TAS 330 ktMean W/V 340°/60 ktThe time from A to the PET between A and B is :,1 hour 42 minutes,1 hour 54 minutes,1 hour 39 minutes,2 hours 02 minutes,A
Flight Planning,2453,Given :Distance X to Y 2700 NMMach Number 0.75Temperature -45°CMean wind component 'on' 10 kt tailwindMean wind compontent 'back' 35 kt tailwindThe distance from X to the point of equal time (PET) between X and Y is :,1386 NM,1350 NM,1313 NM,1425 NM,A
Flight Planning,2454,Given :Distance A to B 2050 NMMean groundspeed 'on' 440 ktMean groundspeed 'back' 540 ktThe distance to the point of equal time (PET) between A and B is :,1130 NM,1025 NM,920 NM,1153 NM,A
Flight Planning,2455,Given :Distance A to B 3060 NMMean groundspeed 'out' 440 ktMean groundspeed 'back' 540 ktSafe Endurance 10 hoursThe time to the Point of Safe Return (PSR) is:,5 hours 30 minutes,5 hours 45 minutes,3 hours 55 minutes,5 hours 20 minutes,A
Flight Planning,2456,Given the following:D = flight distance X = distance to Point of Equal TimeGSo = groundspeed outGSr = groundspeed return The correct formula to find distance to Point of Equal Time is :,X = D x GSr / (GSo + GSr),X = D x GSo / (GSo + GSr),X = (D/2) x GSo / (GSo + GSr),X = (D/2) + GSr / (GSo + GSr),A
Flight Planning,2457,Which of the following statements is (are) correct with regard to the advantages of computer flight plans ?1. The computer can file the ATC flight plan.2. Wind data used by the computer is always more up-to-date than that available to the pilot.,Statement 1 only,Statement 2 only,Both statements,Neither statement,A
Flight Planning,2458,Which of the following statements is (are) correct with regard to the operation of flight planning computers ?1. The computer can file the ATC flight plan.2. In the event of inflight re-routing the computer produces a new plan.,Statement 1 only,Statement 2 only,Both statements,Neither statement,A
Flight Planning,2459,"Which of the following statements is (are) correct with regard to computer flight plans 1. The computer takes account of bad weather on the route and adds extra fuel.2. The computer calculates alternate fuel sufficient for a missed approach, climb, cruise, descent and approach and landing at the destination alternate.",Statement 2 only,Both statements,Statement 1 only,Neither statement,A
Flight Planning,2460,"When calculating the fuel required to carry out a given flight, one must take into account :1 - the wind2 - foreseeable airborne delays3 - other weather forecasts4 - any foreseeable conditions which may delay landingThe combination which provides the correct statement is :",1 - 2 - 3 - 4,03-Jan,2 - 4,1 - 2 - 3,A
Flight Planning,2461,(For this question use annex 033-9576A or Route Manual chart E(HI)5 CAA- Edition)Given: Leg Moulins(N46 24.4 E003 38.0)/Dijon(N47 16.3 E005 05.9).Find: Route designator and total distance,"Direct route, 69 NM","D, 44 NM","UG 21, 69 NM","UG 21, 26 NM",A
Flight Planning,2462,"""""Integrated range"""" curves or tables are presented in the Aeroplane Operations Manuals. Their purpose is",to determine the fuel consumption for a certain still air distance considering the decreasing fuel flow with decreasing mass.,to determine the flight time for a certain leg under consideration of temperature deviations.,to determine the still air distance for a wind components varying with altitude.,to determine the optimum speed considering the fuel cost as well as the time related cost of the aeroplane.,A
Flight Planning,2463,"(For this question use annex 033-4616A or Flight Planning Manual MRJT 1 Figure 4.3.6)In order to get alternate fuel and time, the twin -jet aeroplane operations manual graph shall be entered with:","Distance (NM), wind component, landing mass at alternate.","Still air distance, wind component, zero fuel mass.","Flight time, wind component, landing mass at alternate.","Distance (NM), wind component, zero fuel mass.",A
Flight Planning,2464,"(For this question use annex 033-9697A or Flight Planning Manual MRJT 1 Figure 4.4)Given: twin jet aeroplane, Estimated mass on arrival at the alternate 50000 kg, Estimated mass on arrival at the destination 52525 kg, Alternate elevation MSL, Destination elevation 1500 ftFind: Final reserve fuel and corresponding time","1180 kg, 30 min","2360 kg, 30 min","2360 kg, 01 h 00 min","1180 kg, 45 min",A
Flight Planning,2465,"(For this question use annex 033-9698A or Flight Planning Manual MRJT 1 Figure 4.4)Given: twin jet aeroplane, Estimated mass on arrival at the alternate 50000 kg, Elevation at destination aerodrome 3500 ft, Elevation at alternate aerodrome 30 ftFind: Final reserve fuel",1180 kg,2360 kg,1150 kg,2300 kg,A
Flight Planning,2466,"(For this question use annex 033-9550A or Flight Planning Manual MRJT 1 Figure 4.2.2)Find the SHORT DISTANCE CRUISE ALTITUDE for the twin jet aeroplane.Given: Brake release mass=45000 kg, Temperature=ISA + 20°C, Trip distance=50 Nautical Air Miles (NAM)",10000 ft,7500 ft,12500 ft,11000 ft,A
Flight Planning,2467,"(For this question use annex 033-9551A or Flight Planning Manual MRJT 1 Figure 4.2.2)Find the SHORT DISTANCE CRUISE ALTITUDE for the twin jet aeroplane.Given: Brake release mass=40000 kg, Temperature=ISA + 20°C, Trip distance=150 Nautical Air Miles (NAM)",30000 ft,25000 ft,21000 ft,27500 ft,A
Flight Planning,2468,"(For this question use annexes 033-9494A and 033-9694B or Flight Planning Manual MRJT 1 Figure 4.5.3.1 and Figure 4.3.1B)Given: twin jet aeroplane, Zero fuel mass 50000 kg, Landing mass at alternate 52000 kg, Final reserve fuel 2000 kg, Alternate fuel 1000 kg, Flight to destination: Distance 720 NM, True course 030°, W/V 340°/30 kt, Long range cruise, FL 330, Outside air temperature -30°CFind: Estimated trip fuel and time with simplified flight planning","4800 kg, 01 h 51 min","4400 kg, 02 h 05 min","4750 kg, 02 h 00 min","4600 kg, 02 h 05 min",A
Flight Planning,2469,"(For this question use annex 033-9695A or Flight Planning Manual MRJT 1 Figure 4.3.3C)Given: Twin jet aeroplane, Ground distance to destination aerodrome is 1600 NM, Headwind component 50 kt, FL 330, Cruise .78 Mach, ISA Deviation +20°C and Landing mass 55000 kgFind: Fuel required and trip time with simplified flight planning","12400 kg, 04 h 00 min","11400 kg, 04 h 12 min","11600 kg, 04 h 15 min","12000 kg, 03 h 51 min",A
Flight Planning,2470,"(For this question use annex 033-9696A or Flight Planning Manual MRJT 1 Figure 4.3.6)Given: twin jet aeroplane, Dry operating mass 35500 kg, Traffic load 14500 kg, Final reserve fuel 1200 kg, Distance to alternate 95 NM, Tailwind component 10 ktFind: Fuel required and trip time to alternate with simplified flight planning (ALTERNATE PLANNING)","1000 kg, 24 min","1000 kg, 40 min","800 kg, 24 min","800 kg, 0.4 hr",A
Flight Planning,2471,"(For this question use annexes 033-11226A and 033-11226B)In standard atmosphere, assuming a mass of 197 000 kg, in order to fly at FL 370 and to be at the optimum altitude, your Mach number should be:",0.82,0.84,0.80,the same as for LRC (Long Range Cruise),A
Flight Planning,2472,"(For this question use annex 031-11229A )For a turbojet aeroplane flying with a mass of 190 000 kg, at Mach 0.82, and knowing that the temperature at flight level FL 370 is - 35° C, the optimum flight altitude calculated using the annex is:",37400 ft,37800 ft,34600 ft,38600 ft,A
Flight Planning,2473,Given:Dry operating mass (DOM)= 33500 kgLoad= 7600 kgMaximum allowable take-off mass= 66200 kgStandard taxi fuel= 200 kgTank capacity= 16 100 kgThe maximum possible take-off fuel is:,15 900 kg,17 100 kg,16 300 kg,17 300 kg,A
Flight Planning,2474,"(For this question use annex 033-3305A or Flight Planning Manual MRJT 1 Figure 4.5.3.1)Given: long range cruise: temp. -63° C at FL 330 initial gross mass enroute 54 100 kg, leg flight time 29 minFind: fuel consumption for this leg",1 020 kg,1 200 kg,1 100 kg,1 680 kg,A
Flight Planning,2475,(For this question use annex 033-3306A or Flight Planning Manual MRJT 1 Figure 4.5.3.1)Given: flight time from top of climb to the enroute point in FL280 is 48 min. Cruise procedure is long range cruise (LRC). Temp. ISA -5° C Take-off mass 56 000 kg Climb fuel 1 100 kgFind: distance in nautical air miles (NAM) for this leg and fuel consumption:,"345 NAM, 2000 kg","350 NAM, 2000 kg","345 NAM, 2100 kg","437 NAM, 2100 kg",A
Flight Planning,2476,"(For this question use annex 033-3307A or Flight Planning Manual MRJT 1 Figure 4.5.1)Given: estimated take-off mass 57 500 kg,initial cruise FL 280,average temperature during climb ISA -10°C,average head wind component 18 ktFind: climb time",13 min,11 min,15 min,14 min,A
Flight Planning,2477,"(For this question use annexes 033-3308A or Flight Planning Manual MRJT 1 Figure 4.5.1)Given : brake release mass 57 500 kgtemperature ISA -10°C, head wind component 16 ktinitial FL 280Find: still air distance (NAM) and ground distance (NM) for the climb","62 NAM, 59 NM","59 NAM,62 NM","67 NAM, 71 NM","71 NAM,67 NM",A
Flight Planning,2478,"(For this question use annex 033-3309A or Flight Planning Manual MRJT 1 Figure 4.5.1)Given : mass at brake release 57 500 kg,temperature ISA -10°C, average head wind component 16 ktinitial cruise FL 280Find: climb fuel",1138 kg,1238 kg,1387 kg,1040 kg,A
Flight Planning,2479,"(For this question use annex 033-3311A or Flight Planning Manual MRJT 1 Figure 4.5.3.1)Given :FL 330, long range cruise, OAT -63°C, gross mass 50 500 kg.Find: true airspeed (TAS)",420 kt,433 kt,431 kt,418 kt,A
Flight Planning,2480,"(For this question use annex 033-3318A or Flight Planning Manual MRJT 1 Figure 4.5.3.1)Given: long range cruise, outside air temperature (OAT) -45 ° C in FL 350, mass at the beginning of the leg 40 000 kg, mass at the end of the leg 39 000 kg.Find: true airspeed (TAS) at the end of the leg and the distance (NAM).","TAS 431 kt, 227 NAM","TAS 423 kt, 227 NAM","TAS 431 kt, 1163 NAM","TAS 423 kt, 936 NAM",A
Flight Planning,2481,"(For this question use annexes 033-3320A, 033-3320B and 033-3320C or Flight Planning Manual MRJT 1 Figures 4.2.1, 4.2.2 and 4.5.3.2)Given: estimated take-off mass 57 000 kg, still air distance 150 NAM, outside air temperature (OAT) ISA -10K, cruise at 0.74 Mach.Find : cruise altitude and expected true airspeed","25 000 ft, 435 kt","25 000 ft, 445 kt","22 000 ft, 441 kt","22 000 ft, 451 kt",A
Flight Planning,2482,"(For this question use annex 033-9701A or Flight Planning Manual MRJT 1 Figure 4.5.1)Planning an IFR-flight from Paris to London for the twin jet aeroplane. Given: Estimated Take-off Mass (TOM) 52000 kg, Airport elevation 387 ft, FL 280, W/V 280°/40 kt, ISA Deviation -10°C, Average True Course 340° Find: Fuel to the top of climb (TOC)",1000 kg,1000 lbs,1100 kg,1500 lbs,A
Flight Planning,2483,(For this question use annex 033-3910A or Flight Planning Manual MRJT 1 Figure 4.4)Planning a flight from Paris Charles de Gaulle to London Heathrow for a twin - jet aeroplane.Preplanning:Dry Operating Mass (DOM): 34 000 kgTraffic Load: 13 000 kgThe holding is planned at 1 500 ft above alternate elevation. The alternate elevation is 256 ft. The holding is planned for 30 minutes with no reductions.Determine the Estimated Landing Mass at alternate Manchester.,48 125 kg.,49 250 kg.,2 250 kg.,48 675 kg.,A
Flight Planning,2484,(For this question use annexes 033-3911A and 033-3911B) or (Route Manual chart E(HI)4 CAA-Edition and Flight planning manual Figure 4.3.6)Planning a flight from Paris Charles de Gaulle (N49 00.9 E002 36.9) to London Heathrow (N51 29.2 W000 27.9) for a twin - jet aeroplane. The alternate airport is Manchester (N53 21.4 W002 15.7) Preplanning:The wind from London to Manchester is 250°/30 ktThe distance from London to Manchester is 160 NM.Assume the Estimated Landing Mass at alternate is about 50 000 kg.Find the alternate fuel and the according time.,1 450 kg and 32 minutes.,1 300 kg and 28 minutes.,1 600 kg and 36 minutes.,1 200 kg and 26 minutes.,A
Flight Planning,2485,(For this question use annexes 033-3912A and 033-3912B or Route Manual chart E(HI)4 CAA-Edition and Flight planning manual Figure 4.3.2A)Planning a flight from Paris Charles de Gaulle (N49 00.9 E002 36.9) to London Heathrow (N51 29.2 W000 27.9) for a twin - jet aeroplane.Preplanning:Powersetting: Mach= 0.74Planned flight level FL 280The Landing Mass in the fuel graph is 50 000 kgThe trip distance used for calculation is 200 NMThe wind from Paris to London is 280°/ 40 ktFind the estimated trip fuel.,1 740 kg.,1 550 kg.,1 900 kg.,1 450 kg.,A
Flight Planning,2486,"(For this question use annex 033-9558A)Finish the ENDURANCE/FUEL CALCULATION and determine ATC ENDURANCE for a twin jet aeroplane, with the help of the table provided. Contingency is 5% of the planned trip fuel and fuel flow for extra fuel is 2400 kg/h.",ATC ENDURANCE: 04:07,ATC ENDURANCE: 03:52,ATC ENDURANCE: 03:37,ATC ENDURANCE: 04:12,A
Flight Planning,2487,(For this question use annex 033-9562A or Flight Planning Manual MRJT 1 Figure 4.5.3.1) The aeroplane gross mass at top of climb is 61500 kg. The distance to be flown is 385 NM at FL 350 and OAT -54.3 °C. The wind component is 40 kt tailwind.Using long range cruise procedure what fuel is required?,2150 kg,2250 kg,2350 kg,2050 kg,A
Flight Planning,2488,"(For this question use annex 033-9564A or Flight Planning Manual MRJT 1 Figure 4.5.1)Find: Time, Fuel, Still Air Distance and TAS for an enroute climb 280/.74 to FL 350. Given: Brake release mass 64000 kg, ISA +10°C, airport elevation 3000 ft","26 min, 1975 kg, 157 Nautical Air Miles (NAM), 399 kt","26 min, 2050 kg, 157 Nautical Air Miles (NAM), 399 kt","20 min, 1750 kg, 117 Nautical Air Miles (NAM), 288 kt","25 min, 1875 kg, 148 Nautical Air Miles (NAM), 391 kt",A
Flight Planning,2489,"(For this question use annex 033-9699A and 033-9699B or Flight Planning Manual MRJT 1 Paragraph 5.1 and Figure 4.5.1)Planning an IFR-flight from Paris to London for a twin jet aeroplane. Given: Estimated Take-off Mass (TOM) 52000 kg, Airport elevation 387 ft, FL 280, W/V 280°/40 kt, ISA-Deviation -10°C, Average True Course 340° Find: Ground distance to the top of climb (TOC)",50 NM,56 NM,53 NM,47 NM,A
Flight Planning,2490,"(For this question use annex 033-9700A or Flight Planning Manual MRJT 1 Figure 4.5.1)Planning an IFR-flight from Paris (Charles de Gaulle) to London (Heathrow) for the twin jet aeroplane. Given: Estimated Take-off Mass (TOM) 52000 kg, Airport elevation 387 ft, FL 280, W/V 280°/40 kt, ISA Deviation -10°C, Average True Course 340° Find: Time to the top of climb (TOC)",11 min,3 min,12 min,15 min,A
Flight Planning,2491,"(For this question use annex 033-11239A and 031-11239B)The flight crew of a turbojet aeroplane prepares a flight using the following data:- Flight leg distance: 3 500 NM- Flight level FL 310, true airspeed: 450 kt- Headwind component at this level: 55 kt- Initially planned take-off mass (without extra fuel on board): 180 000 kg- Fuel price: 0.30 $/l at departureThe commander may carry a fuel quantity of 8 000 kg in addition to that which is necessary.For this fuel transport operation to be cost effective, the maximum fuel price at arrival must be:",0.27 $/l,0.26 $/l,0.28 $/l,0.33 $/l,A
Flight Planning,2492,"(For this question use annex 033-11240A and 033-11240B)The flight crew of a turbojet aeroplane prepares a flight using the following data:- Flight leg distance: 3 500 NM- Flight level FL 310, true airspeed: 450 kt- Headwind component at this level: 55 kt- Initially planned take-off mass (without extra fuel on board): 180 000 kg- Fuel price: 0.27 $/l at destinationThe commander may carry on board 8 000 kg more fuel than that which is necessary.For this fuel transport operation to be cost effective, the maximum fuel price at departure must be:",0.30 $/l,0.24 $/l,0.28 $/l,0.29 $/l,A
Flight Planning,2493,"(For this question use annex 033-11243A and 033-11243B)The flight crew of a turbojet aeroplane prepares a flight using the following data:- Flight leg distance: 3 500 NM- Flight level FL 310, true airspeed: 450 kt- Headwind component at this level: - 55 kt- Initially planned take-off mass (without extra fuel on board): 180 000 kg- Fuel price: 0.30 Euro/l at departure, 0.27 Euro/l at destinationTo maximize savings, the commander decides to carry extra fuel in addition to that which is necessary.Using the appended annex, the optimum quantity of fuel which should be carried in addition to the prescribed quantity is:",The fuel transport operation is not recommended in this case.,22 000 kg,15 000 kg,8 000 kg,A
Flight Planning,2494,"(For this question use annex 033-11244A and 033-11244B)The flight crew of a turbojet aeroplane prepares a flight using the following data:- Flight leg distance: 4 000 NM- Flight level FL 310, true airspeed: 450 kt- Headwind component at this level: 50 kt- Initially planned take-off mass (without extra fuel on board): 170 000 kg- Fuel price: 0.27 Euro/l at departure, 0.30 Euro/l at destinationTo maximize savings, the commander chooses to carry extra fuel in addition to that which is necessary.Using the appended annex, the optimum quantity of fuel which should be carried in addition to the prescribed quantity is:",8 000 kg,The fuel transport operation is not recommended in this case.,18 000 kg,32 000 kg,A
Flight Planning,2495,"(For this question use annex 033-11245A and 033-11245B)The flight crew of a turbojet aeroplane prepares a flight using the following data:- Flight leg distance: 3 500 NM- Flight level FL 310, true airspeed: 450 kt- Headwind component at this level: 5 kt- Initially planned take-off mass (without extra fuel on board): 180 000 kg- Fuel price: 0.35 $/l at departure, 0.315 $/l at destinationTo maximize savings, the commander chooses to carry extra fuel in addition to that which is necessary.Using the appended annex, the optimum quantity of fuel which should be carried in addition to the prescribed quantity is:",The fuel transport operation is not recommended in this case.,22 000 kg,15 000 kg,8 000 kg,A
Flight Planning,2496,For flight planning purposes the landing mass at alternate is taken as:,Zero Fuel Mass plus Final Reserve Fuel.,Landing Mass at destination plus Alternate Fuel.,Zero Fuel Mass plus Final Reserve Fuel and Alternate Fuel.,Zero Fuel Mass plus Final Reserve Fuel and Contingency Fuel.,A
Flight Planning,2497,"Given: Maximum allowable take-off mass 64400 kg, Maximum landing mass 56200 kg, Maximum zero fuel mass 53000 kg, Dry operating mass 35500 kg, Traffic load 14500 kg, Trip fuel 4900 kg, Minimum Take-off Fuel 7400 kgFind: Maximum allowable take-off fuel",11100 kg,11400 kg,14400 kg,8600 kg,A
Flight Planning,2498,"Given: Maximum allowable take-off mass 64400 kg, Maximum landing mass 56200 kg, Maximum zero fuel mass 53000 kg, Dry operating mass 35500 kg, Traffic load 14500 kg, Trip fuel 4900 kg, Take-off fuel 7400 kgFind: Maximum additional load",3000 kg,4000 kg,7000 kg,5600 kg,A
Flight Planning,2499,"(For this question use annex 033-9708A or Flight Planning Manual MRJT 1 Figure 4.5.3.2)Planning an IFR-flight from Paris to London for the twin jet aeroplane. Given: Gross mass 50000 kg, FL 280, ISA Deviation -10°C, Cruise procedure Mach 0.74Determine the TAS",430 kt,440 kt,427 kt,417 kt,A
Flight Planning,2500,"(For this question use annexes 033-11204A, 033-11204B and 033-11204C)The flight crew of a turbojet aeroplane prepares a flight using the following data:Flight leg ground distance: 4 000 NMFlight level FL 370, """"Long range"""" flight regimeEffective wind at this level: head wind of 50 ktTemperature: ISACentre of gravity (CG): 37 %Pack flow : LOW (LO)Anti ice: OFFReference landing mass: 140 000 kgTaxi fuel: 500 kgFinal reserve fuel: 2 400 kgThe fuel quantity which must be loaded on board the aircraft is:",51 860 kg,52 060 kg,46 340 kg,41 950 kg,A
Flight Planning,2501,"(For this question use annex 033-11207A and 033-11207B)A turbojet aeroplane is prepared for a 1300 NM flight at FL 350, with a true airspeed of 460 kt and a head wind of 160 kt. The take-off runway limitation is 174 000 kg, the planned departure mass is 160 000 kg. The departure fuel price is equal to 0.92 times the arrival fuel price (fuel price ratio = 0.92). In order for the airline to optimize its savings, the additional fuel quantity that must be loaded on board is:",14 000 kg,30 000 kg,42 000 kg,12 000 kg,A
Flight Planning,2502,"(For this question use annexes 033-11224A, 033-11224B and 033-11224C)Given:. Take-off mass: 150 000 kg. Planned cruise at FL 350. Long range MACH. Standard Atmosphere (ISA). CG: 37 %You have to cover an air distance of 2 000 NM.Your flight time will be:",304 minutes,288 minutes,298 minutes,359 minutes,A
Flight Planning,2503,"(For this question use annex 033-11252A,033-11252B and 033-11252C)Knowing that:. Mass at brake release: 210 000 kg. Selected cruise speed: 0.82 Mach. Air distance: 3 000 NM. Cruise level: optimum. Air conditioning: standard. Anti-icing: OFF. Temperature: ISA. CG: 37%Assuming zero wind, the planned flight time from take-off to landing needed to complete this flight will be:",400 minutes,383 minutes,394 minutes,389 minutes,A
Flight Planning,2504,"(For this question use annex 033-11253A, 033-11253B, 033-11253C and 033-11253D)Knowing that:. Mass at brake release: 190 000 kg. Selected cruise speed: 0.82 Mach. Flight leg distance: 1 500 NM. Cruise level: optimum. Air conditioning: standard. Anti-icing: OFF. Temperature: ISA. CG: 37%Assuming zero wind, the planned flight time from take-off to landing needed to complete this flight will be:",209 minutes,192 minutes,198 minutes,203 minutes,A
Flight Planning,2505,"(For this question use annex 033-11254A, 033-11254B, 033-11254C and 033-11254D)Knowing that:. Mass at brake release: 190 000 kg. Selected cruise speed: 0.82 Mach. Flight leg distance: 1 500 NM. Cruise level: optimum. Air conditioning: standard. Anti-icing: OFF. Temperature: ISA. CG: 37%Assuming zero wind, the planned landing mass at destination will be:",171 200 kg,169 200 kg,170 200 kg,174 800 kg,A
Flight Planning,2506,"(For this question use annex 033-11253A, 033-11253B, and 033-11253C)Knowing that:. Mass at brake release: 210 000 kg. Selected cruise speed: 0.82 Mach. Flight leg distance: 3 000 NM. Cruise level: optimum. Air conditioning: standard. Anti- icing: OFF. Temperature: ISA. CG: 37Assuming zero wind, the planned landing mass at destination will be:",172 300 kg,170 400 kg,171 300 kg,176 100 kg,A
Flight Planning,2507,"(For this question use annex 033-11259A and 033-11259B)The flight crew of a turbojet aeroplane prepares a flight using the following data:- Flight leg air distance: 2 700 NM- Flight level FL 310, true airspeed: 470 kt- Tailwind component at this level: 35 kt- Initially planned take-off mass (without extra fuel on board): 180 000 kg- Fuel price: 0.28 Euro/l at departure, 0.26 Euro/l at destinationTo maximize savings, the commander chooses to carry extra fuel in addition to that which is necessary.The optimum quantity of fuel which should be carried in addition to the prescribed quantity is:",The fuel transport operation is not recommended in this case,4 000 kg,6 000 kg,10 000 kg,A
Flight Planning,2508,"(For this question use annex 033-11260A and 033-11260B)The flight crew of a turbojet aeroplane prepares a flight using the following data:- Flight leg air distance: 2 700 NM- Flight level FL 310, true airspeed: 470 kt- Tailwind component at this level: 35 kt- Initially planned take-off mass (without extra fuel on board): 195 000 kg- Fuel price: 0.28 Euro/l at departure, 0.26 Euro/l at destinationTo maximize savings, the commander chooses to carry extra fuel in addition to that which is necessary.The optimum quantity of fuel which should be carried in addition to the prescribed quantity is:",The fuel transport operation is not recommended in this case,5 000 kg,8 000 kg,10 000 kg,A
Flight Planning,2509,"(For this question use annex 033-11270A)A turbojet aeroplane flies using the following data:. flight level: FL 330, flight regime: """"Long Range"""" (LR), mass: 156 500 kg. tailwind component at this level: 40 ktWith a remaining flight time of 1 h 10 min the ground distance that can be covered by the aeroplane at cruising speed is:",539 NM,493 NM,471 NM,518 NM,A
Flight Planning,2510,"(For this question use annex 033-11271A)The flight crew of a turbojet aeroplane prepares a flight using the following data:. Take-off mass: 210 500 kg. Flight leg ground distance: 2 500 NM. Flight level FL 330, """"Long Range"""" flight regime . Tailwind component at this level: 70 kt. Total anti-ice set on """"ON"""". Fixed taxi fuel: 500 kg, final reserve: 2 400 kg. Ignore alternate fuel.The effects of climb and descent are not corrected for consumption.The quantity of fuel that must be loaded at the parking area is:",31 840 kg,31 340 kg,30 200 kg,39 750 kg,A
Flight Planning,2511,"Find the distance to the POINT OF SAFE RETURN (PSR). Given: maximum useable fuel 15000 kg, minimum reserve fuel 3500 kg, Outbound: TAS 425 kt, head wind component 30 kt, fuel flow 2150 kg/h, Return: TAS 430 kt, tailwind component 20 kt, fuel flow 2150 kg/h",1125 NM,1143 NM,1463 NM,1491 NM,A
Flight Planning,2512,"On an ATC flight plan, an aircraft indicated as """"H"""" for """"Heavy""""",is of the highest wake turbulence category,has a certified landing mass greater than or equal to 136 000 kg,has a certified take-off mass greater than or equal to 140 000 kg,requires a runway length of at least 2 000m at maximum certified take-off mass,A
Flight Planning,2513,"On a VFR flight plan, the total estimated time is:",the estimated time from take-off to overhead the destination airport,"the estimated time from take-off to overhead the destination airport, plus 15 minutes",the estimated time from take-off to landing at the alternate airport,the estimated time from engine start to landing at the destination airport,A
Flight Planning,2514,"On an ATC flight plan, the letter """"Y"""" is used to indicate that the flight is carried out under the following flight rules.",IFR followed by VFR,VFR followed by IFR,IFR,VFR,A
Flight Planning,2515,"On an ATC flight plan, to indicate that you will overfly the way-point TANGO at 350 kts at flight level 280, you write:",TANGO / N0350 F280,TANGO / K0350 FL280,TANGO / FL280 N0350,TANGO / KT350 F280,A
Flight Planning,2516,"On a ATC flight plan, to indicate that you will overfly the way-point ROMEO at 120 kt at flight level 085, you will write :",ROMEO / N0120 F085,ROMEO / K0120 FL085,ROMEO / FL085 N0120,ROMEO / F085 N0120,A
Flight Planning,2517,"To carry out a VFR flight to an off-shore platform, the minimum fuel quantity on board is:",identical to that defined for VFR flights over land,at least equal to that defined for IFR flights,that defined for VFR flights over land increased by 5 %,that defined for VFR flights over land increased by 10 %,A
Flight Planning,2518,"For a flight to an off-shore platform, an alternate aerodrome is compulsory, except if :1 - flight duration does not exceed two hours2 - during the period from two hours before to two hours after the estimated landing time, the forecast conditions of ceiling and visibility are not less than one and a half times the applicable minima3 - the platform is available and no other flight either from or to the platform is expected between the estimated time of departure and one half hour after the estimated landing timeThe combination which regroups all of the correct statements is :",2001-02-03,02-Jan,1 - 3,2 - 3,A
Flight Planning,2519,"A helicopter is on a 150 NM leg to an off-shore oil rig. Its TAS is 130 kt with a 20 kt tailwind, its endurance is 3h30min without reserve. Upon reaching destination, it is asked to proceed outbound to locate a ship in distress, on a track which gives a 15 kt tailwind. Maintaining zero reserve on return to the oil rig, the helicopter can fly outbound for distance of:",160.3 NM,224.5 NM,158.6 NM,222.1 NM,A
