chapter,question_number,question_text,option_a,option_b,option_c,option_d,correct_answer
General Navigation,4090,The angle between the plane of the ecliptic and the plane of equator is approximately :,23.5°,25.3°,27.5°,66.5°,A
General Navigation,4091,Which is the highest latitude listed below at which the sun will rise above the horizon and set every day?,66°,68°,72°,62°,A
General Navigation,4092,In which two months of the year is the difference between the transit of the Apparent Sun and Mean Sun across the Greenwich Meridian the greatest?,February and November,March and September,June and December,April and August,A
General Navigation,4093,What is the highest latitude listed below at which the sun will reach an altitude of 90° above the horizon at some time during the year?,23°,45°,66°,0°,A
General Navigation,4094,"Assuming mid-latitudes (40° to 50°N/S).At which time of year is the relationship between the length of day and night, as well as the rate of change of declination of the sun, changing at the greatest rate?",Spring equinox and autumn equinox,Summer solstice and spring equinox,summer solstice and winter solstice,Winter solstice and autumn equinox,A
General Navigation,4095,At what approximate date is the earth closest to the sun (perihelion)?,Beginning of January,End of March,Beginning of July,End of June,A
General Navigation,4096,At what approximate date is the earth furthest from the sun (aphelion)?,Beginning of July,End of December,Beginning of January,End of September,A
General Navigation,4097,Seasons are due to the:,inclination of the polar axis with the ecliptic plane,Earth's elliptical orbit around the Sun,Earth's rotation on its polar axis,variable distance between Earth and Sun,A
General Navigation,4098,An aircraft departs from position A (04°10' S 178°22'W) and flies northward following the meridian for 2950 NM. It then flies westward along the parallel of latitude for 382 NM to position B. The coordinates of position B are?,45°00'N 172°38'E,53°20'N 169°22W,45°00'N 169°22W,53°20'N 172°38'E,A
General Navigation,4099,"The angle between the true great-circle track and the true rhumb-line track joining the following points: A (60° S 165° W) B (60° S 177° E), at the place of departure A, is:",7.8°,9°,15.6°,5.2°,A
General Navigation,4100,Given: Waypoint 1. 60°S 030°W Waypoint 2. 60°S 020°WWhat will be the approximate latitude shown on the display unit of an inertial navigation system at longitude 025°W?,060°06'S,060°11'S,059°49'S,060°00'S,A
General Navigation,4101,What is the time required to travel along the parallel of latitude 60° N between meridians 010° E and 030° W at a groundspeed of 480 kt?,2 HR 30 MIN,1 HR 15 MIN,1 HR 45 MIN,5 HR 00 MIN,A
General Navigation,4102,A Rhumb line is :,a line on the surface of the earth cutting all meridians at the same angle,the shortest distance between two points on a Polyconic projection,any straight line on a Lambert projection,a line convex to the nearest pole on a Mercator projection,A
General Navigation,4103,A great circle track joins position A (59°S 141°W) and B (61°S 148°W). What is the difference between the great circle track at A and B?,It increases by 6°,It decreases by 6°,It increases by 3°,It decreases by 3°,A
General Navigation,4104,What is the longitude of a position 6 NM to the east of 58°42'N 094°00'W?,093°48.5'W,093°54.0'W,093°53.1'W,094°12.0'W,A
General Navigation,4105,"Given: value for the ellipticity of the Earth is 1/297. Earth's semi-major axis, as measured at the equator, equals 6378.4 km. What is the semi-minor axis (km) of the earth at the axis of the Poles?",6 356.9,6 378.4,6 367.0,6 399.9,A
General Navigation,4106,Position A is located on the equator at longitude 130°00E. Position B is located 100 NM from A on a bearing of 225°(T).The coordinates of position B are:,01°11'S 128°49'E,01°11'N 131°11'E,01°11'S 131°11'E,01°11'N 128°49'E,A
General Navigation,4107,"In order to fly from position A (10°00'N, 030°00'W) to position B (30°00'N, 050°00'W), maintaining a constant true course, it is necessary to fly:",a rhumb line track,the constant average drift route,the great-circle route,a straight line plotted on a Lambert chart,A
General Navigation,4108,"The rhumb line track between position A (45°00'N, 010°00'W) and position B (48°30'N, 015°00'W) is approximately:",315,330,300,345,A
General Navigation,4109,The diameter of the Earth is approximately:,12 700 km,6 350 km,18 500 km,40 000 km,A
General Navigation,4110,The maximum difference between geocentric and geodetic latitude occurs at about:,45° North and South,60° North and South,90° North and South,0° North and South (equator),A
General Navigation,4111,The great circle distance between position A (59°34.1'N 008°08.4'E) and B (30°25.9'N 171°51.6'W) is:,5 400 NM,10 800 km,2 700 NM,10 800 NM,A
General Navigation,4112,"Given:Position A 45°N, ?°EPosition B 45°N, 45°15'EDistance A-B = 280 NMB is to the East of ARequired: longitude of position A?",38°39'E,49°57'E,51°51'E,40°33'E,A
General Navigation,4113,"If an aeroplane was to circle around the Earth following parallel 60°N at a ground speed of 480 kt. In order to circle around the Earth along the equator in the same amount of time, it should fly at a ground speed of:",960 kt,240 kt,550 kt,480 kt,A
General Navigation,4114,An aircraft passes position A (60°00'N 120°00'W) on route to position B (60°00'N 140°30'W). What is the great circle track on departure from A?,279°,288°,261°,270°,A
General Navigation,4115,"An aeroplane flies from A (59°S 142°W) to B (61°S 148°W) with a TAS of 480 kt. The autopilot is engaged and coupled with an Inertial Navigation System in which AB track is active.On route AB, the true track:",increases by 5°,varies by 10°,decreases by 6°,varies by 4°,A
General Navigation,4116,The circumference of the earth is approximately:,21600 NM,43200 NM,5400 NM,10800 NM,A
General Navigation,4117,"The Great Circle bearing of 'B' (70°S 060°E), from 'A' (70° S 030° W), is approximately:",135°(T),150°(T),090°(T),315°(T),A
General Navigation,4118,At what approximate latitude is the length of one minute of arc along a meridian equal to one NM (1852 m) correct?,45°,0°,90°,30°,A
General Navigation,4119,An aircraft flies a great circle track from 56° N 070° W to 62° N 110° E. The total distance travelled is?,3720 NM,5420 NM,1788 NM,2040 NM,A
General Navigation,4120,Given :A is N55° 000°B is N54° E010°The average true course of the great circle is 100°.The true course of the rhumbline at point A is:,100°,096°,104°,107°,A
General Navigation,4121,The circumference of the parallel of latitude at 60°N is approximately:,10 800 NM,18 706 NM,20 000 NM,34 641 NM,A
General Navigation,4122,Given:The coordinates of the heliport at Issy les Moulineaux are:N48°50' E002°16.5'The coordinates of the antipodes are :,S48°50' W177°43.5',S48°50' E177°43.5',S41°10' W177°43.5',S41°10' E177°43.5',A
General Navigation,4123,"Given:Position 'A' is N00° E100°, Position 'B' is 240°(T), 200 NM from 'A'.What is the position of 'B'?",S01°40' E097°07',N01°40' E097°07',S01°40' E101°40',N01°40' E101°40',A
General Navigation,4124,The duration of civil twilight is the time:,between sunset and when the centre of the sun is 6° below the true horizon,agreed by the international aeronautical authorities which is 12 minutes,needed by the sun to move from the apparent height of 0° to the apparent height of 6°,between sunset and when the centre of the sun is 12° below the true horizon,A
General Navigation,4125,"On the 27th of February, at 52°S and 040°E, the sunrise is at 0243 UTC. On the same day, at 52°S and 035°W, the sunrise is at:",0743 UTC,0243 UTC,2143 UTC,0523 UTC,A
General Navigation,4126,"What is the local mean time, position 65°25'N 123°45'W at 2200 UTC?",1345,2200,615,815,A
General Navigation,4127,"The Local Mean Time at longitude 095°20'W, at 0000 UTC, is :",1738:40 previous day,0621:20 previous day,1738:40 same day,0621:20 same day,A
General Navigation,4128,5 HR 20 MIN 20 SEC corresponds to a longitude difference of:,80°05',81°10',75°00',78°45',A
General Navigation,4129,(For this question use annex 061-2304A)The UTC of sunrise on 6 December at WINNIPEG (Canada) (49°50'N 097°30'W) is:,1413,930,113,2230,A
General Navigation,4130,"(For this question use annexes 061-2305A and 061-2305B) When it is 1000 Standard Time in Kuwait, the Standard Time in Algeria is:",800,1200,1300,700,A
General Navigation,4131,(For this question use annex 061-2325A to 061-2325D)An aircraft takes off from Guam at 2300 Standard Time on 30 April local date. After a flight of 11 HR 15 MIN it lands at Los Angeles (California). What is the Standard Time and local date of arrival (assume summer time rules apply)?,1715 on 30 April,1215 on 1 May,1315 on 1 May,1615 on 30 April,A
General Navigation,4132,(For this question use annex 061-2326A to 061-2326D)When it is 0600 Standard Time in Queensland (Australia) the Standard Time in Hawaii (USA) is:,1000,1200,200,600,A
General Navigation,4133,"The main reason that day and night, throughout the year, have different duration, is due to the:",inclination of the ecliptic to the equator,earth's rotation,relative speed of the sun along the ecliptic,gravitational effect of the sun and moon on the speed of rotation of the earth,A
General Navigation,4134,"What is the meaning of the term """"standard time"""" ?",It is the time set by the legal authorities for a country or part of a country,It is the time zone system applicable only in the USA,It is an expression for local mean time,It is another term for UTC,A
General Navigation,4135,Civil twilight is defined by :,sun altitude is 6° below the celestial horizon,sun altitude is 12° below the celestial horizon,sun altitude is 18° below the celestial horizon,sun upper edge tangential to horizon,A
General Navigation,4136,"Given: true track is 348°, drift 17° left, variation 32° W, deviation 4°E. What is the compass heading?",033°,007°,359°,337°,A
General Navigation,4137,An Agonic line is a line that connects:,positions that have 0° variation,positions that have the same variation,points of equal magnetic dip,points of equal magnetic horizontal field strength,A
General Navigation,4138,Isogonic lines connect positions that have:,the same variation,0° variation,the same elevation,the same angle of magnetic dip,A
General Navigation,4139,Compass deviation is defined as the angle between:,Magnetic North and Compass North,True North and Magnetic North,True North and Compass North,the horizontal and the total intensity of the earth's magnetic field,A
General Navigation,4140,The angle between True North and Magnetic North is called :,variation,deviation,compass error,drift,A
General Navigation,4141,Deviation applied to magnetic heading gives:,compass heading,true heading,magnetic course,magnetic track,A
General Navigation,4142,Isogrives are lines that connect positions that have:,the same grivation,the same horizontal magnetic field strength,the same variation,O° magnetic dip,A
General Navigation,4143,The lines on the earth's surface that join points of equal magnetic variation are called:,isogonals,isotachs,isogrives,isoclines,A
General Navigation,4144,A negative (westerly) magnetic variation signifies that :,True North is East of Magnetic North,True North is West of Magnetic North,Compass North is East of Magnetic North,Compass North is West of Magnetic North,A
General Navigation,4145,The angle between Magnetic North and Compass North is called:,compass deviation,compass error,magnetic variation,alignment error,A
General Navigation,4146,The north and south magnetic poles are the only positions on the earth's surface where:,a freely suspended compass needle will stand vertical,isogonals converge,a freely suspended compass needle will stand horizontal,the value of magnetic variation equals 90°,A
General Navigation,4147,The rhumb-line distance between points A (60°00'N 002°30'E) and B (60°00'N 007°30'W) is:,300 NM,450 NM,600 NM,150 NM,A
General Navigation,4148,"An aircraft flies the following rhumb line tracks and distances from position 04°00'N 030°00'W :600 NM South, then 600 NM East, then 600 NM North, then 600 NM West.The final position of the aircraft is:",04°00'N 029°58'W,04°00'N 030°02'W,04°00'N 030°00'W,03°58'N 030°02'W,A
General Navigation,4149,"What is the final position after the following rhumb line tracks and distances have been followed from position 60°00'N 030°00'W?South for 3600 NM, East for 3600 NM, North for 3600 NM, West for 3600 NM.The final position of the aircraft is:",60°00'N 090°00'W,60°00'N 030°00'E,59°00'N 060°00'W,59°00'N 090°00'W,A
General Navigation,4150,An aircraft departing A(N40º 00´ E080º 00´) flies a constant true track of 270º at a ground speed of 120 kt. What are the coordinates of the position reached in 6 HR?,N40º 00´ E064º 20´,N40º 00´ E070º 30´,N40º 00´ E060º 00´,N40º 00´ E068º 10´,A
General Navigation,4151,"A flight is to be made from 'A' 49°S 180°E/W to 'B' 58°S, 180°E/W.The distance in kilometres from 'A' to 'B' is approximately:",1000,1222,540,804,A
General Navigation,4152,An aircraft at position 60°N 005°W tracks 090°(T) for 315 km.On completion of the flight the longitude will be:,000°40'E,005°15'E,002°10'W,000°15'E,A
General Navigation,4153,The 'departure' between positions 60°N 160°E and 60°N 'x' is 900 NM.What is the longitude of 'x'?,170°W,140°W,145°E,175°E,A
General Navigation,4154,An aircraft at latitude 02°20'N tracks 180°(T) for 685 km.On completion of the flight the latitude will be:,03°50'S,04°10'S,04°30'S,09°05'S,A
General Navigation,4155,An aircraft at latitude 10° South flies north at a GS of 890 km/HR. What will its latitude be after 1.5 HR?,02°00'N,12°15'N,22°00'N,03°50'N,A
General Navigation,4156,An aircraft at latitude 10°North flies south at a groundspeed of 445 km/HR.What will be its latitude after 3 HR?,02°00'S,12°15'S,22°00'S,03°50'S,A
General Navigation,4157,"Given : Position 'A' N60 W020,Position 'B' N60 W021, Position 'C' N59 W020. What are, respectively, the distances from A to B and from A to C?",30 NM and 60 NM,52 NM and 60 NM,60 NM and 30 NM,60 NM and 52 NM,A
General Navigation,4158,"An aircraft is over position HO (55°30'N 060°15'W), where YYR VOR (53°30'N 060°15'W) can be received. The magnetic variation is 31°W at HO and 28°W at YYR.What is the radial from YYR?",028°,208°,031°,332°,A
General Navigation,4159,When is the magnetic compass most effective?,About midway between the magnetic poles,In the region of the magnetic South Pole.,In the region of the magnetic North Pole.,On the geographic equator,A
General Navigation,4160,What is the value of the magnetic dip at the magnetic south pole ?,90°,45°,60°,0°,A
General Navigation,4161,The value of magnetic variation:,has a maximum of 180°,must be 0° at the magnetic equator,varies between a maximum of 45° East and 45° West,cannot exceed 90°,A
General Navigation,4162,Isogonals converge at the:,North and South geographic and magnetic poles,Magnetic equator,North magnetic pole only,North and South magnetic poles only,A
General Navigation,4163,A line drawn on a chart which joins all points where the value of magnetic variation is zero is called an:,agonic line,aclinic line,isogonal,isotach,A
General Navigation,4164,The horizontal component of the earth's magnetic field:,is approximately the same at magnetic latitudes 50°N and 50°S,weakens with increasing distance from the magnetic poles,weakens with increasing distance from the nearer magnetic pole,is approximately the same at all magnetic latitudes less than 60°,A
General Navigation,4165,Complete the following statement regarding magnetic variation. The charted values of magnetic variation on earth normally change annually due to:,magnetic pole movement causing numerical values at all locations to increase or decrease,magnetic pole movement causing numerical values at all locations to increase.,a reducing field strength causing numerical values at all locations to decrease.,an increasing field strength causing numerical values at all locations to increase.,A
General Navigation,4166,The Earth can be considered as being a magnet with the:,blue pole near the north pole of the earth and the direction of the magnetic force pointing straight down to the earth's surface,red pole near the north pole of the earth and the direction of the magnetic force pointing straight down to the earth's surface,blue pole near the north pole of the earth and the direction of the magnetic force pointing straight up from the earth's surface,red pole near the north pole of the earth and the direction of the magnetic force pointing straight up from the earth's surface,A
General Navigation,4167,Which of the following statements concerning earth magnetism is completely correct?,"An isogonal is a line which connects places with the same magnetic variation, the aclinic is the line of zero magnetic dip","An isogonal is a line which connects places with the same magnetic variation, the agonic line is the line of zero magnetic dip","An isogonal is a line which connects places of equal dip, the aclinic is the line of zero magnetic dip","An isogonal is a line which connects places with the same magnetic variation, the aclinic connects places with the same magnetic field strength",A
General Navigation,4168,Which of the following statements concerning the earth's magnetic field is completely correct?,The blue pole of the earth's magnetic field is situated in North Canada,"At the earth's magnetic equator, the inclination varies depending on whether the geograhic equator is north or south of the magnetic equator","The earth's magnetic field can be classified as transient, semi-permanent or permanent",Dip is the angle between total magnetic field and vertical field component,A
General Navigation,4169,The sensitivity of a direct reading compass varies:,directly with the horizontal component of the earth's magnetic field,directly with the vertical component of the earth's magnetic field,inversely with both vertical and horizontal components of the earth's magnetic field,inversely with the vertical component of the earth's magnetic field,A
General Navigation,4170,Isogonals are lines of equal :,magnetic variation.,compass deviation.,pressure.,wind velocity.,A
General Navigation,4171,"At a specific location, the value of magnetic variation:",varies slowly over time,depends on the type of compass installed,depends on the magnetic heading,depends on the true heading,A
General Navigation,4172,"When an aircraft on a westerly heading on the northern hemisphere accelerates, the effect of the acceleration error causes the magnetic compass to:",indicate a turn towards the north,lag behind the turning rate of the aircraft,indicate a turn towards the south,to turn faster than the actual turning rate of the aircraft,A
General Navigation,4173,"When decelerating on a westerly heading in the Northern hemisphere, the compass card of a direct reading magnetic compass will turn :",clockwise giving an apparent turn toward the south,anti-clockwise giving an apparent turn towards the south,clockwise giving an apparent turn towards the north,anti-clockwise giving an apparent turn towards the north,A
General Navigation,4174,"An aircraft in the northern hemisphere makes an accurate rate one turn to the right/starboard. If the initial heading was 330°, after 30 seconds of the turn the direct reading magnetic compass should read:",less than 060°,060°,more than 060°,more or less than 060° depending on the pendulous suspension used,A
General Navigation,4175,"When turning right from 330°(C) to 040°(C) in the northern hemisphere, the reading of a direct reading magnetic compass will:",under-indicate the turn and liquid swirl will increase the effect,over-indicate the turn and liquid swirl will decrease the effect,under-indicate the turn and liquid swirl will decrease the effect,over-indicate the turn and liquid swirl will increase the effect,A
General Navigation,4176,"When accelerating on an easterly heading in the Northern hemisphere, the compass card of a direct reading magnetic compass will turn :",clockwise giving an apparent turn toward the north,clockwise giving an apparent turn toward the south,anti-clockwise giving an apparent turn toward the north,anti-clockwise giving an apparent turn toward the south,A
General Navigation,4177,"An aircraft in the northern hemisphere is making an accurate rate one turn to the right. If the initial heading was 135°, after 30 seconds the direct reading magnetic compass should read:",more than 225°,225°,less than 225°,more or less than 225° depending on the pendulous suspension used,A
General Navigation,4178,"When accelerating on a westerly heading in the northern hemisphere, the compass card of a direct reading magnetic compass will turn:",anti-clockwise giving an apparent turn towards the north,anti-clockwise giving an apparent turn towards the south,clockwise giving an apparent turn towards the north,clockwise giving an apparent turn towards the south,A
General Navigation,4179,Which of the following statements is correct concerning the effect of turning errors on a direct reading compass?,"Turning errors are greatest on north/south headings, and are greatest at high latitudes","Turning errors are greatest on east/west headings, and are least at high latitudes","Turning errors are greatest on north/south headings, and are least at high latitudes","Turning errors are greatest on east/west headings, and are greatest at high latitudes",A
General Navigation,4180,"At the magnetic equator, when accelerating after take off on heading West, a direct reading compass :",indicates the correct heading,overreads the heading,underreads the heading,indicates a turn to the south,A
General Navigation,4181,Permanent magnetism in aircraft arises chiefly from:,"hammering, and the effect of the earth's magnetic field, whilst under construction",exposure to the earth's magnetic field during normal operation,the combined effect of aircraft electrical equipment and the earth's magnetic field,the effect of internal wiring and exposure to electrical storms,A
General Navigation,4182,"Concerning direct reading magnetic compasses, in the northern hemisphere, it can be said that :","on an Easterly heading, a longitudinal acceleration causes an apparent turn to the North","on an Easterly heading, a longitudinal acceleration causes an apparent turn to the South","on a Westerly heading, a longitudinal acceleration causes an apparent turn to the South","on a Westerly heading, a longitudinal deceleration causes an apparent turn to the North",A
General Navigation,4183,"In northern hemisphere, during an acceleration in an easterly direction, the magnetic compass will indicate:",a decrease in heading,an increase in heading,an apparent turn to the South,a heading of East,A
General Navigation,4184,The purpose of compass check swing is to:,measure the angle between Magnetic North and Compass North,cancel out the vertical component of the earth's magnetic field,cancel out the horizontal component of the earth's magnetic field,cancel out the effects of the magnetic fields found on board the aeroplane,A
General Navigation,4185,In a remote indicating compass system the amount of deviation caused by aircraft magnetism and electrical circuits may be minimised by:,mounting the detector unit in the wingtip,the use of repeater cards,positioning the master unit in the centre of the aircraft,using a vertically mounted gyroscope,A
General Navigation,4186,A direct reading compass should be swung when:,"there is a large, and permanent, change in magnetic latitude",there is a large change in magnetic longitude,the aircraft is stored for a long period and is frequently moved,the aircraft has made more than a stated number of landings,A
General Navigation,4187,The direct reading magnetic compass is made aperiodic (dead beat) by:,keeping the magnetic assembly mass close to the compass point and by using damping wires,using the lowest acceptable viscosity compass liquid,using long magnets,pendulous suspension of the magnetic assembly,A
General Navigation,4188,The annunciator of a remote indicating compass system is used when:,synchronising the magnetic and gyro compass elements,compensating for deviation,setting local magnetic variation,setting the 'heading' pointer,A
General Navigation,4189,Which one of the following is an advantage of a remote reading compass as compared with a standby compass?,"It senses the magnetic meridian instead of seeking it, increasing compass sensitivity","It is lighter than a direct reading compass because it employs, apart from the detector unit, existing aircraft equipment",It eliminates the effect of turning and acceleration errors by pendulously suspending the detector unit,It is more reliable because it is operated electrically and power is always available from sources within the aircraft,A
General Navigation,4190,Which of the following is an occasion for carrying out a compass swing on a Direct Reading Compass?,"After an aircraft has passed through a severe electrical storm, or has been struck by lightning",Before an aircraft goes on any flight that involves a large change of magnetic latitude,After any of the aircraft radio equipment has been changed due to unserviceability,Whenever an aircraft carries a large freight load regardless of its content,A
General Navigation,4191,The main reason for mounting the detector unit of a remote reading compass in the wingtip of an aeroplane is:,to minimise the amount of deviation caused by aircraft magnetism and electrical circuits,to maximise the units exposure to the earth's magnetic field,to ensure that the unit is in the most accessible position on the aircraft for ease of maintenance,"by having detector units on both wingtips, to cancel out the deviation effects caused by the aircraft strucure",A
General Navigation,4192,The main reason for usually mounting the detector unit of a remote indicating compass in the wingtip of an aeroplane is to:,reduce the amount of deviation caused by aircraft magnetism and electrical circuits,facilitate easy maintenance of the unit and increase its exposure to the Earth's magnetic field,place it in a position where there is no electrical wiring to cause deviation errors,place it where it will not be subjected to electrical or magnetic interference from the aircraft,A
General Navigation,4193,The main advantage of a remote indicating compass over a direct reading compass is that it:,"senses, rather than seeks, the magnetic meridian",has less moving parts,requires less maintenance,is able to magnify the earth's magnetic field in order to attain greater accuracy,A
General Navigation,4194,"A chart has the scale 1 : 1 000 000. From A to B on the chart measures 1.5 inches (one inch equals 2.54 centimetres), the distance from A to B in NM is :",20.6,38.1,44.5,54.2,A
General Navigation,4195,The nominal scale of a Lambert conformal conic chart is the:,scale at the standard parallels,mean scale between pole and equator,mean scale between the parallels of the secant cone,scale at the equator,A
General Navigation,4196,The chart that is generally used for navigation in polar areas is based on a:,Stereographical projection,Direct Mercator projection,Gnomonic projection,Lambert conformal projection,A
General Navigation,4197,A Mercator chart has a scale at the equator = 1 : 3 704 000. What is the scale at latitude 60° S?,1 : 1 852 000,1 : 7 408 000,1 : 3 208 000,1 : 185 200,A
General Navigation,4198,The distance measured between two points on a navigation map is 42 mm (millimetres). The scale of the chart is 1:1 600 000.The actual distance between these two point is approximately:,36.30 NM,370.00 NM,67.20 NM,3.69 NM,A
General Navigation,4199,The standard parallels of a Lambert's conical orthomorphic projection are 07°40'N and 38°20' N.The constant of the cone for this chart is:,0.39,0.60,0.92,0.42,A
General Navigation,4200,On a Lambert conformal conic chart the convergence of the meridians:,is the same as earth convergency at the parallel of origin,is zero throughout the chart,varies as the secant of the latitude,equals earth convergency at the standard parallels,A
General Navigation,4201,A straight line drawn on a chart measures 4.63 cm and represents 150 NM. The chart scale is:,1 : 6 000 000,1 : 3 000 000,1 : 5 000 000,1 : 1 000 000,A
General Navigation,4202,"On a direct Mercator projection, at latitude 45° North, a certain length represents 70 NM. At latitude 30° North, the same length represents approximately:",86 NM,57 NM,70 NM,81 NM,A
General Navigation,4203,"On a direct Mercator projection, the distance measured between two meridians spaced 5° apart at latitude 60°N is 8 cm.The scale of this chart at latitude 60°N is approximately:",1 : 3 500 000,1 : 4 750 000,1 : 7 000 000,1 : 6 000 000,A
General Navigation,4204,"On a Mercator chart, the scale:",varies as 1/cosine of latitude (1/cosine= secant),varies as the sine of the latitude,is constant throughout the chart,varies as 1/2 cosine of the co-latitude,A
General Navigation,4205,In a navigation chart a distance of 49 NM is equal to 7 cm. The scale of the chart is approximately:,1 : 1 300 000,1 : 700 000,1 : 130 000,1 : 7 000 000,A
General Navigation,4206,At 60° N the scale of a direct Mercator chart is 1 : 3 000 000.What is the scale at the equator?,1 : 6 000 000,1 : 3 000 000,1 : 3 500 000,1 : 1 500 000,A
General Navigation,4207,What is the chart distance between longitudes 179°E and 175°W on a direct Mercator chart with a scale of 1 : 5 000 000 at the equator?,133 mm,106 mm,167 mm,72 mm,A
General Navigation,4208,The total length of the 53°N parallel of latitude on a direct Mercator chart is 133 cm. What is the approximate scale of the chart at latitude 30°S?,1 : 25 000 000,1 : 30 000 000,1 : 18 000 000,1 : 21 000 000,A
General Navigation,4209,"A Lambert conformal conic projection, with two standard parallels:",the scale is only correct along the standard parallels,shows all great circles as straight lines,the scale is only correct at parallel of origin,shows lines of longitude as parallel straight lines,A
General Navigation,4210,"The constant of the cone, on a Lambert chart where the convergence angle between longitudes 010°E and 030°W is 30°, is:",0.75,0.40,0.50,0.64,A
General Navigation,4211,The constant of cone of a Lambert conformal conic chart is quoted as 0.3955. At what latitude on the chart is earth convergency correctly represented?,23°18',66°42',68°25',21°35',A
General Navigation,4212,On a Lambert Conformal chart the distance between meridians 5° apart along latitude 37° North is 9 cm. The scale of the chart at that parallel approximates:,1 : 5 000 000,1 : 3 750 000,1 : 2 000 000,1 : 6 000 000,A
General Navigation,4213,The chart distance between meridians 10° apart at latitude 65° North is 3.75 inches. The chart scale at this latitude approximates:,1 : 5 000 000,1 : 6 000 000,1 : 2 500 000,1 : 3 000 000,A
General Navigation,4214,"On a Lambert conformal conic chart, with two standard parallels, the quoted scale is correct:",along the two standard parallels,in the area between the standard parallels,along the parallel of origin,along the prime meridian,A
General Navigation,4215,The convergence factor of a Lambert conformal conic chart is quoted as 0.78535. At what latitude on the chart is earth convergency correctly represented?,51°45',52°05',80°39',38°15',A
General Navigation,4216,At 47° North the chart distance between meridians 10° apart is 5 inches. The scale of the chart at 47° North approximates:,1 : 6 000 000,1 : 8 000 000,1 : 3 000 000,1 : 2 500 000,A
General Navigation,4217,On a Lambert Conformal Conic chart earth convergency is most accurately represented at the:,parallel of origin,north and south limits of the chart,standard parallels,Equator,A
General Navigation,4218,"On a Transverse Mercator chart, scale is exactly correct along the:",meridian of tangency,"Equator, parallel of origin and prime vertical",datum meridian and meridian perpendicular to it,prime meridian and the equator,A
General Navigation,4219,Approximately how many nautical miles correspond to 12 cm on a map with a scale of 1 : 2 000 000?,130,150,329,43,A
General Navigation,4220,Transverse Mercator projections are used for:,maps of large north/south extent,maps of large east/west extent in equatorial areas,radio navigation charts in equatorial areas,plotting charts in equatorial areas,A
General Navigation,4221,"On a Direct Mercator chart at latitude 15°S, a certain length represents a distance of 120 NM on the earth. The same length on the chart will represent on the earth, at latitude 10°N, a distance of :",122.3 NM,117.7 NM,124.2 NM,118.2 NM,A
General Navigation,4222,"On a Direct Mercator chart at latitude of 45°N, a certain length represents a distance of 90 NM on the earth. The same length on the chart will represent on the earth, at latitude 30°N, a distance of :",110 NM,73.5 NM,78 NM,45 NM,A
General Navigation,4223,"On a transverse Mercator chart, the scale is exactly correct along the:",meridians of tangency,equator and parallel of origin,meridian of tangency and the parallel of latitude perpendicular to it,prime meridian and the equator,A
General Navigation,4224,"On a transverse Mercator chart, with the exception of the Equator, parallels of latitude appear as:",ellipses,straight lines,hyperbolic lines,parabolas,A
General Navigation,4225,An Oblique Mercator projection is used specifically to produce:,charts of the great circle route between two points,radio navigational charts in equatorial regions,topographical maps of large east/ west extent,plotting charts in equatorial regions,A
General Navigation,4226,The two standard parallels of a conical Lambert projection are at N10°40'N and N41°20'.The cone constant of this chart is approximatively :,0.44,0.90,0.66,0.18,A
General Navigation,4227,"On a chart, the distance along a meridian between latitudes 45°N and 46°N is 6 cm. The scale of the chart is approximately:",1 : 1 850 000,1 : 1 000 000,1 : 185 000,1 : 18 500 000,A
General Navigation,4228,Given:Chart scale is 1 : 1 850 000. The chart distance between two points is 4 centimetres. Earth distance is approximately :,40 NM,74 NM,100 NM,4 NM,A
General Navigation,4229,"On a Mercator chart, at latitude 60°N, the distance measured between W002° and E008° is 20 cm. The scale of this chart at latitude 60°N is approximately:",1 : 2 780 000,1 : 278 000,1 : 5 560 000,1 : 556 000,A
General Navigation,4230,At latitude 60°N the scale of a Mercator projection is 1 : 5 000 000. The length on the chart between 'C' N60° E008° and 'D' N60° W008° is:,17.8 cm,16.2 cm,35.6 cm,19.2 cm,A
General Navigation,4231,"Assume a Mercator chart.The distance between positions A and B, located on the same parallel and 10° longitude apart, is 6 cm. The scale at the parallel is 1 : 9 260 000.What is the latitude of A and B?",60° N or S,30° N or S,0°,45° N or S,A
General Navigation,4232,A straight line on a chart 4.89 cm long represents 185 NM.The scale of this chart is approximately :,1 : 7 000 000,1 : 3 500 000,1 : 6 000 000,1 : 5 000 000,A
General Navigation,4233,The scale on a Lambert conformal conic chart :,is constant along a parallel of latitude,is constant along a meridian of longitude,is constant across the whole map,varies slightly as a function of latitude and longitude,A
General Navigation,4234,A direct Mercator graticule is based on a projection that is :,cylindrical,conical,spherical,concentric,A
General Navigation,4235,Parallels of latitude on a Direct Mercator chart are :,parallel straight lines unequally spaced,parallel straight lines equally spaced,arcs of concentric circles equally spaced,straight lines converging above the pole,A
General Navigation,4236,A straight line on a Lambert Conformal Projection chart for normal flight planning purposes:,is approximately a Great Circle,is a Loxodromic line,is a Rhumb line,can only be a parallel of latitude,A
General Navigation,4237,"On a Direct Mercator chart, a rhumb line appears as a:",straight line,small circle concave to the nearer pole,spiral curve,curve convex to the nearer pole,A
General Navigation,4238,On a Lambert Conformal Conic chart great circles that are not meridians are:,curves concave to the parallel of origin,straight lines regardless of distance,curves concave to the pole of projection,straight lines within the standard parallels,A
General Navigation,4239,On a Direct Mercator chart a great circle will be represented by a:,curve concave to the equator,complex curve,curve convex to the equator,straight line,A
General Navigation,4240,"The angular difference, on a Lambert conformal conic chart, between the arrival and departure track is equal to:",map convergence,earth convergence,conversion angle,difference in longitude,A
General Navigation,4241,The parallels on a Lambert Conformal Conic chart are represented by:,arcs of concentric circles,straight lines,parabolic lines,hyperbolic lines,A
General Navigation,4242,"Parallels of latitude, except the equator, are:",Rhumb lines,Great circles,both Rhumb lines and Great circles,are neither Rhumb lines nor Great circles,A
General Navigation,4243,"On a Lambert chart (standard parallels 37°N and 65°N), with respect to the straight line drawn on the map between A ( N49° W030°) and B (N48° W040°), the:",great circle and rhumb line are to the south,great circle and rhumb line are to the north,"great circle is to the north, the rhumb line is to the south","rhumb line is to the north, the great circle is to the south",A
General Navigation,4244,"On a Direct Mercator chart, meridians are:","parallel, equally spaced, vertical straight lines","inclined, equally spaced, straight lines that meet at the nearer pole","parallel, unequally spaced, vertical straight lines","inclined, unequally spaced, curved lines that meet at the nearer pole",A
General Navigation,4245,On which of the following chart projections is it NOT possible to represent the north or south poles?,Direct Mercator,Lambert's conformal,Transverse Mercator,Polar stereographic,A
General Navigation,4246,"Which one of the following, concerning great circles on a Direct Mercator chart, is correct?","With the exception of meridians and the equator, they are curves concave to the equator",They are all curves concave to the equator,They approximate to straight lines between the standard parallels,They are all curves convex to the equator,A
General Navigation,4247,"On a Lambert conformal conic chart, the distance between parallels of latitude spaced the same number of degrees apart :","reduces between, and expands outside, the standard parallels","is constant between, and expands outside, the standard parallels","expands between, and reduces outside, the standard parallels",is constant throughout the chart,A
General Navigation,4248,"Which one of the following statements is correct concerning the appearance of great circles, with the exception of meridians, on a Polar Stereographic chart whose tangency is at the pole ?",The higher the latitude the closer they approximate to a straight line,Any straight line is a great circle,They are complex curves that can be convex and/or concave to the Pole,They are curves convex to the Pole,A
General Navigation,4249,"Which one of the following describes the appearance of rhumb lines, except meridians, on a Polar Stereographic chart?",Curves concave to the Pole,Ellipses around the Pole,Curves convex to the Pole,Straight lines,A
General Navigation,4250,What is the value of the convergence factor on a Polar Stereographic chart?,1.0,0.866,0.5,0.0,A
General Navigation,4251,"On a Direct Mercator, rhumb lines are:",straight lines,curves concave to the equator,ellipses,curves convex to the equator,A
General Navigation,4252,Contour lines on aeronautical maps and charts connect points :,having the same elevation above sea level,with the same variation,having the same longitude,of equal latitude,A
General Navigation,4253,"On a Polar Stereographic chart, the initial great circle course from A 70°N 060°W to B 70°N 060°E is approximately:",030° (T),330° (T),150° (T),210° (T),A
General Navigation,4254,"On a polar stereographic projection chart showing the South Pole, a straight line joins position A (70°S 065°E) to position B (70°S 025°W).The true course on departure from position A is approximately:",225°,250°,135°,315°,A
General Navigation,4255,"Two positions plotted on a polar stereographic chart, A (80°N 000°) and B (70°N 102°W) are joined by a straight line whose highest latitude is reached at 035°W.At point B, the true course is:",203°,023°,247°,305°,A
General Navigation,4256,Given:Magnetic heading 311°Drift angle 10° leftRelative bearing of NDB 270°What is the magnetic bearing of the NDB measured from the aircraft?,221°,208°,211°,180°,A
General Navigation,4257,"A Lambert conformal conic chart has a constant of the cone of 0.75. The initial course of a straight line track drawn on this chart from A (40°N 050°W) to B is 043°(T) at A, course at B is 055°(T). What is the longitude of B?",34°W,36°W,38°W,41°W,A
General Navigation,4258,"A Lambert conformal conic chart has a constant of the cone of 0.80. A straight line course drawn on this chart from A (53°N 004°W) to B is 080° at A, course at B is 092°(T). What is the longitude of B?",011°E,009°36'E,008°E,019°E,A
General Navigation,4259,(For this question use annex 061-12400A)What are the average magnetic course and distance between INGO VOR (N6350 W01640) and Sumburg VOR (N5955 W 00115)?,131° - 494 NM,118° - 440 NM,117° - 494 NM,130° - 440 NM,A
General Navigation,4260,(For this question use annex 061-12401A)What are the average magnetic course and distance between position N6000 W02000 and Sumburg VOR (N5955 W 00115)?,105° - 562 NM,091° - 480 NM,091° - 562 NM,105° - 480 NM,A
General Navigation,4261,(For this question use annex 061-12402A)What are the initial true course and distance between positions N5800 W01300 and N6600 E00200?,036° - 638 NM,029° - 570 NM,042° - 635 NM,032° - 470 NM,A
General Navigation,4262,(For this question use annex 061-12403A)An aircraft on radial 315° at a range of 150 NM from MYGGENES NDB (N6206 W00732) is at position:,N6320 W01205,N6020 W00405,N6345 W01125,N6040 W00320,A
General Navigation,4263,(For this question use annex 061-12404A)An aircraft on radial 110° at a range of 120 NM from SAXAVORD VOR (N6050 W00050) is at position:,N6027 E00307,N6127 W00443,N6010 E00255,N6109 E00255,A
General Navigation,4264,(For this question use annex 061-12405A)Which of the following beacons is 185 NM from AKRABERG (N6124 W00640)?,SUMBURGH (N5955 W00115),SAXAVORD (N6050 W00050),KIRKWALL (N5858 W 00254),STORNOWAY (N5815 W00617),A
General Navigation,4265,(For this question refer to annex 061-12608A)What feature is shown on the chart at position N5417 W01005?,EAGLE ISLAND LT.H. NDB,Belmullet aerodrome,Carnmore aerodrome,Clonbullogue aerodrome,A
General Navigation,4266,(For this question refer to annex 061-12609A)Which of the following lists all the aeronautical chart symbols shown at position N51,,,,,A
General Navigation,4267,(For this question refer to annex 061-12610A)Which of the following lists all the aeronautical chart symbols shown at position N5318.0 W00626.9?,military airport: VOR: DME,civil airport: VOR: DME,military airport: VOR: NDB,VOR: DME: danger area,A
General Navigation,4268,(For this question refer to annex 061-12611A)Which of the following lists all the aeronautical chart symbols shown at position N5416.7 W00836.0?,civil airport: NDB: DME: compulsory reporting point,VOR: DME: NDB: compulsory reporting point,civil airport: VOR: DME: non-compulsory reporting point,VOR: DME: NDB: non-compulsory reporting point,A
General Navigation,4269,(For this question refer to annex 061-12612A)Which of the following lists all the aeronautical chart symbols shown at position N5318.1 W00856.5?,civil airport: NDB: DME: non-compulsory reporting point,VOR: DME: NDB: compulsory reporting point,civil airport: VOR: DME: non-compulsory reporting point,VOR: DME: NDB: compulsory reporting point,A
General Navigation,4270,(For this question refer to annex 061-12613A)Which of the following lists all the aeronautical chart symbols shown at position N5211 W00705?,civil airport: NDB,VOR: NDB,civil airport: ILS,NDB: ILS,A
General Navigation,4271,(For this question refer to annex 061-12614A)Which of the aeronautical chart symbols indicates a VOR/DME?,1,2,6,7,A
General Navigation,4272,(For this question refer to annex 061-12615A)Which of the aeronautical chart symbols indicates a DME?,2,3,5,6,A
General Navigation,4273,(For this question refer to annex 061-12616A)Which of the aeronautical chart symbols indicates a VOR?,3,5,6,2,A
General Navigation,4274,(For this question refer to annex 061-12617A)Which of the aeronautical chart symbols indicates an NDB?,4,6,2,3,A
General Navigation,4275,(For this question use annex 061-12576A)What is the average track (°T) and distance between BAL VOR (N5318.0 W00626.9) and CRN NDB (N5318.1 W00856.5)?,270° - 90 NM,278° - 89 NM,268° - 91 NM,272° - 89 NM,A
General Navigation,4276,(For this question use annex 061-12577A)What is the average track (°T) and distance between BAL VOR (N5318.0 W00626.9) and CFN NDB (N5502.6 W00820.4)?,327° - 124 NM,335° - 128 NM,325° - 126 NM,320° - 127 NM,A
General Navigation,4277,(For this question use annex 061-12578A)What is the average track (°T) and distance between CRN NDB (N5318.1 W00856.5) and EKN NDB (N5423.6 W00738.7)?,035° - 80 NM,042° - 83 NM,036° - 81 NM,044° - 82 NM,A
General Navigation,4278,"(For this question use annex 061-12579A)Given: SHA VOR (N5243.3 W00853.1) radial 223°,CRK VOR (N51",,,,,A
General Navigation,4279,"(For this question use annex 061-12580A)Given: SHA VOR (N5243.3 W00853.1) radial 205°,CRK VOR (N51",,,,,A
General Navigation,4280,(For this question use annex 061-12590A)Given:SHA VOR N5243.3 W00853.1CRK VOR N51,,,,,A
General Navigation,4281,(For this question use annex 061-12591A)Given:SHA VOR N5243.3 W00853.1CRK VOR N51,,,,,A
General Navigation,4282,(For this question use annex 061-12592A)Given:SHA VOR N5243.3 W00853.1CON VOR N5354.8 W00849.1Aircraft position N5330 W00800Which of the following lists two radials that are applicable to the aircraft position?,SHA 042°CON 138°,SHA 213°CON 310°,SHA 033°CON 130°,SHA 221°CON 318°,A
General Navigation,4283,(For this question use annex 061-12593A)Given:SHA VOR N5243.3 W00853.1CON VOR N5354.8 W00849.1Aircraft position N5320 W00950Which of the following lists two radials that are applicable to the aircraft position?,SHA 325°CON 235°,SHA 137°CON 046°,SHA 317°CON 226°,SHA 145°CON 055°,A
General Navigation,4284,"(For this question use annex 061-12594A)Given:SHA VOR (N5243.3 W00853.1) DME 50 NM,CRK VOR (N51",,,,,A
General Navigation,4285,"(For this question use annex 061-12595A)Given:SHA VOR (N5243.3 W00853.1) DME 41 NM,CRK VOR (N51",,,,,A
General Navigation,4286,"(For this question use annex 061-12596A)Given:CRN VOR (N5318.1 W00856.5) DME 18 NM,SHA VOR (N5243.3 W00853.1) DME 30 NM,Aircraft heading 270° (M),Both DME distances decreasing.What is the aircraft position?",N5310 W00830,N5252 W00923,N5307 W00923,N5355 W00825,A
General Navigation,4287,"(For this question use annex 061-12597A)Given:CRN VOR (N5318.1 W00856.5) DME 34 NM,SHA VOR (N5243.3 W00853.1) DME 26 NM,Aircraft heading 090° (M),Both DME distances increasing.What is the aircraft position?",N5255 W00815,N5250 W0030,N5305 W00930,N5310 W00820,A
General Navigation,4288,"(For this question use annex 061-12598A)Given:CON VOR (N5354.8 W00849.1) DME 30 NM,CRN VOR (N5318.1 W00856.5) DME 25 NM,Aircraft heading 270° (M),Both DME distances decreasing.What is the aircraft position?",N5330 W00820,N5343 W00925,N5335 W00925,N5337 W00820,A
General Navigation,4289,(For this question refer to annex 061-12599A)Given:CRK VOR/DME (N51,,,,,A
General Navigation,4290,(For this question refer to annex 061-12600A)Given:SHA VOR/DME (N5243.3 W00853.1)Birr aerodrome (N5304 W00754)What is the SHA radial and DME distance when overhead Birr aerodrome?,068° - 41 NM,248° - 42 NM,060° - 42 Nm,240° - 41 NM,A
General Navigation,4291,(For this question refer to annex 061-12601A)Given:SHA VOR/DME (N5243.3 W00853.1)Connemara aerodrome (N5314 W00928)What is the SHA radial and DME distance when overhead Connemara aerodrome?,333° - 37 NM,154° - 38 NM,326° - 37 NM,146° - 38 NM,A
General Navigation,4292,(For this question refer to annex 061-12602A)Given:CON VOR/DME (N5354.8 W00849.1)Castlebar aerodrome (N5351 W00917)What is the CON radial and DME distance when overhead Castlebar aerodrome?,265° - 17 NM,077° - 18 NM,257° - 17 NM,086° - 18 NM,A
General Navigation,4293,(For this question use annex 061-12560A)What is the radial and DME distance from CON VOR/DME (N5354.8 W00849.1) to position N5330 W00930?,233° - 35 NM,165° - 27 NM,335° - 43 NM,025° - 38 NM,A
General Navigation,4294,(For this question use annex 061-12561A)What is the radial and DME distance from BEL VOR/DME (N5439.7 W00613.8) to position N5410 W00710?,236° - 44 NM,223° - 36 NM,320° - 44 NM,333° - 36 NM,A
General Navigation,4295,(For this question use annex 061-12562A)What is the radial and DME distance from BEL VOR/DME (N5439.7 W00613.8) to position N5440 W00730?,278° - 44 NM,090° - 46 NM,278° - 10 NM,098° - 45 NM,A
General Navigation,4296,(For this question use annex 061-12563A)What is the radial and DME distance from BEL VOR/DME (N5439.7 W00613.8) to position N5500 W00700?,315° - 34 NM,296° - 65 NM,126° - 33 NM,222° - 48 NM,A
General Navigation,4297,(For this question use annex 061-12564A)What is the average track (°M) and distance between WTD NDB (N5211.3 W00705.0) and KER NDB (N5210.9 W00931.5)?,278° - 90 NM,090° - 91 NM,270° - 89 NM,098° - 90 NM,A
General Navigation,4298,(For this question use annex 061-12565A)What is the average track (°M) and distance between CRK VOR (N51,,,,,A
General Navigation,4299,(For this question use annex 061-12566A)What is the average track (°M) and distance between CRN NDB (N5318.1 W00856.5) and WTD NDB (N5211.3 W00705.0)?,142° - 95 NM,315° - 94 NM,135° - 96 NM,322° - 95 NM,A
General Navigation,4300,(For this question refer to annex 061-12635A)What is the meaning of aeronautical chart symbol No. 15?,Aeronautical ground light,Visual reference point,Hazard to aerial navigation,Lighthouse,A
General Navigation,4301,(For this question refer to annex 061-12636A)What is the meaning of aeronautical chart symbol No. 16?,Lightship,Off-shore helicopter landing platform,Shipwreck showing above the surface at low tide,Off-shore lighthouse,A
General Navigation,4302,(For this question refer to annex 061-12637A)Which aeronautical chart symbol indicates an aeronautical ground light?,15,16,10,14,A
General Navigation,4303,(For this question refer to annex 061-12638A)Which aeronautical chart symbol indicates a lightship?,16,10,12,14,A
General Navigation,4304,(For this question refer to annex 061-12624A)Which aeronautical chart symbol indicates an uncontrolled route?,4,5,2,3,A
General Navigation,4305,(For this question refer to annex 061-12625A)Which aeronautical chart symbol indicates the boundary of advisory airspace?,5,2,3,4,A
General Navigation,4306,(For this question refer to annex 061-12626A)Which aeronautical chart symbol indicates a non-compulsory reporting point?,6,7,8,15,A
General Navigation,4307,(For this question refer to annex 061-12627A)Which aeronautical chart symbol indicates a compulsory reporting point?,7,8,15,6,A
General Navigation,4308,(For this question refer to annex 061-12628A)Which aeronautical chart symbol indicates a Way-point?,8,15,6,7,A
General Navigation,4309,(For this question refer to annex 061-12629A)Which aeronautical chart symbol indicates an unlighted obstacle?,9,10,11,12,A
General Navigation,4310,(For this question refer to annex 061-12630A)Which aeronautical chart symbol indicates a lighted obstacle?,10,11,12,9,A
General Navigation,4311,(For this question refer to annex 061-12631A)Which aeronautical chart symbol indicates a group of unlighted obstacles?,11,12,13,9,A
General Navigation,4312,(For this question refer to annex 061-12632A)Which aeronautical chart symbol indicates a group of lighted obstacles?,12,9,10,11,A
General Navigation,4313,(For this question refer to annex 061-12633A)Which aeronautical chart symbol indicates an exceptionally high unlighted obstacle?,13,14,9,11,A
General Navigation,4314,(For this question refer to annex 061-12634A)Which aeronautical chart symbol indicates an exceptionally high lighted obstacle?,14,10,12,13,A
General Navigation,4315,(For this question use annex 061-12567A)What is the average track (°M) and distance between WTD NDB (N5211.3 W00705.0) and BAL VOR (N5318.0 W00626.9)?,026° - 71 NM,018° - 153 NM,206° - 71 NM,198° - 72 NM,A
General Navigation,4316,(For this question use annex 061-12568A)What is the average track (°M) and distance between KER NDB (N5210.9 W00931.5) and CRN NDB (N5318.1 W00856.5)?,025° - 70 NM,197° - 71 NM,205° - 71 NM,017° - 70 NM,A
General Navigation,4317,(For this question use annex 061-12569A)What is the average track (°M) and distance between BAL VOR (N5318.0 W00626.9) and SLG NDB (N5416.7 W00836.0)?,316° - 96 NM,262° - 86 NM,128° - 99 NM,308° - 98 NM,A
General Navigation,4318,(For this question use annex 061-12570A)What is the average track (°M) and distance between CRN NDB (N5318.1 W00856.5) and BEL VOR (N5439.7 W00613.8)?,057° - 126 NM,089° - 95 NM,229° - 125 NM,237° - 130 NM,A
General Navigation,4319,(For this question use annex 061-12571A)What is the average track (°T) and distance between CON VOR (N5354.8 W00849.1) and BEL VOR (N5439.7 W00613.8)?,063° - 101 NM,071° - 100 NM,113° - 97 NM,293° - 98 NM,A
General Navigation,4320,(For this question use annex 061-12572A)What is the average track (°T) and distance between SLG NDB (N5416.7 W00836.0) and CFN NDB (N5502.6 W00820.4)?,011° - 47 NM,020° - 46 NM,348° - 46 NM,191° - 45 NM,A
General Navigation,4321,(For this question use annex 061-12573A)What is the average track (°T) and distance between WTD NDB (N5211.3 W00705.0) and FOY NDB (N5234.0 W00911.7)?,286° - 81 NM,294° - 80 NM,075° - 81 NM,277° - 83 NM,A
General Navigation,4322,(For this question use annex 061-12574A)What is the average track (°T) and distance between WTD NDB (N5211.3 W00705.0) and SLG NDB (N5416.7 W00836.0)?,336° - 137 NM,344° - 139 NM,156° - 136 NM,164° - 138 NM,A
General Navigation,4323,(For this question use annex 061-12575A)What is the average track (°T) and distance between SHA VOR (N5243.3 W00853.1) and CON VOR (N5354.8 W00849.1)?,002° - 72 NM,010° - 71 NM,358° - 72 NM,006° - 71 NM,A
General Navigation,4324,(For this question refer to annex 061-12603A)Given:CON VOR/DME (N5354.8 W00849.1)Abbey Shrule aerodrome (N5335 W00739)What is the CON radial and DME distance when overhead Abbey Shrule aerodrome?,124° - 46 NM,116° - 47 NM,296° - 46 NM,304° - 47 NM,A
General Navigation,4325,(For this question refer to annex 061-12604A)What feature is shown on the chart at position N5211 W00931?,KERRY/Farranfore aerodrome,Waterford NDB,Connemara aerodrome,Punchestown aerodrome,A
General Navigation,4326,(For this question refer to annex 061-12605A)What feature is shown on the chart at position N5212 W00612?,TUSKAR ROCK LT.H. NDB,WTD NDB,KERRY/Farranfore aerodrome,Clonbullogue aerodrome,A
General Navigation,4327,(For this question refer to annex 061-12606A)What feature is shown on the chart at position N5311 W00637?,Punchestown aerodrome,Connemara aerodrome,KERRY/Farranfore aerodrome,Clonbullogue aerodrome,A
General Navigation,4328,(For this question refer to annex 061-12607A)What feature is shown on the chart at position N5351 W00917?,Castlebar aerodrome,Connaught aerodrome,Connemara aerodrome,Brittas Bay aerodrome,A
General Navigation,4329,"(For this question refer to annex 061-12618A)Which of the aeronautical chart symbols indicates a basic, non-specified, navigation aid?",5,6,2,3,A
General Navigation,4330,(For this question refer to annex 061-12619A)Which of the aeronautical chart symbols indicates a TACAN?,6,7,1,2,A
General Navigation,4331,(For this question refer to annex 061-12620A)Which of the aeronautical chart symbols indicates a VORTAC?,7,1,3,6,A
General Navigation,4332,(For this question refer to annex 061-12621A)Which aeronautical chart symbol indicates a Flight Information Region (FIR) boundary?,1,3,4,5,A
General Navigation,4333,(For this question refer to annex 061-12623A)Which aeronautical chart symbol indicates a Control Zone boundary?,3,4,5,2,A
General Navigation,4334,At 0020 UTC an aircraft is crossing the 310° radial at 40 NM of a VOR/DME station.At 0035 UTC the radial is 040° and DME distance is 40 NM.Magnetic variation is zero.The true track and ground speed are :,085° - 226 kt,090° - 232 kt,080° - 226 kt,088° - 232 kt,A
General Navigation,4335,"Given:An aircraft is flying a track of 255°(M),2254 UTC, it crosses radial 360° from a VOR station, 2300 UTC, it crosses radial 330° from the same station.At 2300 UTC, the distance between the aircraft and the station is :",the same as it was at 2254 UTC,greater than it was at 2254 UTC,randomly different than it was at 2254 UTC,less than it was at 2254 UTC,A
General Navigation,4336,"(For this question use annex 061-12581A)Given: SHA VOR (N5243.3 W00853.1) radial 120°,CRK VOR (N51",,,,,A
General Navigation,4337,"(For this question use annex 061-12582A)Given: SHA VOR (N5243.3 W00853.1) radial 129°,CRK VOR (N51",,,,,A
General Navigation,4338,"(For this question use annex 061-12583A)Given: SHA VOR (N5243.3 W00853.1) radial 143°,CRK VOR (N51",,,,,A
General Navigation,4339,(For this question use annex 061-12584A)Given: SHA VOR/DME (N5243.3 W00853.1) radial 120°/35 NM.What is the aircraft position?,N5230 W00800,N5300 W00945,N5225 W00805,N5250 W00950,A
General Navigation,4340,(For this question use annex 061-12585A)Given: SHA VOR/DME (N5243.3 W00853.1) radial 165°/36 NM.What is the aircraft position?,N5210 W00830,N5208 W00840,N5315 W00915,N5317 W00908,A
General Navigation,4341,(For this question use annex 061-12586A)Given: SHA VOR/DME (N5243.3 W00853.1) radial 232°/32 NM.What is the aircraft position?,N5220 W00930,N5305 W00815,N5228 W00935,N5303 W00810,A
General Navigation,4342,(For this question use annex 061-12587A)Given: SHA VOR/DME (N5243.3 W00853.1) radial 025°/49 NM.What is the aircraft position?,N5330 W00830,N5328 W00820,N5155 W00915,N5200 W0925,A
General Navigation,4343,(For this question use annex 061-12588A)Given: SHA VOR/DME (N5243.3 W00853.1) radial 048°/22 NM.What is the aircraft position?,N5300 W0830,N5258 W00825,N5225 W00917,N5228 W00920,A
General Navigation,4344,(For this question use annex 061-12589A)Given:SHA VOR N5243.3 W00853.1CRK VOR N51,,,,,A
General Navigation,4345,A course of 120°(T) is drawn between 'X' (61°30'N) and 'Y' (58°30'N) on a Lambert Conformal conic chart with a scale of 1 : 1 000 000 at 60°N. The chart distance between 'X' and 'Y' is:,66.7 cm,,,,A
General Navigation,4346,Route 'A' (44°N 026°E) to 'B' (46°N 024°E) forms an angle of 35° with longitude 026°E. Average magnetic variation between 'A' and 'B' is 3°E.What is the average magnetic course from 'A' to 'B'?,322°,328°,032°,038°,A
General Navigation,4347,"Given:Direct Mercator chart with a scale of 1 : 200 000 at equator,Chart length from 'A' to 'B', in the vicinity of the equator, 11 cm.What is the approximate distance from 'A' to 'B'?",12 NM,21 NM,22 NM,14 NM,A
General Navigation,4348,(For this question use annex 061-12549A)What is the radial and DME distance from CRK VOR/DME (N51,,,,,A
General Navigation,4349,(For this question use annex 061-12550A)What is the radial and DME distance from CRK VOR/DME (N51,,,,,A
General Navigation,4350,(For this question use annex 061-12551A)What is the radial and DME distance from CRK VOR/DME (N51,,,,,A
General Navigation,4351,(For this question use annex 061-12552A)What is the radial and DME distance from CRK VOR/DME (N51,,,,,A
General Navigation,4352,(For this question use annex 061-12553A)What is the radial and DME distance from SHA VOR/DME (N5243.3 W00853.1) to position N5300 W00940?,309° - 33 NM,057° - 27 NM,293° - 33 NM,324° - 17 NM,A
General Navigation,4353,(For this question use annex 061-12554A)What is the radial and DME distance from SHA VOR/DME (N5243.3 W00853.1) to position N5310 W00830?,035° - 30 NM,070° - 58 NM,207° - 31 NM,019° - 31 NM,A
General Navigation,4354,(For this question use annex 061-12555A)What is the radial and DME distance from SHA VOR/DME (N5243.3 W00853.1) to position N5220 W00810?,139° - 35 NM,129° - 46 NM,132° - 36 NM,212° - 26 NM,A
General Navigation,4355,(For this question use annex 061-12556A)What is the radial and DME distance from SHA VOR/DME (N5243.3 W00853.1)to position N5210 W00920?,214° - 37 NM,354° - 34 NM,198° - 37 NM,346° - 34 NM,A
General Navigation,4356,(For this question use annex 061-12557A)What is the radial and DME distance from CON VOR/DME (N5354.8 W00849.1) to position N5430 W00900?,358° - 36 NM,214° - 26 NM,049° - 45 NM,169° - 35 NM,A
General Navigation,4357,(For this question use annex 061-12558A)What is the radial and DME distance from CON VOR/DME (N5354.8 W00849.1) to position N5400 W00800?,088° - 29 NM,320° - 8 NM,094° - 64 NM,260° - 30 NM,A
General Navigation,4358,(For this question use annex 061-12559A)What is the radial and DME distance from CON VOR/DME (N5354.8 W00849.1) to position N5340 W00820?,140° - 23 NM,119° - 42 NM,311° - 22 NM,240° - 24 NM,A
General Navigation,4359,Given the following:True track: 192°Magnetic variation: 7°EDrift angle: 5° leftWhat is the magnetic heading required to maintain the given track?,190°,194°,204°,180°,A
General Navigation,4360,Given the following:Magnetic heading: 060°Magnetic variation: 8°WDrift angle: 4° rightWhat is the true track?,056°,064°,048°,072°,A
General Navigation,4361,Given: True track 180°Drift 8°RCompass heading 195°Deviation -2°Calculate the variation?,21°W,25°W,5°W,9°W,A
General Navigation,4362,Given: True course 300°drift 8°Rvariation 10°Wdeviation -4° Calculate the compass heading?,306°,322°,294°,278°,A
General Navigation,4363,Given:true track 352°variation 11° Wdeviation is -5°drift 10°R.Calculate the compass heading?,358°,346°,018°,025°,A
General Navigation,4364,Given:true track 070°variation 30°Wdeviation +1°drift 10°RCalculate the compass heading?,089°,091°,100°,101°,A
General Navigation,4365,"Given: True course from A to B = 090°,TAS = 460 kt, W/V = 360/100kt,Average variation = 10°E,Deviation = -2°.Calculate the compass heading and GS?",069° - 448 kt,068° - 460 kt,078° - 450 kt,070° - 453 kt,A
General Navigation,4366,Given: True course A to B = 250°Distance A to B = 315 NMTAS = 450 kt. W/V = 200°/60kt.ETD A = 0650 UTC.What is the ETA at B?,0736 UTC,0730 UTC,0810 UTC,0716 UTC,A
General Navigation,4367,Given: GS = 510 kt.Distance A to B = 43 NMWhat is the time (MIN) from A to B?,5,4,6,7,A
General Navigation,4368,Given: GS = 122 kt.Distance from A to B = 985 NM.What is the time from A to B?,8 HR 04 MIN,7 HR 48 MIN,7 HR 49 MIN,8 HR 10 MIN,A
General Navigation,4369,Given: GS = 236 kt.Distance from A to B = 354 NMWhat is the time from A to B?,1 HR 30 MIN,1 HR 09 MIN,1 HR 10 MIN,1 HR 40 MIN,A
General Navigation,4370,Given: GS = 435 kt.Distance from A to B = 1920 NM.What is the time from A to B?,4 HR 25 MIN,3 HR 25 MIN,3 HR 26 MIN,4 HR 10 MIN,A
General Navigation,4371,Given: GS = 345 kt.Distance from A to B = 3560 NM.What is the time from A to B?,10 HR 19 MIN,10 HR 05 MIN,11 HR 00 MIN,11 HR 02 MIN,A
General Navigation,4372,Given: GS = 480 kt.Distance from A to B = 5360 NM.What is the time from A to B?,11 HR 10 MIN,11 HR 06 MIN,11 HR 07 MIN,11 HR 15 MIN,A
General Navigation,4373,Given: GS = 95 kt.Distance from A to B = 480 NM.What is the time from A to B?,5 HR 03 MIN,4 HR 59 MIN,5 HR 00 MIN,5 HR 08 MIN,A
General Navigation,4374,Given: GS = 105 kt.Distance from A to B = 103 NM.What is the time from A to B?,00 HR 59 MIN,00 HR 57 MIN,00 HR 58 MIN,01 HR 01 MIN,A
General Navigation,4375,Given: GS = 120 kt.Distance from A to B = 84 NM.What is the time from A to B?,00 HR 42 MIN,00 HR 43 MIN,00 HR 44 MIN,00 HR 45 MIN,A
General Navigation,4376,Given: GS = 135 kt.Distance from A to B = 433 NM.What is the time from A to B?,3 HR 12 MIN,3 HR 25 MIN,3 HR 19 MIN,3 HR 20 MIN,A
General Navigation,4377,The ICAO definition of ETA is the:,estimated time of arrival at destination,actual time of arrival at a point or fix,estimated time of arrival at an en-route point or fix,estimated time en route,A
General Navigation,4378,"Given:Required course 045°(M),Variation is 15°E,W/V is 190°(T)/30 kt,CAS is 120 kt at FL 55 in standard atmosphere.What are the heading (°M) and GS?",055° and 147 kt,036° and 151 kt,052° and 154 kt,056° and 137 kt,A
General Navigation,4379,"Given:Course 040°(T),TAS is 120 kt,Wind speed 30 kt.Maximum drift angle will be obtained for a wind direction of:",130°,145°,115°,120°,A
General Navigation,4380,How many NM would an aircraft travel in 1 MIN 45 SEC if GS is 135 kt?,3.94,2.36,3.25,39.0,A
General Navigation,4381,"Fuel flow per HR is 22 US-GAL, total fuel on board is 83 IMP GAL.What is the endurance?",4 HR 32 MIN,3 HR 12 MIN,3 HR 53 MIN,2 HR 15 MIN,A
General Navigation,4382,What is the ratio between the litre and the US-GAL ?,1 US-GAL equals 3.78 litres,1 litre equals 3.78 US-GAL,1 US-GAL equals 4.55 litres,1 litre equals 4.55 US-GAL,A
General Navigation,4383,265 US-GAL equals? (Specific gravity 0.80),803 kg,862 kg,895 kg,940 kg,A
General Navigation,4384,730 FT/MIN equals:,3.7 m/sec,5.2 m/sec,1.6 m/sec,2.2 m/sec,A
General Navigation,4385,How long will it take to fly 5 NM at a groundspeed of 269 Kt ?,1 MIN 07 SEC,1 MIN 55 SEC,2 MIN 30 SEC,0 MIN 34 SEC,A
General Navigation,4386,An aircraft travels 2.4 statute miles in 47 seconds. What is its groundspeed?,160 kt,183 kt,209 kt,131 kt,A
General Navigation,4387,"An aircraft travels 100 statute miles in 20 MIN, how long does it take to travel 215 NM?",50 MIN,100 MIN,90 MIN,80 MIN,A
General Navigation,4388,The equivalent of 70 m/sec is approximately:,136 kt,145 kt,210 kt,35 kt,A
General Navigation,4389,"Given:IAS 120 kt,FL 80,OAT +20°C. What is the TAS?",141 kt,102 kt,120 kt,132 kt,A
General Navigation,4390,An aircraft is following a true track of 048° at a constant TAS of 210 kt. The wind velocity is 350° / 30 kt. The GS and drift angle are:,"192 kt, 7° right","200 kt, 3.5° right","192 kt, 7° left","225 kt, 7° left",A
General Navigation,4391,For a given track the:Wind component = +45 ktDrift angle = 15° leftTAS = 240 ktWhat is the wind component on the reverse track?,-65 kt,-55 kt,-45 kt,-35 kt,A
General Navigation,4392,Given:Magnetic heading = 255°VAR = 40°WGS = 375 ktW/V = 235°(T) / 120 ktCalculate the drift angle?,7° left,7° right,9° left,16° right,A
General Navigation,4393,Given:True Heading = 180° TAS = 500 ktW/V 225° / 100 ktCalculate the GS?,435 kt,600 kt,535 kt,450 kt,A
General Navigation,4394,Given:True heading = 310° TAS = 200 ktGS = 176 ktDrift angle 7° right.Calculate the W/V?,270° / 33 kt,360° / 33 kt,090° / 33 kt,180° / 33 kt,A
General Navigation,4395,Given:True Heading = 090° TAS = 180 ktGS = 180 ktDrift 5° rightCalculate the W/ V?,360° / 15 kt,190° / 15 kt,010° / 15 kt,180° / 15 kt,A
General Navigation,4396,Given:True Heading = 090°TAS = 200 ktW/V = 220° / 30 kt.Calculate the GS?,220 kt,230 kt,180 kt,200 kt,A
General Navigation,4397,"Given: M 0.80, OAT -50°C, FL 330, GS 490 kt, VAR 20°W, Magnetic heading 140°, Drift is 11° Right. Calculate the true W/V?",020°/95 kt,025°/47 kt,200°/95 kt,025°/45 kt,A
General Navigation,4398,"Given: Compass Heading 090°, Deviation 2°W, Variation 12°E, TAS 160 kt.Whilst maintaining a radial 070° from a VOR station, the aircraft flies a ground distance of 14 NM in 6 MIN. What is the W/V °(T)?",160°/50 kt,340°/25 kt,340°/98 kt,155°/25 kt,A
General Navigation,4399,An aeroplane is flying at TAS 180 kt on a track of 090°. The W/V is 045° / 50kt.How far can the aeroplane fly out from its base and return in one hour?,85 NM,88 NM,56 NM,176 NM,A
General Navigation,4400,"The following information is displayed on an Inertial Navigation System:GS 520 kt,True HDG 090°,Drift angle 5° right,TAS 480 kt.SAT (static air temperature) -51°C.The W/V being experienced is:",320° / 60 kt,225° / 60 kt,220° / 60 kt,325° / 60 kt,A
General Navigation,4401,The reported surface wind from the Control Tower is 240°/35 kt. Runway 30 (300°). What is the cross-wind component?,30 kt,24 kt,27 kt,21 kt,A
General Navigation,4402,"Given:TAS = 132 kt,True HDG = 257°W/V = 095°(T)/35kt.Calculate the drift angle and GS?",4°R - 165 kt,2°R - 166 kt,4°L - 167 kt,3°L - 166 kt,A
General Navigation,4403,"Given:TAS = 270 kt,True HDG = 270°,Actual wind 205°(T)/30kt,Calculate the drift angle and GS?",6R - 259kt,6L - 256kt,6R - 251kt,8R - 259kt,A
General Navigation,4404,"Given:TAS = 270 kt,True HDG = 145°,Actual wind = 205°(T)/30kt.Calculate the drift angle and GS?",6°L - 256 kt,6°R - 251 kt,8°R - 261 kt,6°R - 259 kt,A
General Navigation,4405,"Given:TAS = 470 kt,True HDG = 317°W/V = 045°(T)/45ktCalculate the drift angle and GS?",5°L - 470 kt,3°R - 470 kt,5°L - 475 kt,5°R - 475 kt,A
General Navigation,4406,"Given:TAS = 140 kt,True HDG = 302°,W/V = 045°(T)/45ktCalculate the drift angle and GS?",16°L - 156 kt,9°R - 143 kt,9°L - 146 kt,18°R - 146 kt,A
General Navigation,4407,"Given:TAS = 290 kt,True HDG = 171°,W/V = 310°(T)/30ktCalculate the drift angle and GS?",4°L - 314 kt,4°R - 310 kt,4°R - 314 kt,4°L - 310 kt,A
General Navigation,4408,"Given:TAS = 485 kt,True HDG = 226°,W/V = 110°(T)/95kt.Calculate the drift angle and GS?",9°R - 533 kt,7°R - 531 kt,9°R - 433 kt,8°L - 435 kt,A
General Navigation,4409,"Given:TAS = 235 kt,HDG (T) = 076°W/V = 040/40kt.Calculate the drift angle and GS?",7R - 204 kt,7L - 269 kt,5L - 255 kt,5R - 207 kt,A
General Navigation,4410,"Given: TAS = 440 kt,HDG (T) = 349°W/V = 040/40kt.Calculate the drift and GS?",4L - 415 kt,2L - 420 kt,6L - 395 kt,5L - 385 kt,A
General Navigation,4411,"Given: TAS = 465 kt,HDG (T) = 124°,W/V = 170/80kt.Calculate the drift and GS?",8L - 415 kt,3L - 415 kt,4L - 400 kt,6L - 400 kt,A
General Navigation,4412,"Given: TAS = 95 kt,HDG (T) = 075°,W/V = 310/20kt.Calculate the drift and GS?",9R - 108 kt,10L - 104 kt,9L - 105 kt,8R - 104 kt,A
General Navigation,4413,"Given: TAS = 140 kt,HDG (T) = 005°,W/V = 265/25kt.Calculate the drift and GS?",10R - 146 kt,9R - 140 kt,11R - 142 kt,11R - 140 kt,A
General Navigation,4414,"Given: TAS = 190 kt,HDG (T) = 355°,W/V = 165/25kt.Calculate the drift and GS?",1L - 215 kt,1L - 225 kt,1R - 175 kt,1R - 165 kt,A
General Navigation,4415,"Given: TAS = 230 kt,HDG (T) = 250°,W/V = 205/10kt.Calculate the drift and GS?",2R - 223 kt,2L - 224 kt,1L - 225 kt,1R - 221 kt,A
General Navigation,4416,"Given: TAS = 205 kt,HDG (T) = 180°,W/V = 240/25kt.Calculate the drift and GS?",6L - 194 kt,7L - 192 kt,3L - 190 kt,4L - 195 kt,A
General Navigation,4417,"Given: TAS = 250 kt,HDG (T) = 029°,W/V = 035/45kt.Calculate the drift and GS?",1L - 205 kt,1R - 205 kt,1L - 265 kt,1R - 295 kt,A
General Navigation,4418,"Given: TAS = 132 kt,HDG (T) = 053°,W/V = 205/15kt.Calculate the Track (°T) and GS?",050 - 145 kt,057 - 144 kt,052 - 143 kt,051 - 144 kt,A
General Navigation,4419,For a landing on runway 23 (227° magnetic) surface W/V reported by the ATIS is 180/30kt. VAR is 13°E. Calculate the cross wind component?,22 kt,26 kt,15 kt,20 kt,A
General Navigation,4420,Given:Maximum allowable tailwind component for landing 10 kt. Planned runway 05 (047° magnetic). The direction of the surface wind reported by ATIS 210°. Variation is 17°E. Calculate the maximum allowable windspeed that can be accepted without exceeding the tailwind limit?,11 kt,18 kt,8 kt,15 kt,A
General Navigation,4421,"Given: Maximum allowable crosswind component is 20 kt. Runway 06, RWY QDM 063°(M). Wind direction 100°(M)Calculate the maximum allowable windspeed?",33 kt,31 kt,26 kt,25 kt,A
General Navigation,4422,"Given:TAS = 472 kt,True HDG = 005°,W/V = 110°(T)/50kt.Calculate the drift angle and GS?",6°L - 487 kt,7°R - 491 kt,7°L - 491 kt,7°R - 487 kt,A
General Navigation,4423,"Given:TAS = 190 kt,True HDG = 085°,W/V = 110°(T)/50kt.Calculate the drift angle and GS?",8°L - 146 kt,7°L - 156 kt,4°L - 168 kt,4°L - 145 kt,A
General Navigation,4424,"Given: TAS = 220 kt,Magnetic course = 212 º, W/V 160 º(M)/ 50kt,Calculate the GS?",186 kt,290 kt,246 kt,250 kt,A
General Navigation,4425,"Given: Magnetic track = 315 º, HDG = 301 º(M),VAR = 5ºW,TAS = 225 kt, The aircraft flies 50 NM in 12 MIN.Calculate the W/V(°T)?",190 º/63 kt,355 º/15 kt,195 º/61 kt,195 º/63 kt,A
General Navigation,4426,"Given:TAS = 370 kt,True HDG = 181°,W/V = 095°(T)/35kt.Calculate the true track and GS?",186 - 370 kt,176 - 370 kt,192 - 370 kt,189 - 370 kt,A
General Navigation,4427,"Given:TAS = 375 kt,True HDG = 124°,W/V = 130°(T)/55kt.Calculate the true track and GS?",123 - 320 kt,125 - 322 kt,126 - 320 kt,125 - 318 kt,A
General Navigation,4428,"Given:TAS = 125 kt,True HDG = 355°,W/V = 320°(T)/30kt.Calculate the true track and GS?",005 - 102 kt,345 - 100 kt,348 - 102 kt,002 - 98 kt,A
General Navigation,4429,"Given: TAS = 198 kt,HDG (°T) = 180,W/V = 359/25.Calculate the Track(°T) and GS?",180 - 223 kt,179 - 220 kt,181 - 180 kt,180 - 183 kt,A
General Navigation,4430,"Given: TAS = 135 kt,HDG (°T) = 278,W/V = 140/20ktCalculate the Track (°T) and GS?",283 - 150 kt,279 - 152 kt,282 - 148 kt,275 - 150 kt,A
General Navigation,4431,"Given: TAS = 225 kt,HDG (°T) = 123°,W/V = 090/60kt.Calculate the Track (°T) and GS?",134 - 178 kt,134 - 188 kt,120 - 190 kt,128 - 180 kt,A
General Navigation,4432,"Given: TAS = 480 kt,HDG (°T) = 040°,W/V = 090/60kt.Calculate the Track (°T) and GS?",034 - 445 kt,028 - 415 kt,032 - 425 kt,036 - 435 kt,A
General Navigation,4433,"Given: TAS = 155 kt,HDG (T) = 216°,W/V = 090/60kt.Caslculate the Track (°T) and GS?",231 - 196 kt,224 - 175 kt,222 - 181 kt,226 - 186 kt,A
General Navigation,4434,"Given: TAS = 170 kt,HDG(T) = 100°,W/V = 350/30kt.Calculate the Track (°T) and GS?",109 - 182 kt,091 - 183 kt,103 - 178 kt,098 - 178 kt,A
General Navigation,4435,"Given: TAS = 90 kt,HDG (T) = 355°,W/V = 120/20kt.Calculate the Track (°T) and GS?",346 - 102 kt,006 - 95 kt,358 - 101 kt,359 - 102 kt,A
General Navigation,4436,"Given: TAS = 485 kt,HDG (T) = 168°,W/V = 130/75kt.Calculate the Track (°T) and GS?",174 - 428 kt,173 - 424 kt,175 - 420 kt,175 - 432 kt,A
General Navigation,4437,"Given: TAS = 155 kt,Track (T) = 305°,W/V = 160/18kt.Calculate the HDG (°T) and GS?",301 - 169 kt,305 - 169 kt,309 - 170 kt,309 - 141 kt,A
General Navigation,4438,"Given: TAS = 130 kt,Track (T) = 003°,W/V = 190/40kt.Calculate the HDG (°T) and GS?",001 - 170 kt,002 - 173 kt,359 - 166 kt,357 - 168 kt,A
General Navigation,4439,"Given: TAS = 227 kt,Track (T) = 316°, W/V = 205/15kt.Calculate the HDG (°T) and GS?",312 - 232 kt,311 - 230 kt,313 - 235 kt,310 - 233 kt,A
General Navigation,4440,"Given: TAS = 465 kt,Track (T) = 007°,W/V = 300/80kt.Calculate the HDG (°T) and GS?",358 - 428 kt,001 - 432 kt,000 - 430 kt,357 - 430 kt,A
General Navigation,4441,"Given: TAS = 200 kt,Track (T) = 073°,W/V = 210/20kt.Calculate the HDG (°T) and GS?",077 - 214 kt,079 - 211 kt,075 - 213 kt,077 - 210 kt,A
General Navigation,4442,"Given: TAS = 200 kt,Track (T) = 110°,W/V = 015/40kt.Calculate the HDG (°T) and GS?",099 - 199 kt,121 - 207 kt,121 - 199 kt,097 - 201 kt,A
General Navigation,4443,"Given: TAS = 270 kt,Track (T) = 260°,W/V = 275/30kt.Calculate the HDG (°T) and GS?",262 - 241 kt,262 - 237 kt,264 - 241 kt,264 - 237 kt,A
General Navigation,4444,"Given: True HDG = 307°,TAS = 230 kt,Track (T) = 313°,GS = 210 kt.Calculate the W/V?",260/30kt,257/35kt,255/25kt,265/30kt,A
General Navigation,4445,"Given:True HDG = 233°,TAS = 480 kt,Track (T) = 240°,GS = 523 kt.Calculate the W/V?",110/75kt,115/70kt,110/80kt,105/75kt,A
General Navigation,4446,"Given: True HDG = 133°,TAS = 225 kt,Track (T) = 144°,GS = 206 kt.Calculate the W/V?",075/45kt,070/40kt,070/45kt,075/50kt,A
General Navigation,4447,"Given: True HDG = 074°,TAS = 230 kt,Track (T) = 066°,GS = 242 kt.Calculate the W/V?",180/35kt,180/30kt,185/35kt,180/40kt,A
General Navigation,4448,"Given: True HDG = 206°,TAS = 140 kt,Track (T) = 207°,GS = 135 kt.Calculate the W/V?",180/05kt,000/05kt,000/10kt,180/10kt,A
General Navigation,4449,"Given:True HDG = 054°,TAS = 450 kt,Track (T) = 059°,GS = 416 kt.Calculate the W/V?",010/50kt,005/50kt,010/55kt,010/45kt,A
General Navigation,4450,"Given: True HDG = 145°,TAS = 240 kt,Track (T) = 150°,GS = 210 kt.Calculate the W/V?",115/35kt,360/35kt,180/35kt,295/35kt,A
General Navigation,4451,"Given:True HDG = 002°,TAS = 130 kt,Track (T) = 353°,GS = 132 kt.Calculate the W/V?",095/20kt,090/15kt,090/20kt,095/25kt,A
General Navigation,4452,"Given: True HDG = 035°,TAS = 245 kt,Track (T) = 046°,GS = 220 kt.Calculate the W/V?",340/50kt,335/45kt,335/55kt,340/45kt,A
General Navigation,4453,"Given: course required = 085° (T),Forecast W/V 030/100kt,TAS = 470 kt,Distance = 265 NM.Calculate the true HDG and flight time?","075°, 39 MIN","076°, 34 MIN","096°, 29 MIN","095°, 31 MIN",A
General Navigation,4454,"Given:Runway direction 083°(M),Surface W/V 035/35kt.Calculate the effective headwind component?",24 kt,27 kt,31 kt,34 kt,A
General Navigation,4455,"Given:For take-off an aircraft requires a headwind component of at least 10 kt and has a cross-wind limitation of 35 kt. The angle between the wind direction and the runway is 60°, Calculate the minimum and maximum allowable wind speeds?",20 kt and 40 kt,12 kt and 38 kt,15 kt and 43 kt,18 kt and 50 kt,A
General Navigation,4456,"Given: Runway direction 230°(T), Surface W/V 280°(T)/40 kt. Calculate the effective cross-wind component?",31 kt,36 kt,21 kt,26 kt,A
General Navigation,4457,"Given:Runway direction 210°(M),Surface W/V 230°(M)/30kt. Calculate the cross- wind component?",10 kt,19 kt,16 kt,13 kt,A
General Navigation,4458,"Given:Runway direction 305°(M),Surface W/V 260°(M)/30 kt. Calculate the cross- wind component?",21 kt,24 kt,27 kt,18 kt,A
General Navigation,4459,"Given:Magnetic track = 075°,HDG = 066°(M),VAR = 11°E,TAS = 275 ktAircraft flies 48 NM in 10 MIN.Calculate the true W/V °?",340°/45 kt,320°/50 kt,210°/15 kt,180°/45 kt,A
General Navigation,4460,"Given: Magnetic track = 210°,Magnetic HDG = 215°,VAR = 15°E,TAS = 360 kt,Aircraft flies 64 NM in 12 MIN.Calculate the true W/V?",265°/50 kt,195°/50 kt,235°/50 kt,300°/30 kt,A
General Navigation,4461,"Given:An aircraft is on final approach to runway 32R (322°),The wind velocity reported by the tower is 350°/20 kt.,TAS on approach is 95 kt. In order to maintain the centre line, the aircraft's heading (°M) should be :",328°,322°,316°,326°,A
General Navigation,4462,"Given:FL120, OAT is ISA standard, CAS is 200 kt,Track is 222°(M),Heading is 215° (M),Variation is 15°W.Time to fly 105 NM is 21 MIN.What is the W/V?",050°(T) / 70 kt.,040°(T) / 105 kt.,055°(T) / 105 kt .,065°(T) / 70 kt.,A
General Navigation,4463,"A useful method of a pilot resolving, during a visual flight, any uncertainty in the aircraft's position is to maintain visual contact with the ground and:","set heading towards a line feature such as a coastline, motorway, river or railway",fly the reverse of the heading being flown prior to becoming uncertain until a pinpoint is obtained,fly expanding circles until a pinpoint is obtained,fly reverse headings and associated timings until the point of departure is regained,A
General Navigation,4464,"An aircraft is maintaining a 5.2% gradient is at 7 NM from the runway, on a flat terrain, its height is approximately:",2210 FT,680 FT,1890 FT,3640 FT,A
General Navigation,4465,"Given:FL 350,Mach 0.80,OAT -55°C. Calculate the values for TAS and local speed of sound (LSS)?","461 kt , LSS 576 kt","237 kt, LSS 296 kt","490 kt, LSS 461 kt","461 kt , LSS 296 kt",A
General Navigation,4466,"Given: Pressure Altitude 29000 FT, OAT -55°C. Calculate the Density Altitude?",27500 FT,31000 FT,33500 FT,26000 FT,A
General Navigation,4467,"Given:TAS = 485 kt,OAT = ISA +10°C,FL 410.Calculate the Mach Number?",0.825,0.90,0.85,0.87,A
General Navigation,4468,What is the ISA temperature value at FL 330?,-50°C,-56°C,-66°C,-81°C,A
General Navigation,4469,"Given: TAS 487kt, FL 330, Temperature ISA + 15. Calculate the MACH Number?",0.81,0.84,0.76,0.78,A
General Navigation,4470,"Given: FL250, OAT -15 ºC, TAS 250 kt.Calculate the Mach No.?",0.40,0.42,0.44,0.39,A
General Navigation,4471,Given:Airport elevation is 1000 ft. QNH is 988 hPa.What is the approximate airport pressure altitude?(Assume 1 hPa = 27 FT),1680 FT,320 FT,680 FT,- 320 FT,A
General Navigation,4472,"Given :True altitude 9000 FT,OAT -32°C,CAS 200 kt.What is the TAS?",220 kt,215 kt,200 kt,210 kt,A
General Navigation,4473,Given:Aircraft at FL 150 overhead an airportElevation of airport 720 FT.QNH is 1003 hPa.OAT at FL150 -5°C.What is the true altitude of the aircraft?(Assume 1 hPa = 27 FT),15 280 FT,15 840 FT,14 160 FT,14 720 FT,A
General Navigation,4474,"An aircraft takes off from the aerodrome of BRIOUDE (altitude 1 483 FT, QFE = 963 hPa, temperature = 32°C).Five minutes later, passing 5 000 FT on QFE, the second altimeter set on 1 013 hPa will indicate approximately :",6 400 FT,6 800 FT,6 000 FT,4 000 FT,A
General Navigation,4475,"(For this question use annex 061-1818A)Assume a North polar stereographic chart whose grid is aligned with the Greenwich meridian.An aircraft flies from the geographic North pole for a distance of 480 NM along the 110°E meridian, then follows a grid track of 154° for a distance of 300 NM.Its position is now approximately:",80°00'N 080°E,78°45'N 087°E,79°15'N 074°E,70°15'N 080°E,A
General Navigation,4476,"Given:A polar stereographic chart whose grid is aligned with the zero meridian. Grid track 344°, Longitude 115°00'W,Calculate the true course?",229°,099°,279°,049°,A
General Navigation,4477,"(For this question use annex 061-1828A and the data for 1215 UTC)1215 UTC LAJES VORTAC (38°46'N 027°05'W) RMI reads 178°, range 135 NM.Calculate the aircraft position at 1215 UTC?",40°55'N 027°55'W,40°50'N 027°40'W,41°00'N 028°10'W,41°05'N 027°50'W,A
General Navigation,4478,"(For this question use annex 061-1829A and the data for 1300 UTC)1300 UTC DR position 37°30'N 021°30'W alter heading PORT SANTO NDB (33°03'N 016°23'W) TAS 450 kt,Forecast W/V 360°/30kt.Calculate the ETA at PORT SANTO NDB?",1348,1344,1341,1354,A
General Navigation,4479,"For a distance of 1860 NM between Q and R, a ground speed """"out"""" of 385 kt, a ground speed """"back"""" of 465 kt and an endurance of 8 HR (excluding reserves) the distance from Q to the point of safe return (PSR) is:",1685 NM,1532 NM,930 NM,1865 NM,A
General Navigation,4480,"Two points A and B are 1000 NM apart. TAS = 490 kt.On the flight between A and B the equivalent headwind is -20 kt.On the return leg between B and A, the equivalent headwind is +40 kt.What distance from A, along the route A to B, is the the Point of Equal Time (PET)?",530 NM,470 NM,455 NM,500 NM,A
General Navigation,4481,Given:AD = Air distance GD = Ground distanceTAS = True AirspeedGS = GroundspeedWhich of the following is the correct formula to calculate ground distance (GD) gone?,GD = (AD X GS)/TAS,GD = (AD - TAS)/TAS,GD = AD X (GS -TAS)/GS,GD = TAS/(GS X AD),A
General Navigation,4482,An aircraft was over 'A' at 1435 hours flying direct to 'B'.Given:Distance 'A' to 'B' 2900 NMTrue airspeed 470 ktMean wind component 'out' +55 ktMean wind component 'back' -75 ktThe ETA for reaching the Point of Equal Time (PET) between 'A' and 'B' is:,1657,1744,1846,1721,A
General Navigation,4483,An aircraft was over 'A' at 1435 hours flying direct to 'B'.Given:Distance 'A' to 'B' 2900 NMTrue airspeed 470 ktMean wind component 'out' +55 ktMean wind component 'back' -75 ktSafe endurance 9 HR 30 MIN The distance from 'A' to the Point of Safe Return (PSR) 'A' is:,2141 NM,1611 NM,1759 NM,2844 NM,A
General Navigation,4484,Given:Distance 'A' to 'B' 2484 NMGroundspeed 'out' 420 ktGroundspeed 'back' 500 ktThe time from 'A' to the Point of Equal Time (PET) between 'A' and 'B' is:,193 MIN,163 MIN,173 MIN,183 MIN,A
General Navigation,4485,Given:Distance 'A' to 'B' 2484 NMMean groundspeed 'out' 420 ktMean groundspeed 'back' 500 ktSafe endurance 08 HR 30 MIN The distance from 'A' to the Point of Safe Return (PSR) 'A' is:,1940 NM,1908 NM,1736 NM,1630 NM,A
General Navigation,4486,An aircraft was over 'Q' at 1320 hours flying direct to 'R'.Given:Distance 'Q' to 'R' 3016 NMTrue airspeed 480 ktMean wind component 'out' -90 ktMean wind component 'back' +75 ktThe ETA for reaching the Point of Equal Time (PET) between 'Q' and 'R' is:,1752,1756,1820,1742,A
General Navigation,4487,An aircraft was over 'Q' at 1320 hours flying direct to 'R'.Given:Distance 'Q' to 'R' 3016 NMTrue airspeed 480 ktMean wind component 'out' -90 ktMean wind component 'back' +75 ktSafe endurance 10:00 HR The distance from 'Q' to the Point of Safe Return (PSR) 'Q' is:,2290 NM,2370 NM,1310 NM,1510 NM,A
General Navigation,4488,Given:Distance 'A' to 'B' 1973 NMGroundspeed 'out' 430 ktGroundspeed 'back' 385 ktThe time from 'A' to the Point of Equal Time (PET) between 'A' and 'B' is:,130 MIN,145 MIN,162 MIN,181 MIN,A
General Navigation,4489,Given:Distance 'A' to 'B' 1973 NMGroundspeed 'out' 430 ktGroundspeed 'back' 385 ktSafe endurance 7 HR 20 MIN The distance from 'A' to the Point of Safe Return (PSR) 'A' is:,1490 NM,1664 NM,1698 NM,1422 NM,A
General Navigation,4490,Given:Distance 'A' to 'B' 2346 NMGroundspeed 'out' 365 ktGroundspeed 'back' 480 ktThe time from 'A' to the Point of Equal Time (PET) between 'A' and 'B' is:,219 MIN,290 MIN,197 MIN,167 MIN,A
General Navigation,4491,Given:Distance 'A' to 'B' 2346 NMGroundspeed 'out' 365 ktGroundspeed 'back' 480 ktSafe endurance 8 HR 30 MIN The time from 'A' to the Point of Safe Return (PSR) 'A' is:,290 MIN,219 MIN,197 MIN,209 MIN,A
General Navigation,4492,Given:Distance 'Q' to 'R' 1760 NMGroundspeed 'out' 435 ktGroundspeed 'back' 385 ktThe time from 'Q' to the Point of Equal Time (PET) between 'Q' and 'R' is:,114 MIN,110 MIN,106 MIN,102 MIN,A
General Navigation,4493,Given:Distance 'Q' to 'R' 1760 NMGroundspeed 'out' 435 ktGroundspeed 'back' 385 ktSafe endurance 9 HR The distance from 'Q' to the Point of Safe Return (PSR) between 'Q' and 'R' is:,1838 NM,1313 NM,1467 NM,1642 NM,A
General Navigation,4494,Given:Distance 'A' to 'B' 3623 NMGroundspeed 'out' 370 ktGroundspeed 'back' 300 ktThe time from 'A' to the Point of Equal Time (PET) between 'A' and 'B' is:,263 MIN,288 MIN,323 MIN,238 MIN,A
General Navigation,4495,"An aircraft takes-off from an airport 2 hours before sunset. The pilot flies a track of 090°(T), W/V 130°/ 20 kt, TAS 100 kt. In order to return to the point of departure before sunset, the furthest distance which may be travelled is:",97 NM,115 NM,105 NM,84 NM,A
General Navigation,4496,"From the departure point, the distance to the point of equal time is :",inversely proportional to the sum of ground speed out and ground speed back,proportional to the sum of ground speed out and ground speed back,inversely proportional to the total distance to go,inversely proportional to ground speed back,A
General Navigation,4497,"Given:Distance A to B is 360 NM. Wind component A - B is -15 kt,Wind component B - A is +15 kt,TAS is 180 kt.What is the distance from the equal-time-point to B?",165 NM,195 NM,180 NM,170 NM,A
General Navigation,4498,"A ground feature appears 30° to the left of the centre line of the CRT of an airborne weather radar. If the heading of the aircraft is 355° (M) and the magnetic variation is 15° East, the true bearing of the aircraft from the feature is:",160°,220°,310°,130°,A
General Navigation,4499,During a low level flight 2 parallel roads that are crossed at right angles by an aircraft. The time between these roads can be used to check the aircraft:,groundspeed,position,track,drift,A
General Navigation,4500,An island appears 30° to the left of the centre line on an airborne weather radar display. What is the true bearing of the aircraft from the island if at the time of observation the aircraft was on a magnetic heading of 276° with the magnetic variation 12°W?,054°,318°,234°,038°,A
General Navigation,4501,"A ground feature was observed on a relative bearing of 325° and five minutes later on a relative bearing of 280°. The aircraft heading was 165°(M), variation 25°W, drift 10°Right and GS 360 kt. When the relative bearing was 280°, the distance and true bearing of the aircraft from the feature was:",30 NM and 240°,40 NM and 110°,40 NM and 290°,30 NM and 060°,A
General Navigation,4502,An island is observed by weather radar to be 15° to the left. The aircraft heading is 120°(M) and the magnetic variation 17°W. What is the true bearing of the aircraft from the island?,268°,302°,088°,122°,A
General Navigation,4503,"A ground feature was observed on a relative bearing of 315° and 3 MIN later on a relative bearing of 270°. The W/V is calm, aircraft GS 180 kt.What is the minimum distance between the aircraft and the ground feature?",9 NM,12 NM,3 NM,6 NM,A
General Navigation,4504,"An island is observed to be 15° to the left.The aircraft heading is 120°(M), variation 17°(W).The bearing °(T) from the aircraft to the island is:",88,122,268,302,A
General Navigation,4505,An island appears 60° to the left of the centre line on an airborne weather radar display. What is the true bearing of the aircraft from the island if at the time of observation the aircraft was on a magnetic heading (MH) of 276° with the magnetic variation (VAR) 10°E?,046°,086°,226°,026°,A
General Navigation,4506,An island appears 45° to the right of the centre line on an airborne weather radar display. What is the true bearing of the aircraft from the island if at the time of observation the aircraft was on a magnetic heading (MH) of 215° with the magnetic variation (VAR) 21°W?,059°,101°,239°,329°,A
General Navigation,4507,An island appears 30° to the right of the centre line on an airborne weather radar display. What is the true bearing of the aircraft from the island if at the time of observation the aircraft was on a magnetic heading (MH) of 355° with the magnetic variation (VAR) 15°E?,220°,130°,160°,190°,A
General Navigation,4508,An island appears 30° to the left of the centre line on an airborne weather radar display. What is the true bearing of the aircraft from the island if at the time of observation the aircraft was on a magnetic heading (MH) of 020° with the magnetic variation (VAR) 25°W?,145°,195°,205°,325°,A
General Navigation,4509,An aircraft is descending down a 12% slope whilst maintaining a GS of 540 kt.The rate of descent of the aircraft is approximately:,6500 FT/MIN,650 FT/MIN,4500 FT/MIN,3900 FT/MIN,A
General Navigation,4510,"Assuming zero wind, what distance will be covered by an aircraft descending 15000 FT with a TAS of 320 kt and maintaining a rate of descent of 3000 FT/MIN?",26.7 NM,19.2 NM,38.4 NM,16.0 NM,A
General Navigation,4511,"An aircraft at FL370 is required to commence descent at 120 NM from a VOR and to cross the facility at FL130. If the mean GS for the descent is 288 kt, the minimum rate of descent required is:",960 FT/MIN,860 FT/MIN,890 FT/MIN,920 FT/MIN,A
General Navigation,4512,An aircraft at FL350 is required to descend to cross a DME facility at FL80. Maximum rate of descent is 1800 FT/MIN and mean GS for descent is 276 kt. The minimum range from the DME at which descent should start is:,69 NM,79 NM,49 NM,59 NM,A
General Navigation,4513,"An aircraft at FL350 is required to cross a VOR/DME facility at FL110 and to commence descent when 100 NM from the facility. If the mean GS for the descent is 335 kt, the minimum rate of descent required is:",1340 FT/MIN,1390 FT/MIN,1240 FT/MIN,1290 FT/MIN,A
General Navigation,4514,"An aircraft at FL390 is required to descend to cross a DME facility at FL70. Maximum rate of descent is 2500 FT/MIN, mean GS during descent is 248 kt. What is the minimum range from the DME at which descent should commence?",53 NM,58 NM,63 NM,68 NM,A
General Navigation,4515,"An aircraft at FL370 is required to commence descent when 100 NM from a DME facility and to cross the station at FL120. If the mean GS during the descent is 396 kt, the minimum rate of descent required is approximately:",1650 FT/MIN,2400 FT/MIN,1000 FT/MIN,1550 FT/MIN,A
General Navigation,4516,"At 0422 an aircraft at FL370, GS 320kt, is on the direct track to VOR 'X' 185 NM distant. The aircraft is required to cross VOR 'X' at FL80. For a mean rate of descent of 1800 FT/MIN at a mean GS of 232 kt, the latest time at which to commence descent is:",445,448,451,454,A
General Navigation,4517,An aircraft at FL330 is rerquired to commence descent when 65 NM from a VOR and to cross the VOR at FL100. The mean GS during the descent is 330 kt. What is the minimum rate of descent required?,1950 FT/MIN,1650 FT/MIN,1750 FT/MIN,1850 FT/MIN,A
General Navigation,4518,An aircraft at FL290 is required to commence descent when 50 NM from a VOR and to cross that VOR at FL80. Mean GS during descent is 271kt. What is the minimum rate of descent required?,1900 FT/MIN,2000 FT/MIN,1700 FT/MIN,1800 FT/MIN,A
General Navigation,4519,An aircraft at FL350 is required to commence descent when 85 NM from a VOR and to cross the VOR at FL80. The mean GS for the descent is 340 kt. What is the minimum rate of descent required?,1800 FT/MIN,1900 FT/MIN,1600 FT/MIN,1700 FT/MIN,A
General Navigation,4520,What is the effect on the Mach number and TAS in an aircraft that is climbing with constant CAS?,"Mach number increases, TAS increases","Mach number remains constant, TAS increases","Mach number decreases, TAS decreases","Mach number increases, TAS remains constant",A
General Navigation,4521,"Given:TAS = 197 kt, True course = 240°,W/V = 180/30kt. Descent is initiated at FL 220 and completed at FL 40. Distance to be covered during descent is 39 NM.What is the approximate rate of descent?",1400 FT/MIN,800 FT/MIN,950 FT/MIN,1500 FT/MIN,A
General Navigation,4522,"Given:ILS GP angle = 3.5 DEG,GS = 150 kt.What is the approximate rate of descent?",900 FT/MIN,1000 FT/MIN,700 FT/MIN,800 FT/MIN,A
General Navigation,4523,"Given:aircraft height 2500 FT,ILS GP angle 3°.At what approximate distance from THR can you expect to capture the GP?",8.3 NM,7.0 NM,13.1 NM,14.5 NM,A
General Navigation,4524,"A pilot receives the following signals from a VOR DME station: radial 180°+/- 1°, distance = 200 NM. What is the approximate error?",+/- 3.5 NM,+/- 1 NM,+/- 2 NM,+/- 7 NM,A
General Navigation,4525,"An aircraft at FL310, M0.83, temperature -30°C, is required to reduce speed in order to cross a reporting point five minutes later than planned. Assuming that a zero wind component remains unchanged, when 360 NM from the reporting point Mach Number should be reduced to:",M0.74,M0.76,M0.78,M0.80,A
General Navigation,4526,"An aircraft at FL120, IAS 200kt, OAT -5° and wind component +30kt, is required to reduce speed in order to cross a reporting point 5 MIN later than planned. Assuming flight conditions do not change, when 100 NM from the reporting point IAS should be reduced to:",159 kt,165 kt,169 kt,174 kt,A
General Navigation,4527,"An aircraft at FL370, M0.86, OAT -44°C, headwind component 110 kt, is required to reduce speed in order to cross a reporting point 5 MIN later than planned. If the speed reduction were to be made 420 NM from the reporting point, what Mach Number is required?",M0.81,M0.73,M0.75,M0.79,A
General Navigation,4528,"An aircraft at FL140, IAS 210 kt, OAT -5°C and wind component minus 35 kt, is required to reduce speed in order to cross a reporting point 5 MIN later than planned. Assuming that flight conditions do not change, when 150 NM from the reporting point the IAS should be reduced by:",20 kt,25 kt,30 kt,15 kt,A
General Navigation,4529,"An aircraft obtains a relative bearing of 315° from an NDB at 0830. At 0840 the relative bearing from the same position is 270°. Assuming no drift and a GS of 240 kt, what is the approximate range from the NDB at 0840?",40 NM,50 NM,60 NM,30 NM,A
General Navigation,4530,"The distance between positions A and B is 180 NM. An aircraft departs position A and after having travelled 60 NM, its position is pinpointed 4 NM left of the intended track. Assuming no change in wind velocity, what alteration of heading must be made in order to arrive at position B?",6° Right,8° Right,2° Left,4° Right,A
General Navigation,4531,"Given:Distance A to B = 120 NM,After 30 NM aircraft is 3 NM to the left of course.What heading alteration should be made in order to arrive at point 'B'?",8° right,6° right,4° right,8° left,A
General Navigation,4532,"An aircraft is planned to fly from position 'A' to position 'B',distance 480 NM at an average GS of 240 kt. It departs 'A' at 1000 UTC.After flying 150 NM along track from 'A', the aircraft is 2 MIN behind planned time.Using the actual GS experienced, what is the revised ETA at 'B'?",1206,1203,1153,1157,A
General Navigation,4533,"An aircraft is planned to fly from position 'A' to position 'B',distance 320 NM, at an average GS of 180 kt. It departs 'A' at 1200 UTC.After flying 70 NM along track from 'A', the aircraft is 3 MIN ahead of planned time.Using the actual GS experienced, what is the revised ETA at 'B'?",1333 UTC,1401 UTC,1347 UTC,1340 UTC,A
General Navigation,4534,"An aircraft is planned to fly from position 'A' to position 'B',distance 250 NM at an average GS of 115 kt. It departs 'A' at 0900 UTC.After flying 75 NM along track from 'A', the aircraft is 1.5 MIN behind planned time.Using the actual GS experienced, what is the revised ETA at 'B'?",1115 UTC,1110 UTC,1044 UTC,1050 UTC,A
General Navigation,4535,"Given: Distance 'A' to 'B' is 475 NM,Planned GS 315 kt,ATD 1000 UTC,1040 UTC - fix obtained 190 NM along track.What GS must be maintained from the fix in order to achieve planned ETA at 'B'?",340 kt,360 kt.,300 kt,320 kt.,A
General Navigation,4536,"Given: Distance 'A' to 'B' is 325 NM,Planned GS 315 kt,ATD 1130 UTC,1205 UTC - fix obtained 165 NM along track.What GS must be maintained from the fix in order to achieve planned ETA at 'B'?",355 kt,375 kt,395 kt,335 kt,A
General Navigation,4537,"Given: Distance 'A' to 'B' is 100 NM,Fix obtained 40 NM along and 6 NM to the left of course.What heading alteration must be made to reach 'B'?",15° Right,9° Right,6° Right,18° Right,A
General Navigation,4538,"Given: Distance 'A' to 'B' is 90 NM,Fix obtained 60 NM along and 4 NM to the right of course.What heading alteration must be made to reach 'B'?",12° Left,16° Left,4° Left,8° Left,A
General Navigation,4539,"Given :ETA to cross a meridian is 2100 UTCGS is 441 kt TAS is 491 kt At 2010 UTC, ATC requests a speed reduction to cross the meridian at 2105 UTC.The reduction to TAS will be approximately:",40 kt,90 kt,75 kt,60 kt,A
General Navigation,4540,"The distance between two waypoints is 200 NM,To calculate compass heading, the pilot used 2°E magnetic variation instead of 2°W.Assuming that the forecast W/V applied, what will the off track distance be at the second waypoint?",14 NM,7 NM,0 NM,21 NM,A
General Navigation,4541,"Given:Half way between two reporting points the navigation log gives the following information:TAS 360 kt, W/V 330°/80kt, Compass heading 237°, Deviation on this heading -5°, Variation 19°W.What is the average ground speed for this leg?",403 kt,354 kt,373 kt,360 kt,A
General Navigation,4542,"(For this question use annex 061-9437A) Complete line 1 of the 'FLIGHT NAVIGATION LOG', positions 'A' to 'B'.What is the HDG°(M) and ETA?",268° - 1114 UTC,282° - 1128 UTC,282° - 1114 UTC,268° - 1128 UTC,A
General Navigation,4543,"(For this question use annex 061-9438A)Complete line 2 of the 'FLIGHT NAVIGATION LOG', positions 'C' to 'D'.What is the HDG°(M) and ETA?",HDG 193° - ETA 1239 UTC,HDG 188° - ETA 1229 UTC,HDG 193° - ETA 1249 UTC,HDG 183° - ETA 1159 UTC,A
General Navigation,4544,"(For this question use annex 061-9439A)Complete line 3 of the 'FLIGHT NAVIGATION LOG', positions 'E' to 'F'.What is the HDG°(M) and ETA?",HDG 105° - ETA 1205 UTC,HDG 095° - ETA 1155 UTC,HDG 106° - ETA 1215 UTC,HDG 115° - ETA 1145 UTC,A
General Navigation,4545,"(For this question use annex 061-9440A)Complete line 4 of the 'FLIGHT NAVIGATION LOG', positions 'G' to 'H'.What is the HDG°(M) and ETA?",HDG 344° - ETA 1336 UTC,HDG 354° - ETA 1326 UTC,HDG 034° - ETA 1336 UTC,HDG 344° - ETA 1303 UTC,A
General Navigation,4546,"(For this question use annex 061-9441A)Complete line 5 of the 'FLIGHT NAVIGATION LOG', positions 'J' to 'K'.What is the HDG°(M) and ETA?",HDG 337° - ETA 1422 UTC,HDG 320° - ETA 1412 UTC,HDG 337° - ETA 1322 UTC,HDG 320° - ETA 1432 UTC,A
General Navigation,4547,"(For this question use annex 061-9442A)Complete line 6 of the 'FLIGHT NAVIGATION LOG', positions 'L' to 'M'.What is the HDG°(M) and ETA?",HDG 075° - ETA 1502 UTC,HDG 064° - ETA 1449 UTC,HDG 075° - ETA 1452 UTC,HDG 070° - ETA 1459 UTC,A
General Navigation,4548,"The flight log gives the following data :""""True track, Drift, True heading, Magnetic variation, Magnetic heading, Compass deviation, Compass heading""""The right solution, in the same order, is :","119°, 3°L, 122°, 2°E, 120°, +4°, 116°","115°, 5°R, 120°, 3°W, 123°, +2°, 121°","117°, 4°L, 121°, 1°E, 122°, -3°, 119°","125°, 2°R, 123°, 2°W, 121°, -4°, 117°",A
General Navigation,4549,"(For this question use appendix )Given:TAS is120 kt. ATA 'X' 1232 UTC,ETA 'Y' 1247 UTC,ATA 'Y' is 1250 UTC. What is ETA 'Z'?",1302 UTC,1257 UTC,1300 UTC,1303 UTC,A
General Navigation,4550,"The purpose of the Flight Management System (FMS), as for example installed in the B737-400, is to provide:",continuous automatic navigation guidance and performance management,manual navigation guidance and automatic performance management,continuous automatic navigation guidance as well as manual performance management,both manual navigation guidance and performance management,A
General Navigation,4551,Which component of the B737-400 Flight Management System (FMS) is used to enter flight plan routeing and performance parameters?,Multi-Function Control Display Unit,Flight Management Computer,Inertial Reference System,Flight Director System,A
General Navigation,4552,"What indication, if any, is given in the B737-400 Flight Management System if radio updating is not available?",A warning message is displayed on the EHSI and MFDU,A warning message is displayed on the IRS displays,A warning message is displayed on the Flight Director System,No indication is given so long as the IRS positions remain within limits,A
General Navigation,4553,What is the validity period of the 'permanent' data base of aeronautical information stored in the FMC In the B737-400 Flight Management System?,28 days,one calendar month,3 calendar months,14 days,A
General Navigation,4554,In the B737-400 Flight Management System the CDUs are used during preflight to:,manually initialize the IRSs and FMC with dispatch information,automatically initialize the IRSs and FMC with dispatch information,manually initialize the Flight Director System and FMC with dispatch information,"manually initialize the IRSs, FMC and Autothrottle with dispatch information",A
General Navigation,4555,How is the radio position determined by the FMC in the B737-400 Electronic Flight Instrument System?,DME/DME,DME/DME or VOR/DME,DME ranges and/ or VOR/ADF bearings,VOR/DME range and bearing,A
General Navigation,4556,In which of the following situations is the FMC present position of a B737-400 Electronic Flight Instrument System likely to be least accurate?,Just after take-off,At top of climb,At top of descent,On final approach,A
General Navigation,4557,"What are, in order of highest priority followed by lowest, the two levels of message produced by the CDU of the B737-400 Electronic Flight Instrument System?",Alerting and Advisory,Urgent and Routine,Priority and Alerting,Urgent and Advisory,A
General Navigation,4558,Which of the following can all be stored as five letter waypoint identifiers through the CDU of a B737-400 Electronic Flight Instrument System?,"Waypoint names, navaid identifiers, runway numbers, airport ICAO identifiers","Airway names, navaid identifiers, airport names, waypoint code numbers","Waypoint names, navaid frequencies, runway codes, airport ICAO identifiers","Waypoint names, navaid positions, airport ICAO identifiers, airport names",A
General Navigation,4559,Which of the following lists all the methods that can be used to enter 'Created Waypoints' into the CDU of a B737-400 Electronic Flight Instrument System?,"Identifier bearing/distance, place bearing/place bearing, along-track displacement, latitude and longitude","Identifier bearing/distance, place bearing/place distance, along/across-track displacement, latitude and longitude","Identifier bearing/distance, place bearing/place bearing, latitude and longitude, waypoint name","Identifier bearing/distance, place distance/place distance, along-track displacement, latitude and longitude",A
General Navigation,4560,Which FMC/CDU page normally appears on initial power application to the B737-400 Electronic Flight Instrument System?,IDENT,INITIAL,POS INIT,PERF INIT,A
General Navigation,4561,Which of the following lists the first three pages of the FMC/CDU normally used to enter data on initial start-up of the B737-400 Electronic Flight Instrument System?,IDENT - POS INIT - RTE,POS INIT - RTE - IDENT,IDENT - RTE - DEPARTURE,POS INIT - RTE - DEPARTURE,A
General Navigation,4562,"With reference to inertial navigation systems, a TAS input is:",required to provide a W/V read out,not required,required for Polar navigation,required for rhumb line navigation,A
General Navigation,4563,The platform of an inertial navigation system (INS) is maintained at right angles to the local vertical by applying corrections for the effects of:,"aircraft manoeuvres, earth rotation, transport wander and coriolis","gyroscopic inertia, earth rotation and real drift","vertical velocities, earth precession, centrifugal forces and transport drift","movement in the yawing plane, secondary precession and pendulous oscillation",A
General Navigation,4564,"Some inertial reference and navigation systems are known as """"strapdown"""". This means that:",the gyroscopes and accelerometers become part of the unit's fixture to the aircraft structure,"only the gyros, and not the accelerometers, become part of the unit's fixture to the aircraft structure",gyros and accelerometers are mounted on a stabilised platform in the aircraft,gyros and accelerometers need satellite information input to obtain a vertical reference,A
General Navigation,4565,"In order to maintain an accurate vertical using a pendulous system, an aircraft inertial platform incorporates a device:",with damping and a period of 84.4 MIN,without damping and a period of 84.4 MIN,without damping and a period of 84.4 SEC,with damping and a period of 84.4 SEC,A
General Navigation,4566,The term drift refers to the wander of the axis of a gyro in:,the horizontal plane,the vertical plane,the vertical and horizontal plane,any plane,A
General Navigation,4567,The resultant of the first integration from the north/south accelerometer of an inertial navigation system (INS) in the NAV MODE is:,velocity along the local meridian,groundspeed,change latitude,latitude,A
General Navigation,4568,Double integration of the output from the east/west accelerometer of an inertial navigation system (INS) in the NAV MODE give:,distance east/west,vehicle longitude,distance north/south,velocity east/west,A
General Navigation,4569,"In an Inertial Navigation System (INS), Ground Speed (GS) is calculated:",by integrating measured acceleration,from TAS and W/V from Air Data Computer (ADC),from TAS and W/V from RNAV data,by integrating gyro precession in N/S and E/W directions respectively,A
General Navigation,4570,"One of the errors inherent in a ring laser gyroscope occurs at low input rotation rates tending towards zero when a phenomenon known as 'lock-in' is experienced. What is the name of the technique, effected by means of a piezo-electric motor, that is used to correct this error?",dither,cavity rotation,zero drop,beam lock,A
General Navigation,4571,The resultant of the first integration of the output from the east/west accelerometer of an inertial navigation system (INS) in NAV MODE is:,velocity along the local parallel of latitude,change of longitude,vehicle longitude,departure,A
General Navigation,4572,"Which of the following lists, which compares an Inertial Reference System that utilises Ring Laser Gyroscopes (RLG) instead of conventional gyroscopes, is completely correct?",There is little or no 'spin up' time and it is insensitive to gravitational ('g') forces,The platform is kept stable relative to the earth mathematically rather than mechanically but it has a longer 'spin up' time,It does not suffer from 'lock in' error and it is insensitive to gravitational ('g') forces,There is little or no 'spin up' time and it does not suffer from 'lock in' error,A
General Navigation,4573,The principle of 'Schuler Tuning' as applied to the operation of Inertial Navigation Systems/ Inertial Reference Systems is applicable to:,both gyro-stabilised platform and 'strapdown' systems,only gyro-stabilised systems,both gyro-stabilised and laser gyro systems but only when operating in the non 'strapdown' mode,only to 'strapdown' laser gyro systems,A
General Navigation,4574,What additional information is required to be input to an Inertial Navigation System (INS) in order to obtain an W/V readout?,TAS,IAS,Altitude and OAT,Mach Number,A
General Navigation,4575,What is the name given to an Inertial Reference System (IRS) which has the gyros and accelerometers as part of the unit's fixture to the aircraft structure?,Strapdown,Rigid,Solid state,Ring laser,A
General Navigation,4576,During initial alignment an inertial navigation system is north aligned by inputs from:,horizontal accelerometers and the east gyro,the aircraft remote reading compass system,computer matching of measured gravity magnitude to gravity magnitude of initial alignment,vertical accelerometers and the north gyro,A
General Navigation,4577,During the initial alignment of an inertial navigation system (INS) the equipment:,will not accept a 10° error in initial latitude but will accept a 10° error in initial longitude,will accept a 10° error in initial latitude but will not accept a 10° error in initial longitude,will not accept a 10° error in initial latitude or initial longitude,will accept a 10° error in initial latitude and initial longitude,A
General Navigation,4578,Which of the following statement is correct concerning gyro-compassing of an inertial navigation system (INS)?,Gyro-compassing of an INS is not possible in flight because it cannot differentiate between movement induced and misalignment induced accelerations.,Gyro-compassing of an INS is possible in flight because it can differentiate between movement induced and misalignment induced accelerations.,Gyro-compassing of an INS is possible in flight because it cannot differentiate between movement induced and misalignment induced accelerations.,Gyro-compassing of an INS is not possible in flight because it can differentiate between movement induced and misalignment induced accelerations.,A
General Navigation,4579,Which of the following statements concerning the loss of alignment by an Inertial Reference System (IRS) in flight is correct?,"The navigation mode, including present position and ground speed outputs, is inoperative for the remainder of the flight",The IRS has to be coupled to the remaining serviceable system and a realignment carried out in flight,The mode selector has to be rotated to ATT then back through ALIGN to NAV in order to obtain an in-flight realignment,It is not usable in any mode and must be shut down for the rest of the flight,A
General Navigation,4580,"The alignment time, at mid-latitudes, for an Inertial Reference System using laser ring gyros is approximately:",10 MIN,20 MIN,2 MIN,5 MIN,A
General Navigation,4581,Which of the following statements concerning the alignment procedure for Inertial Navigation Systems(INS)/Inertial Reference Systems (IRS) at mid-latitudes is correct?,INS/IRS can be aligned in either the ALIGN or NAV mode,INS/IRS can only be aligned in the ALIGN mode,INS/IRS can be aligned in either the ALIGN or ATT mode,INS/IRS can only be aligned in NAV mode,A
General Navigation,4582,"A pilot accidently turning OFF the INS in flight, and then turns it back ON a few moments later. Following this incident:",it can only be used for attitude reference,no useful information can be obtained from the INS,everything returns to normal and is usable,the INS is usable in NAV MODE after a position update,A
General Navigation,4583,"The azimuth gyro of an inertial unit has a drift of 0.01°/HR.After a flight of 12 HR with a ground speed of 500 kt, the error on the aeroplane position is approximately :",12 NM,1 NM,6 NM,60 NM,A
General Navigation,4584,"The drift of the azimuth gyro on an inertial unit induces an error in the position given by this unit. """"t"""" being the elapsed time.The total error is:",proportional to t,"proportional to the square of time, t²",proportional to t/2,sinusoîdal,A
General Navigation,4585,"With reference to an inertial navigation system (INS), the initial great circle track between computer inserted waypoints will be displayed when the control display unit (CDU) is selected to:",DSRTK/STS,HDG/DA,TK/GS,XTK/TKE,A
General Navigation,4586,Gyrocompassing of an inertial reference system (IRS) is accomplished with the mode selector switched to:,ALIGN,STBY,ATT/REF,ON,A
General Navigation,4587,Which of the following correctly lists the order of available selections of the Mode Selector switches of an inertial reference system (IRS) mode panel?,OFF - ALIGN - NAV - ATT,OFF - ON - ALIGN - NAV,OFF - STBY - ALIGN - NAV,OFF - ALIGN - ATT - NAV,A
General Navigation,4588,ATT Mode of the Inertial Reference System (IRS) is a back-up mode providing:,only attitude and heading information,only attitude information,navigation information,"altitude, heading and position information",A
General Navigation,4589,Which of the following statements concerning the operation of an Inertial Navigation System (INS)/Inertial Reference System (IRS) is correct?,NAV mode must be selected prior to movement of the aircraft off the gate,NAV mode must be selected on the runway just prior to take-off,NAV mode must be selected prior to the loading of passengers and/or freight,NAV mode must be selected when the alignment procedure is commenced,A
General Navigation,4590,Which of the following statements concerning the aircraft positions indicated on a triple fit Inertial Navigation System (INS)/ Inertial Reference System (IRS) on the CDU is correct?,The positions are likely to differ because they are calculated from different sources,The positions will be the same because they are an average of three different positions,The positions will only differ if one of the systems has been decoupled because of a detected malfunction,The positions will only differ if an error has been made when inputting the present position at the departure airport,A
General Navigation,4591,Waypoints can be entered in an INS memory in different formats.In which of the following formats can waypoints be entered into all INSs?,geographic coordinates,bearing and distance,hexadecimal,by waypoints name,A
General Navigation,4592,An aircraft equipped with an Inertial Navigation System (INS) flies with INS 1 coupled with autopilot 1. Both inertial navigation systems are navigating from way-point A to B. The inertial systems' Central Display Units (CDU) sho shows:- XTK on INS 1 = 0- XTK on INS 2 = 8L(XTK = cross track)From this information it can be deduced that:,at least one of the inertial navigaton systems is drifting,only inertial navigation system No. 2 is drifting,only inertial navigation system No. 1 is drifting,the autopilot is unserviceable in NAV mode,A
General Navigation,4593,An aircraft is flying with the aid of an inertial navigation system (INS) connected to the autopilot. The following two points have been entered in the INS computer:WPT 1: 60°N 030°WWPT 2: 60°N 020°WWhen 025°W is passed the latitude shown on the display unit of the inertial navigation system will be:,60°05.7'N,60°00.0'N,59°49.0'N,60°11.0'N,A
General Navigation,4594,"An aircraft travels from point A to point B, using the autopilot connected to the aircraft's inertial system. The coordinates of A (45°S 010°W) and B (45°S 030°W) have been entered.The true course of the aircraft on its arrival at B, to the nearest degree, is:",277°,284°,263°,270°,A
General Navigation,4595,"As the INS position of the departure aerodrome, coordinates 35°32.7'N 139°46.3'W are input instead of 35°32.7'N 139°46.3'E. When the aircraft subsequently passes point 52°N 180°W, the longitude value shown on the INS will be:",099° 32.6'W,099° 32.6'E,080° 27.4'E,080° 27.4'W,A
General Navigation,4596,The following points are entered into an inertial navigation system (INS).WPT 1: 60°N 30°WWPT 2: 60°N 20°WWPT 3: 60°N 10°WThe inertial navigation system is connected to the automatic pilot on route (1-2-3).The track change when passing WPT 2 will be approximately:,a 9° decrease,zero,a 9° increase,a 4° decrease,A
General Navigation,4597,"The automatic flight control system (AFCS) in an aircraft is coupled to the guidance outputs from an inertial navigation system (INS) and the aircraft is flying from waypoint No. 2 (60°00'S 070°00'W) to No. 3 (60°00'S 080°00'W).Comparing the initial track (°T) at 070°00'W and the final track (°T) at 080°00'W, the difference between them is that the initial track is approximately:",9° less than the final one,5° greater than the final one,9° greater than the final one,5° less than the final one,A
General Navigation,4598,"The automatic flight control system is coupled to the guidance outputs from an inertial navigation system. Which pair of latitudes will give the greatest difference between initial track read-out and the average true course given, in each case, a difference of longitude of 10°?",60°N to 60°N,60°N to 50°N,30°S to 30°N,30°S to 25°S,A
General Navigation,4599,"The automatic flight control system (AFCS) in an aircraft is coupled to the guidance outputs from an inertial navigation system (INS).The aircraft is flying between inserted waypoints No. 3 (55°00'N 020°00'W) and No.4 (55°00'N 030°00'W).With DSRTK/STS selected on the CDU, to the nearest whole degree, the initial track read-out from waypoint No. 3 will be:",274°,278°,266°,270°,A
General Navigation,4600,Which of the following statements concerning the position indicated on the Inertial Reference System (IRS) display is correct?,It is not updated once the IRS mode is set to NAV,It is constantly updated from information obtained by the FMC,It is updated when 'go-around' is selected on take-off,The positions from the two IRSs are compared to obtain a 'best position' which is displayed on the IRS,A
General Navigation,4601,What is the source of magnetic variation information in a Flight Management System (FMS)?,"Magnetic variation information is stored in each IRS memory, it is applied to the true heading calculated by the respective IRS",The main directional gyro which is coupled to the magnetic sensor (flux valve) positioned in the wingtip,The FMS calculates MH and MT from the FMC position,Magnetic variation is calculated by each IRS based on the respective IRS position and the aircraft magnetic heading,A
General Navigation,4602,Where and when are the IRS positions updated?,Only on the ground during the alignment procedure,During flight IRS positions are automatically updated by the FMC,IRS positions are updated by pressing the 'Take-off/ Go-around' button at the start of the take-off roll,Updating is normally carried out by the crew when over-flying a known position (VOR station or NDB),A
General Navigation,4603,The sensors of an INS measure:,acceleration,velocity,the horizontal component of the earth's rotation,precession,A
