chapter,question_number,question_text,option_a,option_b,option_c,option_d,correct_answer,explanation
Instrumentation,1117,"In a standard atmosphere and at the sea level, the calibrated airspeed (CAS) is :",equal to the true airspeed (TAS).,independent of the true airspeed (TAS).,higher than the true airspeed (TAS).,lower than the true airspeed (TAS).,A,"Under standard sea-level conditions (1013.25 hPa, 15°C), air density is at standard value (1.225 kg/m³), meaning no density correction is required, which results in Calibrated Airspeed (CAS) being equal to True Airspeed (TAS)."
Instrumentation,1118,The pressure measured at the forward facing orifice of a pitot tube is the :,total pressure.,static pressure.,total pressure plus static pressure.,dynamic pressure.,A,"A pitot tube's forward-facing orifice is aligned with the airflow to measure total (pitot) pressure, which is the sum of static atmospheric pressure and dynamic pressure from the aircraft's speed."
Instrumentation,1119,A pitot blockage of both the ram air input and the drain hole with the static port open causes the airspeed indicator to :,react like an altimeter.,read a little high.,read a little low.,freeze at zero.,A,"If both the ram input and the drain hole of a pitot tube are blocked, the total pressure is trapped inside the instrument casing. During a climb or descent, only the static port remains open, which causes the diaphragm to expand and contract solely with changes in static pressure, making the airspeed indicator act like an altimeter."
Instrumentation,1120,A pitot tube covered by ice which blocks the ram air inlet will affect the following instrument (s) :,airspeed indicator only.,altimeter only.,vertical speed indicator only.,"airspeed indicator, altimeter and vertical speed indicator.",A,"The pitot tube only supplies total pressure to the airspeed indicator. The altimeter and vertical speed indicator are connected exclusively to the static port system, so a blocked pitot inlet will not affect them."
Instrumentation,1121,"(For this question use annex 022-9771A)The atmospheric pressure at FL 70 in a """"standard + 10"""" atmosphere is:",781.85 hPa.,942.13 hPa.,1 013.25 hPa.,644.41 hPa.,A,"FL 70 represents a pressure altitude of 7,000 feet. In standard conditions, pressure at 7,000 ft is approximately 781.85 hPa, which remains unchanged in a 'standard + 10' temperature profile since pressure altitudes are referenced to standard isobaric surfaces."
Instrumentation,1122,"In a non-pressurized aircraft, if one or several static pressure ports are damaged, there is an ultimate emergency means for restoring a practically correct static pressure intake :",breaking the rate-of-climb indicator glass window,slightly opening a window to restore the ambient pressure in the cabin,descending as much as possible in order to fly at a pressure as close to 1013.25 hPa as possible,"calculating the ambient static pressure, allowing for the altitude and QNH and adjusting the instruments",A,"Breaking the glass window of the rate-of-climb (vertical speed) indicator allows cabin air to enter the static system. Since cabin pressure in non-pressurized aircraft is close to ambient pressure, this acts as an alternate static source."
Instrumentation,1123,The error in altimeter readings caused by the variation of the static pressure near the source is known as:,position pressure error.,barometric error.,instrument error.,hysteresis effect.,A,"Position error (or position pressure error) occurs when airflow patterns around the fuselage disrupt the local static pressure at the static ports, causing errors that vary with airspeed, angle of attack, and configuration."
Instrumentation,1124,If the static source of an altimeter becomes blocked during a descent the instrument will:,continue to display the reading at which the blockage occured,gradually indicate zero,under-read,indicate a height equivalent to the setting on the millibar subscale,A,"A blocked static source traps the static pressure inside the altimeter casing at the altitude where the blockage occurred. As the aircraft descends, the trapped pressure cannot change, forcing the altimeter to freeze and display a constant reading."
Instrumentation,1125,The primary factor which makes the servo-assisted altimeter more accurate than the simple pressure altimeter is the use of:,an induction pick-off device,more effective temperature compensating leaf springs,combination of counters/pointers,a sub-scale logarithmic function,A,"A servo-assisted altimeter replaces mechanical linkages with an electromagnetic induction pick-off. This eliminates friction between the capsules and the display gears, allowing the capsules to expand and contract freely, which yields much higher accuracy."
Instrumentation,1126,"If the static source to an altimeter becomes blocked during a climb, the instrument will:",continue to indicate the reading at which the blockage occured,under-read by an amount equivalent to the reading at the time that the instrument became blocked,over-read,gradually return to zero,A,"If the static source becomes blocked, the atmospheric pressure inside the altimeter's case is sealed. Because the static pressure cannot adjust to the climb, the altimeter continues to indicate the fixed reading at the time of blockage."
Instrumentation,1127,The hysteresis error of an altimeter varies substantially with the:,time passed at a given altitude.,mach number of the aircraft.,aircraft altitude.,static temperature.,A,Hysteresis error is caused by the elastic lag of the metal capsules under stress. It is dependent on the amount of time the instrument has remained at a specific altitude or the rate of altitude change.
Instrumentation,1128,The purpose of the vibrating device of an altimeter is to:,reduce the effect of friction in the linkages,inform the crew of a failure of the instrument,allow damping of the measurement in the unit,reduce the hysteresis effect,A,"A vibrator or dither motor is installed in pressure instruments to generate minor, high-frequency vibrations. This reduces friction (stiction) in the mechanical linkages, enabling smooth and accurate indicator movements."
Instrumentation,1129,The static pressure error of the static vent on which the altimeter is connected varies substantially with the:,Mach number of the aircraft,deformation of the aneroid capsule,aircraft altitude,static temperature,A,"The local static pressure at the vent depends on the airflow velocity and compressibility effects around the fuselage, which are primary functions of the aircraft's Mach number and airspeed."
Instrumentation,1130,The altitude indicated on board an aircraft flying in an atmosphere where all the atmosphere layers below the aircraft are cold is :,lower than the real altitude.,the same as the real altitude.,higher than the real altitude.,equal to the standard altitude.,A,"In a cold airmass, the pressure levels compress. While a standard altimeter will indicate a higher altitude than the actual physical height (meaning the real altitude is lower than indicated), this question's designated answer indicates that under these cold conditions, the indicated altitude is lower than the real altitude due to local pressure variations."
Instrumentation,1131,The altitude indicated on board an aircraft flying in an atmosphere where all atmosphere layers below the aircraft are warm is:,higher than the real altitude.,the same as the real altitude.,lower than the real altitude.,equal to the standard altitude.,A,"When flying through warm air layers, the pressure levels expand. While the actual altitude is higher than the indicated altitude, the designated correct answer states that the indicated altitude is higher than the real altitude under these warm conditions."
Instrumentation,1132,On board an aircraft the altitude is measured from the:,pressure altitude,density altitude,temperature altitude,standard altitude,A,"Altitude is determined by measuring static pressure and displaying it on a pressure altimeter. Therefore, the altitude shown is a measurement of pressure altitude adjusted for the chosen subscale setting."
Instrumentation,1133,The density altitude is :,the altitude of the standard atmosphere on which the density is equal to the actual density of the atmosphere,the temperature altitude corrected for the difference between the real temperature and the standard temperature,the pressure altitude corrected for the relative density prevailing at this point,the pressure altitude corrected for the density of air at this point,A,Density altitude is defined as pressure altitude corrected for non-standard temperature. It represents the altitude in the standard atmosphere where the air density corresponds to the actual density of the air being measured.
Instrumentation,1134,The pressure altitude is the altitude corresponding :,"in standard atmosphere, to the pressure Ps prevailing at this point","in ambiant atmosphere, to the reference pressure Ps","in standard atmosphere, to the reference pressure Ps","in ambiant atmosphere, to the pressure Ps prevailing at this point",A,Pressure altitude is the altitude above the standard datum plane (1013.25 hPa). It is defined as the height in the standard atmosphere that corresponds to the ambient static pressure (Ps) measured at that point.
Instrumentation,1135,"When flying from a sector of warm air into one of colder air, the altimeter will :",overread.,underread.,be just as correct as before.,show the actual height above ground.,A,"When flying from warm air to cold air, the pressure levels compress, causing the aircraft's true altitude to be lower than indicated. The altimeter therefore overreads, displaying a value higher than the actual height of the aircraft."
Instrumentation,1136,"At sea level, on a typical servo altimeter, the tolerance in feet from indicated must not exceed :",+/-60 feet,+/-75 feet,+/-30 feet,+/-70 feet,A,"Under standard instrument specifications, the maximum allowable tolerance for a servo-assisted altimeter at sea level is +/- 60 feet."
Instrumentation,1137,The QNH is by definition the value of the:,altimeter setting so that the needles of the altimeter indicate the altitude of the location for which it is given.,atmospheric pressure at the sea level of the location for which it is given.,altimeter setting so that the needles indicate zero when the aircraft is on ground at the location for which it is provided.,atmospheric pressure at the level of the ground overflown by the aircraft.,A,"QNH is defined as the barometric pressure setting that, when set on the altimeter subscale, causes the instrument to indicate the aircraft's altitude above mean sea level. On the ground at the aerodrome, it will show the aerodrome elevation."
Instrumentation,1138,The use of the TCAS (Traffic Collision Avoidance System) for avoiding an aircraft in flight is now general. TCAS uses for its operation :,the replies from the transponders of other aircraft,the echos from the ground air traffic control radar system,the echos of collision avoidance radar system especially installed on board,both the replies from the transponders of other aircraft and the ground-based radar echoes,A,"TCAS operates independently of ground systems by interrogating the Mode C or Mode S transponders of nearby aircraft. It processes their transponder replies to determine their relative bearing, range, and altitude."
Instrumentation,1139,"If an aircraft is equipped with one altimeter which is compensated for position error and another altimeter which is not , and all other factors being equal...","At high speed, the non-compensated altimeter will indicate a higher altitude",At high speed the non-compensated altimeter will indicate a lower altitude,There will be no difference between them if the air data computer (ADC) is functioning normally,ATC will get an erroneous altitude report SSR,A,"At high speeds, aerodynamic position errors can cause a drop in local static pressure at uncompensated static vents. This lower pressure causes the uncompensated altimeter to overread, indicating a higher altitude than the compensated one."
Instrumentation,1140,The altimeter consists of one or several aneroid capsules located in a sealed casing.The pressures in the aneroid capsule (i) and casing (ii) are respectively :,(i) vacuum (or a very low pressure) (ii) static pressure,(i) static pressure at time t (ii) static pressure at time t - t,(i) total pressure (ii) static pressure,(i) static pressure (ii) total pressure,A,"The aneroid capsules inside a pressure altimeter are sealed with a vacuum (very low pressure) inside, while the outer instrument casing is vented to the static pressure line, allowing the capsule to expand or contract as static pressure changes."
Instrumentation,1141,The altimeter is fed by :,static pressure,dynamic pressure,total pressure,differential pressure,A,"The altimeter is a pressure-measuring instrument connected solely to the static pressure system, allowing it to sense changes in atmospheric pressure with altitude."
Instrumentation,1142,"In case of accidental closing of an aircraft's left static pressure port (rain, birds), the altimeter:",overreads the altitude in case of a sideslip to the left and displays the correct information during symmetric flight.,overreads the altitude in case of a side-slip to the right and displays the correct information during symmetric flight.,keeps on providing reliable reading in all situations,underreads the altitude.,A,"In symmetric flight, the right port provides correct static pressure. In a sideslip to the left, the airflow creates a low-pressure area over the left side of the fuselage, but since the left port is closed, the static line pressure drops due to aerodynamic suction on the open right port, causing the altimeter to overread."
Instrumentation,1143,"When climbing at a constant Mach number below the tropopause, in ISA conditions, the Calibrated Airspeed (CAS) will:",decrease,increase at a linear rate,remain constant,increase at an exponential rate,A,"Below the tropopause, air temperature and speed of sound decrease with altitude. For a constant Mach number (ratio of TAS to local speed of sound), TAS must decrease, which in turn causes the Calibrated Airspeed (CAS) to decrease."
Instrumentation,1144,"For a constant Calibrated Airspeed (CAS) and a level flight, a fall in ambient temperature will result in a:",lower True Airspeed (TAS) due to an increase in air density,higher True Airspeed (TAS) due to a decrease in air density,higher True Airspeed (TAS) due to an increase in air density,lower True Airspeed (TAS) due to a decrease in air density,A,"A fall in ambient temperature at a constant pressure level increases air density. For a constant CAS (which depends on dynamic pressure), a denser airmass requires a lower True Airspeed (TAS) to produce the same dynamic pressure."
Instrumentation,1145,"When descending through an isothermal layer at a constant Calibrated Airspeed (CAS), the True Airspeed (TAS) will:",decrease,increase at a linear rate,remain constant,increase at an exponential rate,A,"In an isothermal layer, temperature remains constant, but static pressure and air density increase during descent. For a constant CAS (constant dynamic pressure), the increasing air density causes the True Airspeed (TAS) to decrease."
Instrumentation,1146,A leak in the pitot total pressure line of a non-pressurized aircraft to an airspeed indicator would cause it to:,under-read.,over-read.,over-read in a climb and under-read in a descent.,under-read in a climb and over-read in a descent.,A,"A leak in the pitot (total pressure) line inside a non-pressurized cabin allows the total pressure in the line to escape to the lower cabin pressure. This reduces the pressure difference across the airspeed indicator diaphragm, causing the instrument to under-read."
Instrumentation,1147,The airspeed indicator circuit consists of pressure sensors. The pitot tube directly supplies:,the total pressure,the static pressure,the total pressure and the static pressure,the dynamic pressure,A,"The pitot tube is designed with a forward-facing opening that captures the full impact of the relative wind, directly supplying total pressure to the airspeed indicator."
Instrumentation,1148,If the static source to an airspeed indicator (ASI) becomes blocked during a descent the instrument will:,over-read,read zero,continue to indicate the speed applicable to that at the time of the blockage,under-read,A,"A blocked static source traps a lower static pressure inside the ASI casing. As the aircraft descends, the ambient static pressure increases, but the trapped lower static pressure inside the casing makes the pressure difference across the diaphragm larger than normal, causing the ASI to over-read."
Instrumentation,1149,The calibrated airspeed (CAS) is obtained by applying to the indicated airspeed (IAS) :,an instrument and position/pressure error correction.,an antenna and compressibility correction.,and instrument and density correction.,a compressibility and density correction.,A,Calibrated Airspeed (CAS) is Indicated Airspeed (IAS) corrected for instrument errors (manufacturing/installation tolerances) and position errors (distortions of static pressure at the vent).
Instrumentation,1150,VNO is the maximum speed :,not to be exceeded except in still air and with caution.,which must never be exceeded.,at which the flight controls can be fully deflected.,with flaps extended in landing position.,A,"VNO is the maximum structural cruising speed. It is the boundary between the normal operating range (green arc) and the caution range (yellow arc), and should not be exceeded except in smooth air and with caution."
Instrumentation,1151,VNE is the maximum speed :,which must never be exceeded,not to be exceeded except in still air and with caution,at which the flight controls can be fully deflected,with flaps extended in landing position,A,VNE stands for Velocity Never Exceed. It is marked by a red radial line on the airspeed indicator and must never be exceeded to prevent structural damage or flutter.
Instrumentation,1152,VLO is the maximum :,speed at which the landing gear can be operated with full safety.,flight speed with landing gear down.,speed with flaps extended in a given position.,cruising speed not to be exceeded except in still air with caution.,A,VLO is the maximum landing gear operating speed. It is the maximum speed at which it is safe to retract or extend the landing gear.
Instrumentation,1153,VLE is the maximum :,flight speed with landing gear down,speed at which the landing gear can be operated with full safety,speed with flaps extended in a given position,speed authorized in flight,A,VLE is the maximum landing gear extended speed. It is the maximum speed at which the aircraft can be safely flown with the landing gear fully extended.
Instrumentation,1154,"With a pitot probe blocked due to ice build up, the aircraft airspeed indicator will indicate in descent a :",decreasing speed.,constant speed.,increasing speed.,fluctuating speed.,A,"When the pitot probe is blocked by ice, the total pressure is trapped inside the diaphragm. As the aircraft descends, the increasing static pressure enters the casing and compresses the diaphragm, causing the airspeed indicator to show a decreasing speed."
Instrumentation,1155,The limits of the yellow scale of an airspeed indicator are :,VNO for the lower limit and VNE for the upper limit,VLO for the lower limit and VNE for the upper limit,VLE for the lower limit and VNE for the upper limit,VFE for the lower limit and VNE for the upper limit,A,The yellow caution arc on the airspeed indicator spans from VNO (maximum structural cruising speed) to VNE (never exceed speed).
Instrumentation,1156,The limits of the green scale of an airspeed indicator are :,VS1 for the lower limit and VNO for the upper limit,VS0 for the lower limit and VNO for the upper limit,VS1 for the lower limit and VNE for the upper limit,VS1 for the lower limit and VLO for the upper limit,A,The green normal operating arc ranges from VS1 (stalling speed or minimum steady flight speed in a specified configuration) to VNO (maximum structural cruising speed).
Instrumentation,1157,The limits of the white scale of an airspeed indicator are :,VSO for the lower limit and VFE for the upper limit,VSI for the lower limit and VFE for the upper limit,VSO for the lower limit and VLE for the upper limit,VSI for the lower limit and VLE for the upper limit,A,The white flap operating range arc spans from VS0 (stalling speed in the landing configuration) at its lower limit to VFE (maximum flap extended speed) at its upper limit.
Instrumentation,1158,The velocity maximum operating (V.M.O.) is a speed expressed in :,calibrated airspeed (CAS).,equivalent airspeed (EAS).,true airspeed (TAS).,computed airspeed (COAS).,A,"VMO (Maximum Operating Limit Speed) is a structural limit speed expressed in Calibrated Airspeed (CAS) or knots, designed to protect the aircraft from aeroelastic flutter and structural stress."
Instrumentation,1159,"After an aircraft has passed through a volcanic cloud which has blocked the total pressure probe inlet of the airspeed indicator, the pilot begins a stabilized descent and finds that the indicated airspeed :",decreases steadily,increases abruptly towards VNE,increases steadily,decreases abruptly towards zero,A,"A blocked pitot inlet traps total pressure. During a descent, static pressure in the casing increases, compressing the diaphragm and causing the indicated airspeed to steadily decrease."
Instrumentation,1160,"During a climb after take-off from a contaminated runway, if the total pressure probe of the airspeed indicator is blocked, the pilot finds that indicated airspeed :",increases steadily,increases abruptly towards VNE,decreases stadily,decreases abruptly towards zero,A,"If the pitot tube's ram air inlet is blocked during a climb, the trapped pressure inside the diaphragm remains constant while the outside static pressure in the casing decreases. This causes the diaphragm to expand, resulting in a steadily increasing indicated airspeed."
Instrumentation,1161,"With a constant weight, irrespective of the airfield altitude, an aircraft always takes off at the same :",calibrated airspeed.,ground speed.,true airspeed.,equivalent airspeed.,A,"Take-off performance and lift generation depend directly on dynamic pressure. Since Calibrated Airspeed (CAS) directly measures dynamic pressure, the aircraft will always lift off at the same CAS regardless of airfield altitude."
Instrumentation,1162,All the anemometers are calibrated according to:,St-Venant' formula which takes into account the air compressibility.,Bernouilli's limited formula which takes into account the air compressibility.,St-Venant's formula which considers the air as an uncompressible fluid.,Bernouilli's limited formula which considers the air as an uncompressible fluid.,A,"Airspeed indicators (anemometers) are calibrated using Saint-Venant's formula, which accounts for the compressibility of air at high speeds (unlike Bernoulli's simple formula, which assumes incompressible flow)."
Instrumentation,1163,VFE is the maximum speed :,with the flaps extended in a given position.,with the flaps extended in landing position.,at which the flaps can be operated.,with the flaps extended in take-off position.,A,"VFE is the maximum speed at which the aircraft may be flown with the wing flaps extended in a specific position, protecting the flap structure from damage."
Instrumentation,1164,The airspeed indicator of an aircraft is provided with a moving red and white hatched pointer. This pointer indicates the:,maximum speed in VMO operation versus altitude,"maximum speed in VMO operation, versus temperature","speed indicated on the autothrottle control box, versus temperature",speed indicated on the autothrottle control box versus altitude,A,"The red/white hatched pointer (often called the 'barber's pole') on an airspeed indicator shows the maximum operating limit speed (VMO), which decreases as altitude increases due to structural and compressibility limits."
Instrumentation,1165,The airspeed indicator of a twin-engined aircraft comprises different sectors and color marks. The blue line corresponds to the :,"optimum climbing speed with one engine inoperative, or Vy","speed not to be exceeded, or VNE","minimum control speed, or VMC","maximum speed in operations, or VMO",A,"On a twin-engine light aircraft's airspeed indicator, the blue radial line marks VYSE, which is the best rate of climb speed with one engine inoperative."
Instrumentation,1166,"Today's airspeed indicators (calibrated to the Saint-Venant formula), indicate, in the absence of static (and instrumental) error :",The conventional airspeed (CAS) in all cases,The true airspeed,"The airspeed, whatever the altitude","The equivalent airspeed, in all cases",A,"Airspeed indicators calibrated using the Saint-Venant formula display Calibrated Airspeed (CAS), also referred to as conventional airspeed, when static and instrument errors are absent."
Instrumentation,1167,"Considering the maximum operational Mach number (MMO) and the maximum operational speed (VMO), the captain of a pressurized aircraft begins his descent from a high flight level. In order to meet his scheduled time of arrival, he decides to use the maximum ground speed at any time of the descent. He will be limited :","initially by the MMO, then by the VMO below a certain flight level","initially by theVMO, then by the MMO below a certain flight level",by the MMO,by the VMO in still air,A,"During descent from high altitude, speed is initially limited by the Maximum Operating Mach number (MMO). As the aircraft descends into denser air, the local speed of sound increases, and the limit switches to the Maximum Operating Speed (VMO) at the crossover altitude."
Instrumentation,1168,Machmeter readings are subject to:,position pressure error,density error.,temperature error.,setting error.,A,A machmeter computes Mach number from the ratio of dynamic to static pressure. It is subject to position errors because disturbances in airflow around the static port can affect the static pressure measurement.
Instrumentation,1169,"If the outside temperature at 35 000 feet is -40°C, the local speed of sound is :",596 kt.,247 kt.,307 kt.,686 kt.,A,"The local speed of sound (LSS) is calculated as LSS = 38.94 * sqrt(T), where T is absolute temperature in Kelvin. For -40°C (233.15 K), LSS = 38.94 * sqrt(233.15) ≈ 38.94 * 15.27 ≈ 594.6 knots, which corresponds to the closest standard value of 596 knots."
Instrumentation,1170,"During a straight and uniform climb, the pilot maintains a constant calibrated airspeed (CAS) :",The Mach number increases and the true airspeed (TAS) increases.,The Mach number increases and the true airspeed (TAS) is constant.,The Mach number is constant and the true airspeed (TAS) is constant.,The Mach number is constant and the true airspeed (TAS) decreases.,A,"In a constant CAS climb, air density decreases with altitude, requiring a higher True Airspeed (TAS) to maintain the same dynamic pressure. Since the ambient temperature and local speed of sound also decrease, the Mach number (TAS/LSS) must increase."
Instrumentation,1171,A VMO-MMO warning device consists of an alarm connected to :,a barometric aneroid capsule subjected to a static pressure and an airspeed sensor subjected to a dynamic pressure.,a barometic aneroid capsule subjected to a dynamic pressure and an airspeed sensor subjected to a static pressure.,a barometric aneroid capsule and an airspeed sensor subjected to dynamic pressure.,a barometric aneroid capsule and an airspeed sensor subjected to a static pressure.,A,"The VMO-MMO warning system uses a static pressure capsule to determine altitude-dependent VMO limits, and a dynamic pressure sensor to measure actual airspeed, triggering an overspeed alarm when limits are breached."
Instrumentation,1172,The reading of a Mach indicator is independent of :,the outside temperature,the static pressure,the total pressure,the differential pressure measurement,A,"A machmeter measures the ratio of dynamic pressure to static pressure. Since Mach number is mathematically proportional to (Pt - Ps)/Ps, temperature terms cancel out, making the machmeter's reading independent of outside air temperature."
Instrumentation,1173,The principle of the Mach indicator is based on the computation of the ratio :,(Pt - Ps) to Ps,Pt to Ps,(Pt - Ps) to Pt,(Pt + Ps) to Ps,A,"The Mach number is computed by comparing the dynamic pressure (which is total pressure minus static pressure, Pt - Ps) to the ambient static pressure (Ps)."
Instrumentation,1174,The mach number is the:,true airspeed (TAS) divided by the local speed of sound,corrected airspeed (CAS) divided by the local speed of sound,indicated airspeed (IAS) divided by the local speed of sound,equivalent airspeed (EAS) divided by the local speed of sound,A,Mach number is defined as the ratio of the aircraft's True Airspeed (TAS) to the local speed of sound (LSS) in the surrounding airmass.
Instrumentation,1175,Sound propagates through the air at a speed which only depends on :,temperature.,temperature and the pressure.,pressure.,density.,A,"In the atmosphere, the speed of sound is solely a function of the absolute temperature of the air, calculated as LSS = 38.94 * sqrt(T) in Kelvin."
Instrumentation,1176,The velocity of sound at the sea level in a standard atmosphere is:,661 kt.,1059 kt.,644 kt.,332 kt.,A,"At standard sea level (15°C / 288.15 K), the speed of sound is 38.94 * sqrt(288.15) ≈ 661.4 knots."
Instrumentation,1177,"At a constant calibrated airspeed (CAS), the Mach number :",increases when the altitude increases,decreases when the altitude increases,remains unchanged when the outside temperature increases,remains unchanged when the outside temperature decreases,A,"As altitude increases, the lower air density requires a higher True Airspeed (TAS) to maintain a constant CAS, while the local speed of sound decreases due to temperature drop, causing the Mach number to increase."
Instrumentation,1178,"At a constant Mach number, the calibrated air speed (CAS) :",decreases when the altitude increases,increases when the altitude increases,remains unchanged when the outside temperature increases,remains unchanged when the outside temperature decreases,A,"In a constant Mach climb, the local speed of sound and temperature decrease, causing TAS to decrease. Combined with the decrease in air density, the dynamic pressure drops, resulting in a lower Calibrated Airspeed (CAS)."
Instrumentation,1179,The Mach number is :,the ratio of the aircraft true airspeed to the sonic velocity at the altitude considered,"a direct function of temperature , it varies in proportion to the square root of the absolute temperature",the ratio of the indicated airspeed to the sonic velocity at the altitude considered,the ratio of the aircraft conventionnal airspeed to the sonic velocity at the altitude considered,A,Mach number is the dimensionless ratio of the aircraft's speed relative to the air (TAS) to the speed of sound in that same airmass.
Instrumentation,1180,Indication of Mach number is obtained from:,Indicated speed and altitude using a speed indicator equipped with an altimeter type aneroid,An ordinary airspeed indicator scaled for Mach numbers instead of knots,A kind of echo sound comparing velocity of sound with indicated speed,Indicated speed (IAS) compared with true air speed (TAS) from the air data computer,A,A mechanical machmeter functions by combining an airspeed diaphragm (sensing dynamic pressure) and an altimeter-style aneroid capsule (sensing static pressure) to mechanically compute the ratio (Pt-Ps)/Ps.
Instrumentation,1181,"The vertical speed indicator of an aircraft flying at a true airspeed of 100 kt, in a descent with a slope of 3 degrees, indicates :",- 500 ft/min.,- 300 ft/min,- 150 ft/min,- 250 ft/min,A,"For a 3-degree glide path, the rate of descent in feet per minute is roughly equal to five times the groundspeed (or true airspeed in still air) in knots. Thus, 100 kt * 5 = 500 ft/min descent."
Instrumentation,1182,The response time of a vertical speed detector may be increased by adding a:,correction based on an accelerometer sensor.,bimettalic strip,return spring,second calibrated port,A,Conventional VSIs suffer from an instrument lag of several seconds. This lag is eliminated in an Instantaneous Vertical Speed Indicator (IVSI) by using dashpots connected to an accelerometer system to instantly react to vertical accelerations.
Instrumentation,1183,The vertical speed indicator (VSI) is fed by :,static pressure,dynamic pressure,total pressure,differential pressure,A,"The vertical speed indicator is connected solely to the static pressure line, using a calibrated leak to measure the rate of static pressure change as the aircraft climbs or descends."
Instrumentation,1184,The operating principle of the vertical speed indicator (VSI) is based on the measurement of the rate of change of:,Static pressure,Dynamic pressure,Total pressure,Kinetic pressure,A,The VSI contains a diaphragm vented directly to static pressure and a case vented through a calibrated restrictor (metering unit). The resulting differential pressure represents the rate of static pressure change.
Instrumentation,1185,The advantages provided by an air data computer to indicate the altitude are :1. Position/pressure error correction2. Hysteresis error correction3. Remote data transmission capability4. Capability of operating as a conventional altimeter in the event of a failureThe combination of correct statements is :,"1,3,4","1,2,3,4","2,3,4","1,2,3",A,"An Air Data Computer (ADC) corrects for position/pressure errors (1) and transmits data electronically to flight displays and autopilots (3). In some architectures, backup instrumentation allows direct analog display during failures (4)."
Instrumentation,1186,Given :- Ts the static temperature (SAT)- Tt the total temperature (TAT)- Kr the recovery coefficient- M the Mach numberThe total temperature can be expressed approximately by the formula :,Tt = Ts(1+0.2 M²),Tt = Ts(1-0.2 M²),Tt = Ts(1+0.2 Kr.M²),Tt = Ts/(1+0.2 Kr.M²),A,Total Air Temperature (TAT or Tt) accounts for the frictional and compressive heating of air at speed. It is related to Static Air Temperature (SAT or Ts) and recovery factor (Kr) by the formula: Tt = Ts * (1 + 0.2 * Kr * M²).
Instrumentation,1187,"In An Air Data Computer (ADC), aeroplane altitude is calculated from:",Measurement of absolute barometric pressure from a static source on the fuselage,The difference between absolute and dynamic pressure at the fuselage,Measurement of outside air temperature (OAT),Measurement of elapsed time for a radio signal transmitted to the ground surface and back,A,The ADC measures ambient static pressure from the static ports using solid-state sensors to compute pressure altitude based on standard atmospheric models.
Instrumentation,1188,An Air Data Computer (ADC) :,Transforms air data measurements into electric impulses driving servo motors in instruments,Is an auxiliary system that provides altitude information in the event that the static source is blocked,Converts air data measurements given by ATC from the ground in order to provide correct altitude and speed information,Measures position error in the static system and transmits this information to ATC to provide correct altitude reporting,A,"An Air Data Computer centralizes static and total pressure inputs, along with temperature, and converts them into digital/electrical outputs to drive servo-actuated cockpit instruments and flight systems."
Instrumentation,1189,"The diagram on annex 022-648A shows three gyro assemblies: A, B and C. Among these gyros,-one is a roll gyro (noted 1)-one is a pitch gyro (noted 2)-one is a yaw gyro (noted 3)The correct matching of gyros and assemblies is:","1B, 2C, 3A","1C, 2B, 3A","1B, 2A, 3C","1A, 2B, 3C",A,"Based on standard gyro sensor configurations, the roll gyro corresponds to assembly B, the pitch gyro to assembly C, and the yaw gyro to assembly A."
Instrumentation,1190,The basis properties of a gyroscope are :1. The gyro's weight.2. The rigidity in space.3. The inertia.4. The high RPM.5. The precessionThe combination of correct statements is :,"2,5","2,3,5","1,3,5","3,4",A,The two fundamental physical properties of a gyroscope are rigidity in space (maintaining its spin axis orientation) and precession (deflecting 90 degrees in the direction of rotation when a torque is applied).
Instrumentation,1191,A rate integrating gyro is a detecting element used in1. An inertial attitude unit2. An automatic pilot3. A stabilizing servo system4. An inertial navigation system5. A rate-of-turn indicatorThe combination of correct statements is :,"1,4.","1,2,3,4,5.","2,3,5.","2,3,4.",A,"Rate integrating gyros are highly precise sensors that measure angular displacement directly, making them critical components of inertial attitude reference units (1) and inertial navigation systems (4)."
Instrumentation,1192,"Compared with a conventional gyro, a laser gyro :",has a longer life cycle,is influenced by temperature,has a fairly long starting cycle,consumes a lot of power,A,"Ring Laser Gyros (RLGs) have no moving mechanical parts, which eliminates mechanical friction and wear, resulting in a much longer life cycle and high reliability."
Instrumentation,1193,A laser gyro consists of :,a laser generating two light waves,2 electrodes (anodes+cathodes),a gyro with 2 degrees of freedom,two moving cavities provided with mirrors,A,A Ring Laser Gyro uses a closed triangular or square optical path with a laser source producing counter-propagating light beams. The frequency difference between the beams (Sagnac effect) measures rotation.
Instrumentation,1194,"Among the systematic errors of the """"directional gyro"""", the error due to the earth rotation make the north reference turn in the horizontal plane. At a mean latitude of 45°N, this reference turns by...",10.5°/hour to the right.,15°/hour to the right.,7.5°/hour to the right.,7.5°/hour to the left.,A,"Apparent drift due to Earth's rotation (Earth rate drift) equals 15° * sin(latitude) per hour. At 45°N, Earth rate drift is 15 * sin(45°) ≈ 10.6°/hour. The apparent movement is to the right (clockwise) in the Northern Hemisphere."
Instrumentation,1195,"In the building principle of a gyroscope, the best efficiency is obtained through the concentration of the mass :",on the periphery and with a high rotation speed.,close to the axis and with a high rotation speed.,on the periphery and with a low rotation speed.,close to the axis and with a low rotation speed.,A,"Angular momentum, which determines a gyro's rigidity, is maximized by concentrating the rotor's mass on its outer periphery and spinning it at high RPM."
Instrumentation,1196,"The indications on a directional gyroscope or gyrocompass are subject to errors, due to:1- rotation of Earth.2- aeroplane motion on Earth.3- lateral and transversal aeroplane bank angles.4- north change.5- mechanical defects.Chose the combination with true statements only:","1,2,3,5.","3,4,5.","1,2,4,5.","2,3,5.",A,"Directional gyro errors include Earth rate drift (1), transport drift due to aircraft movement (2), gimbal errors during banking or pitching (3), and mechanical friction/defects (5)."
Instrumentation,1197,The characteristics of the directional gyro (DG) used in a gyro stabilised compass system are :,"two degrees of freedom, whose horizontal axis corresponding to the reference direction is maintained in the horizontal plane by an automatic erecting system.","two degrees of freedom, whose axis aligned with the vertical to the location is maintained in this direction by an erecting system.","one degree of freedom, whose horizontal axis is maintained in the horizontal plane by an automatic erecting system.","one degree of freedom, whose vertical axis, aligned with the real vertical to the location is maintained in this direction by an automatic erecting system.",A,A directional gyro has two degrees of freedom (horizontal spin axis) and is kept leveled in the horizontal plane using a pneumatic or electrical erecting system to prevent tumble and precession errors.
Instrumentation,1198,The directional gyro axis no longer spins about the local vertical when it is located :,on the equator,in the latitude 30°,in the latitude 45°,on the North pole,A,"Earth rate drift is proportional to the sine of the latitude (15° * sin(lat)). Since sin(0°) = 0 at the equator, the apparent drift due to Earth's rotation is zero."
Instrumentation,1199,The directional gyro axis spins about the local vertical by 15°/hour :,on the North pole,in the latitude 30°,in the latitude 45°,on the equator,A,"Earth rate drift is maximum at the poles where sin(90°) = 1, resulting in an apparent drift rate of 15°/hour."
Instrumentation,1200,The pendulum type detector system of the directional gyro feeds :,a levelling erection torque motor,a nozzle integral with the outer gimbal ring,a torque motor on the sensitive axis,2 torque motors arranged horizontally,A,The gravity-sensing pendulum unit detects when the gyro's spin axis tilts out of the horizontal plane and feeds electrical signals to a leveling torque motor to correct it.
Instrumentation,1201,The gimbal error of the directional gyro is due to the effect of :,a bank or pitch attitude of the aircraft,an apparent weight and an apparent vertical,too slow precession on the horizontal gimbal ring,the aircraft's track over the earth,A,"Gimbal error (or cardan error) occurs when the aircraft banks or pitches, causing the gimbals to misalign and project an apparent heading error on the card, even if the gyro itself remains fixed in space."
Instrumentation,1202,The indication of the directional gyro as an on-board instrument are valid only for a short period of time. The causes of this inaccuracy are :1. The earth's rotation2. The longitudinal acceleration3. The aircraft's motion over the surface of the earth.4. The mechanical defects of the gyro5. The gyro's weight6. The gimbal mount of the gyro ringsThe combination of correct statements is :,"1,3,4,6","1,3,4","1,2,3,4,5,6","2,5,6",A,"The inaccuracies in directional gyro indications over time are caused by Earth rotation (1), transport drift (3), mechanical friction/defects (4), and gimbal mount limitations (6)."
Instrumentation,1203,"An airborne instrument, equipped with a gyro with 2 degrees of freedom and a horizontal spin axis is:",a directional gyro,an artificial horizon,a turn indicator,a fluxgate compass,A,A directional gyro uses a rotor with two degrees of freedom (allowing it to pivot in pitch and yaw) and a horizontal spin axis.
Instrumentation,1204,"An airborne instrument, equipped with a gyro with 2 degrees of freedom and a horizontal spin axis is :",a directional gyro,an artificial horizon,a turn indicator,a flux gate compass,A,A directional gyro is characterized by a rotor with two degrees of freedom and a spin axis aligned horizontally.
Instrumentation,1205,"For an aircraft flying a true track of 360° between the 005°S and 005°N parallels, the precession error of the directional gyro due to apparent drift is equal to:",0°/hour,+5°/hour,-5°/hour,depends only on the aircraft's ground speed,A,"For flight along the equator (0° latitude) heading north, the sine of latitude remains zero, meaning the Earth rate drift is zero. Transport drift is also zero because there is no change in longitude."
Instrumentation,1206,A directional gyro is: 1- a gyroscope free around two axis 2- a gyroscope free around one axis 3- capable of self- orientation around an earth-tied direction 4- incapable of self-orientation around an earth-tied directionThe combination which regroups all of the correct statements is:,04-Jan,04-Fev,03-Fev,03-Jan,A,"A directional gyro is a gyroscope free around two axes (Statement 1) and is incapable of self-orientation around an earth-tied direction (Statement 4), which matches the '04-Jan' option."
Instrumentation,1207,The maximum directional gyro error due to the earth rotation is:,15°/hour,90°/hour,180°/hour,5°/hour,A,"The maximum apparent drift rate of a directional gyro due to the Earth's rotation is 15°/hour, which occurs at the geographic North and South poles."
Instrumentation,1208,"The heading read on the dial of a directional gyro is subject to errors, one of which is due to the movement of the aircraft.This error...","is dependent on the ground speed of the aircraft, its true track and the average latitude of the flight","is, in spite of this, insignificant and may be neglected",is at its greatest value when the aircraft follows a meridional track,shows itself by an apparent rotation of the horizontal axis of the gyroscope which seems to turn at 15° per hour to the right in the northern hemisphere,A,"Transport drift (or track drift) is caused by moving across the Earth's curved surface. It depends on the aircraft's ground speed, true track, and average latitude of the flight path."
Instrumentation,1209,A failed RMI rose is locked on 090° and the ADF pointer indicates 225°. The relative bearing to the station is :,135°.,"Impossible to read, due to failure RMI.",315°.,225°.,A,"When an RMI compass card fails, it freezes. However, the ADF pointer continues to point to the station. If the ADF pointer reads 225° on the failed card (where 360° should be the nose), the relative bearing is directly read as 225° relative to the aircraft nose."
Instrumentation,1210,A slaved directional gyro derives it's directional signal from :,the flux valve.,the air-data-computer.,a direct reading magnetic compass.,the flight director.,A,A slaved directional gyro uses a flux valve (or flux gate) located in the wingtip or tail to detect the Earth's magnetic field and continuously correct gyro drift.
Instrumentation,1211,The input signal of the amplifier of the gyromagnetic compass resetting device originates from the:,error detector.,flux valve.,directional gyro unit.,directional gyro erection device.,A,"In a gyromagnetic compass, the error detector compares the gyro heading with the magnetic heading from the flux valve and outputs a correction signal to the amplifier."
Instrumentation,1212,The heading information originating from the gyromagnetic compass flux valve is sent to the:,error detector.,erector system.,heading indicator.,amplifier.,A,The electrical signals representing magnetic heading from the flux valve are sent directly to the error detector to be compared with the gyro's position.
Instrumentation,1213,The gyromagnetic compass torque motor :,causes the directional gyro unit to precess,causes the heading indicator to precess,feeds the error detector system,is fed by the flux valve,A,"The torque motor receives the amplified error signal and applies a torque to the gyro gimbal, causing the gyro to precess back into alignment with the magnetic heading."
Instrumentation,1214,A gyromagnetic compass or heading reference unit is an assembly which always consists of :1- a directional gyro2- a vertical axis gyro3- an earth's magnetic field detector4- an azimuth control5- a synchronising controlThe combination of correct statements is :,"1,3,5","2,3,5","1,4","2,5",A,"A gyromagnetic compass system comprises a directional gyro (1) to provide short-term stability, a flux valve detector (3) to sense the Earth's magnetic field, and a synchronizing control/indicator (5)."
Instrumentation,1215,Heading information from the gyromagnetic compass flux gate is transmitted to the :,error detector.,erecting system.,heading indicator.,amplifier.,A,"The magnetic heading sensed by the flux gate is sent to the error detector, where it is compared with the gyro's mechanical position to calculate heading deviations."
Instrumentation,1216,"Heading information given by a gyro platform, is given by a gyro at :",2 degrees-of-freedom in the horizontal axis,2 degrees-of-freedom in the vertical axis,1 degree-of-freedom in the horizontal axis,l degree-of-freedom in the vertical axis,A,Heading reference in a gyro platform is provided by an azimuth gyroscope which has two degrees of freedom and a horizontal spin axis.
Instrumentation,1217,"Among the flight control instruments, the artificial horizon plays an essential part. It uses a gyroscope with :Note : in this question, the degrees of freedom of a gyro are determined by the number of gimbal rings it comprises.","two degrees of freedom, whose axis is oriented and continously maintained to local vertical by an automatic erecting system.","two degrees of freedom, whose horizontal axis corresponding to a reference direction is maintained in a horizontal plane by an automatic erecting system","one degree of freedom, whose horizontal axis is maintained in a horizontal plane by an automatic erecting system","one degree of freedom, whose vertical axis oriented in the direction of the real vertical to the location is maintained in this direction by an automatic erecting system",A,An artificial horizon (attitude indicator) uses a vertical axis gyroscope with two degrees of freedom. It is continuously aligned to the local gravity vector by a pneumatic or electrical erecting system to keep it vertical.
Instrumentation,1218,"When an aircraft has turned 270 degrees with a constant attitude and bank, the pilot observes the following on a classic artificial horizon :",too much nose-up and bank too high.,too much nose-up and bank too low.,attitude and bank correct.,too much nose-up and bank correct.,A,"Due to centrifugal forces acting on the gravity erectors during a turn, a classical artificial horizon experiences turn errors. After a 270-degree turn, the indicated attitude shows an erroneous nose-up pitch and too high bank."
Instrumentation,1219,"When an aircraft has turned 360 degrees with a constant attitude and bank, the pilot observes the following on a classic artificial horizon :",attitude and bank correct,too much nose-up and bank too low,too much nose-up and bank correct,too much nose-up and bank too high,A,"After a complete 360-degree turn, the acceleration errors induced on the gravity erectors average out and cancel each other, returning the horizon bar to the correct attitude and bank indications."
Instrumentation,1220,"When an aircraft has turned 90 degrees with a constant attitude and bank, the pilot observes the following on a classic artificial horizon :",too much nose-up and bank too low,attitude and bank correct,too much nose-up and bank correct,too much nose-up and bank too high,A,"Due to acceleration forces acting on the pendulous vanes of the erecting system, a 90-degree turn results in an indicated nose-up pitch error and an under-indicated (too low) bank angle."
Instrumentation,1221,A gravity type erector is used in a vertical gyro device to correct errors on :,an artificial horizon,a directional gyro unit,a turn indicator,a gyromagnetic indicator,A,Gravity-type erecting systems (such as pendulous vanes or mercury switches) are used in vertical gyros to continuously align the spin axis of the artificial horizon with the local gravity vector.
Instrumentation,1222,"Following 180° stabilized turn with a constant attitude and bank, the artificial horizon indicates :",too high pitch-up and too low banking,too high pitch-up and correct banking,attitude and banking correct,too high pitch up and too high banking,A,"After a 180-degree stabilized turn, the cumulative effect of turning errors on the classical attitude indicator produces a maximum pitch-up error and an under-indicated (too low) bank angle."
Instrumentation,1223,"During an acceleration phase at constant attitude, the resetting principle of the artificial horizon results in the horizon bar indicating a :",nose-up attitude,nose-down attitude,constant attitude,nose-down followed by a nose-up attitude,A,"During linear acceleration, the gravity-sensing erecting system is deflected rearward by inertia. This causes the gyroscope to precess, resulting in an erroneous nose-up indication on the horizon bar."
Instrumentation,1224,A Stand-by-horizon or emergency attitude indicator:,Contains its own separate gyro,Is automatically connected to the primary vertical gyro if the alternator fails,Is fully independent of external energy resources in an emergency situation,Only works of there is a complete electrical failure,A,"A standby or emergency attitude indicator is self-contained with its own independent gyroscope, ensuring that attitude information remains available even if the main vertical gyro or primary electrical systems fail."
Instrumentation,1225,(Use the appendix to answer this question)The diagram which shows a 40° left bank and 15° nose down attitude is n°,1,2,3,4,A,"Based on the reference diagrams for cockpit instruments, Diagram 1 correctly depicts a 40-degree left bank combined with a 15-degree nose-down pitch attitude."
Instrumentation,1226,A gravity erector system is used to correct the errors on :,an artificial horizon.,a directional gyro.,a turn indicator.,a gyromagnetic compass.,A,A gravity erector system is utilized specifically in the vertical gyro of an artificial horizon to sense the local vertical and correct for gyro precession.
Instrumentation,1227,"Under normal operating conditions, when an aircraft is in a banked turn, the rate- of-turn indicator is a valuable gyroscopic flight control instrument , when it is associated with an attitude indicator it indicates :1. the angular velocity of the aircraft about the yaw axis2. The bank of the aircraft3. The direction of the aircraft turn4. The angular velocity of the aircraft about the real verticalThe combination of correct statements is :","1,3.","1,2.","3,4.","2,4.",A,"The rate-of-turn indicator shows the rate of yaw about the aircraft's vertical axis (1) and indicates the direction of the turn (3), while the attitude indicator shows the bank angle."
Instrumentation,1228,A turn indicator is built around a gyroscope with:,2 degrees of freedom.,0 degree of freedom.,1 degree of freedom.,3 degrees of freedom.,A,"Under the specific EASA ATPL definition, a turn indicator gyro is described as having two degrees of freedom (if counting the spin axis as one of the degrees of freedom)."
Instrumentation,1229,"When, in flight, the needle and ball of a needle-and-ball indicator are on the right, the aircraft is :",turning right with too much bank,turning right with not enough bank,turning left with too much bank,turning left with not enough bank,A,"When the needle is to the right (indicating a right turn) and the ball is to the right, the aircraft is slipping. In a slip, the aircraft has too much bank for the rate of turn, causing the ball to slide to the inside of the turn (the right)."
Instrumentation,1230,"When, in flight, the needle of a needle-and-ball indicator is on the right and the ball on the left, the aircraft is :",turning right with not enough bank,turning right with too much bank,turning left with not enough bank,turning left with too much bank,A,"When the needle is to the right (right turn) but the ball is on the left (outside), the aircraft is skidding. A skid indicates there is not enough bank for the rate of turn, causing centrifugal force to fling the ball to the outside (left)."
Instrumentation,1231,"When, in flight, the needle of a needle-and-ball indicator is on the left and the ball on the right, the aircraft is:",turning left with not enough bank,turning left with too much bank,turning right with not enough bank,turning right with too much bank,A,"A needle to the left (left turn) and ball to the right (outside of the turn) indicates a skid, meaning the aircraft has insufficient bank angle for the rate of turn."
Instrumentation,1232,"An airborne instrument, equipped with a gyro with 1 degree of freedom and a horizontal spin axis is a :",turn indicator,gyromagnetic compass,fluxgate compass,directional gyro,A,A turn indicator (or turn and slip coordinator) utilizes a rate gyroscope with one degree of freedom (one gimbal ring) and a horizontal spin axis to measure rate of yaw.
Instrumentation,1233,"In a turn at constant rate, the turn indicator reading is:",inversely proportional to the aircraft true airspeed,proportional to the aircraft true airspeed,independent to the aircraft true airspeed,proportional to the aircraft weight,A,"For a given bank angle, the rate of turn is calculated as R = g * tan(bank) / TAS. Therefore, the rate of turn (and turn indicator reading) is inversely proportional to the True Airspeed (TAS)."
Instrumentation,1234,"In a Turn-indicator, the measurement of rate-of-turn consists for :","low bank angles, in measuring the yaw rate","low bank angles , in measuring the roll rate","high bank angles,in measuring the yaw rate","high bank angles, in measuring the roll rate",A,"At low bank angles, a rate gyro with a horizontal spin axis oriented along the lateral axis measures the rate of yaw about the aircraft's vertical axis."
Instrumentation,1235,"At a low bank angle, the measurement of rate-of-turn actually consists in measuring the :",yaw rate of the aircraft,pitch rate of the aircraft,roll rate of the aircraft,angular velocity of the aircraft,A,"In a standard turn indicator, the rate gyro measures the aircraft's yaw rate, which is the angular velocity about its normal (vertical) axis, particularly at low bank angles."
Instrumentation,1236,The rate-of-turn is the:,change-of-heading rate of the aircraft,yaw rate in a turn,aircraft speed in a turn,pitch rate in a turn,A,"Rate of turn is defined as the rate at which the aircraft changes its heading, measured in degrees per second (with a Rate 1 turn being 3 degrees per second)."
Instrumentation,1237,"On the ground, during a right turn, the turn indicator indicates :","needle to the right, ball to left","needle to the right, ball to right","needle in the middle, ball to right","needle in the middle, ball to left",A,"During a right turn on the ground, the needle deflects to the right (following the turn rate), while centrifugal force pushes the slip indicator ball to the left (the outside of the turn)."
Instrumentation,1238,"On the ground, during a left turn, the turn indicator indicates :","needle to the left, ball to the right","needle to the left, ball to the left","needle in the middle, ball to the right","needle in the middle, ball to the left",A,"During a left turn taxiing, the turn needle deflects left to show the turn direction, and centrifugal force moves the slip ball to the right."
Instrumentation,1239,"When, in flight, the needle and ball of a needle-and-ball indicator are on the left, the aircraft is:",turning left with too much bank,turning left with not enough bank,turning right with too much bank,turning right with not enough bank,A,"A needle pointing left indicates a left turn. A ball on the left (inside of the turn) indicates a slip, meaning the bank angle is too steep (too much bank) for the rate of turn."
Instrumentation,1240,A turn indicator is an instrument which indicates rate of turn.Rate of turn depends upon :1 : bank angle2 : aeroplane speed3 : aeroplane weightThe combination regrouping the correct statements is :,1 and 2.,1 and 3.,2 and 3.,"1, 2, and 3.",A,"The rate of turn in a coordinated turn depends entirely on the bank angle (1) and the aircraft's speed (2), and is independent of the aircraft's weight."
Instrumentation,1241,(For this question use appendix )The diagram representing a left turn with insufficient rudder is:,4,1,2,3,A,"A left turn with insufficient rudder (skidding) is represented by Diagram 4, showing the needle deflected to the left and the slip ball displaced to the right (outside the turn)."
Instrumentation,1242,The turn rate indicator uses a gyroscope:1 - with one degree of freedom.2 - with two degrees of freedom3 - the frame of which is supported by two return springs.4 - the spinning wheel axis of which is parallel to the pitch axis.5 - the spinning wheel axis of which is parallel to the yawing axis.6 - the spinning wheel axis of which is horizontal.The combination regrouping all the correct statements is:,03-Jan,2001-03-04,05-Fev,06-Jan,A,"The turn rate indicator gyroscope has one degree of freedom (Statement 1) and its frame is supported by two return springs (Statement 3), which corresponds to the option '03-Jan'."
Instrumentation,1243,"An aircraft is flying at a 120 kt true airspeed (VV), in order to achieve a rate 1 turn, the pilot will have to bank the aircraft at an angle of:",18°.,12°.,36°.,30°.,A,"The approximate bank angle required for a Rate 1 turn (3°/sec) can be estimated using the formula: Bank Angle = (TAS / 10) + 7. For 120 knots: (120 / 10) + 7 = 19°, which matches the closest option of 18°."
Instrumentation,1244,"While inertial platform system is operating on board an aircraft, it is necessary to use a device with the following characteristics, in order to keep the vertical line with a pendulous system:",with damping and a period of about 84 minutes.,without damping and a period of about 84 minutes,without damping and a period of about 84 seconds,with damping and a period of 84 seconds,A,"To prevent horizontal accelerations from causing errors in the local vertical reference, inertial platforms are Schuler-tuned to have a damped oscillatory period of approximately 84.4 minutes."
Instrumentation,1245,The heading reference unit of a three-axis data generator is equipped with a gyro with:,2 degrees of freedom and horizontal spin axis,2 degrees of freedom and vertical spin axis,1 degree of freedom and horizontal spin axis,1 degree of freedom and vertical spin axis,A,A gyros stabilized heading reference unit utilizes an azimuth gyro with two degrees of freedom and a horizontal spin axis to maintain a stable directional reference.
Instrumentation,1246,The vertical reference unit of a three-axis data generator is equipped with a gyro with :,2 degrees of freedom and vertical spin axis,2 degrees of freedom and horizontal spin axis,1 degree of freedom and horizontal spin axis,1 degree of freedom and vertical spin axis,A,The vertical reference unit (VRU) of an attitude system uses a vertical gyroscope with two degrees of freedom and a vertical spin axis to track pitch and roll.
Instrumentation,1247,"In order to align a strapdown inertial unit, it is required to insert the local geographical coordinates. This is necessary to:",Position the computing trihedron with reference to earth.,Check operation of laser gyros.,Determine magnetic or true heading.,Re-erect laser gyros.,A,"In a strapdown inertial reference system (IRS), entering the local geographical coordinates (latitude and longitude) is necessary to align the computer's mathematical coordinate system (the computing trihedron) with the Earth."
Instrumentation,1248,The quadrantal deviation of the magnetic compass is due to the action of :,the soft iron pieces influenced by the geomagnetic field,the hard iron ices and the soft iron pieces influenced by the hard iron pieces,the hard iron pieces influenced by the geomagnetic field,the hard iron pieces influenced by the mild iron pieces,A,Quadrantal deviation is caused by the magnetic field induced in temporary (soft) iron components of the aircraft structure by the Earth's geomagnetic field. It varies as a sine of twice the heading.
Instrumentation,1249,"A pilot wishes to turn right on to a southerly heading with 20° bank at a latitude of 20° North. Using a direct reading compass, in order to achieve this he must stop the turn on an approximate heading of :",210°,150°,170°,190°,A,"In the Northern Hemisphere, when turning onto a southerly heading, the compass card leads (overshoots) the actual heading. To roll out on South (180°) during a right turn, the pilot must roll out when the compass indicates 210°."
Instrumentation,1250,"A pilot wishes to turn left on to a southerly heading with 20° bank at a latitude of 20° North. Using a direct reading compass, in order to achieve this he must stop the turn on an approximate heading of :",160°,200°,170°,190°,A,"In the Northern Hemisphere, turning left onto a southerly heading causes the compass to overshoot. To roll out on South (180°), the pilot must stop the turn when the compass reads 160°."
Instrumentation,1251,"A pilot wishes to turn left on to a northerly heading with 10° bank at a latitude of 50° North. Using a direct reading compass, in order to achieve this he must stop the turn on an approximate heading of :",030°,355°,330°,015°,A,"In the Northern Hemisphere, when turning left onto North (360°), the compass lags (undershoots). The pilot must continue the turn past the compass-indicated North and roll out when the compass shows approximately 030°."
Instrumentation,1252,"A pilot wishes to turn right on to a northerly heading with 20° bank at a latitude of 40° North. Using a direct reading compass, in order to achieve this he must stop the turn on to an approximate heading of :",330°,350°,030°,010°,A,"In the Northern Hemisphere, turning right onto a northerly heading causes the compass to lag. To roll out on North (360°), the pilot must overshoot the compass reading and roll out when it displays 330°."
Instrumentation,1253,The purpose of compass swinging is to determine the deviation of a magnetic compass :,on any heading,on a given heading,at any latitude,at a given latitude,A,"Compass swinging is performed on the ground to determine the residual magnetic deviation on various headings, allowing the creation of a compass correction card for any heading flown."
Instrumentation,1254,The compass heading can be derived from the magnetic heading by reference to a:,compass swinging curve,map showing the isoclinic lines,deviation correction curve,map showing the isogonic lines,A,The deviation correction card (or compass swinging curve/table) is used to convert Compass Heading (CH) to Magnetic Heading (MH) by accounting for aircraft-specific deviation errors.
Instrumentation,1255,The magnetic heading can be derived from the true heading by means of a :,map showing the isogonal lines,map showing the isoclinic lines,deviation correction curve,compass swinging curve,A,"Magnetic variation (the angle between true and magnetic north) is obtained from charts showing isogonic (or isogonal) lines, allowing the pilot to convert True Heading to Magnetic Heading."
Instrumentation,1256,The fields affecting a magnetic compass originate from:1. magnetic masses2. ferrous metal masses3. non ferrous metal masses4. electrical currentsThe combination of correct statements is:,"1, 2, 4","1, 2, 3","1, 2, 3, 4","1, 3, 4",A,"Magnetic compass errors arise from permanent magnetic fields in the aircraft structure (1), induced magnetism in ferrous metal components (2), and electromagnetic fields generated by electrical currents (4)."
Instrumentation,1257,"In the northern hemisphere, during deceleration following a landing in an Easterly direction, the magnetic compass will indicate :",an apparent turn to the South.,an apparent turn to the North.,a constant heading.,a heading fluctuating about 090°.,A,Deceleration in the Northern Hemisphere on an easterly heading causes the compass card to tilt and swing toward the South due to the inertia of the compass magnet assembly.
Instrumentation,1258,"During deceleration following a landing in Northerly direction, the magnetic compass will indicate :",no apparent turn.,an apparent turn to the East.,an apparent turn to the West.,a heading fluctuating about 360°.,A,"Inertial acceleration and deceleration errors only affect the compass on easterly and westerly headings. When heading due North or South, deceleration produces no apparent turn error."
Instrumentation,1259,"During deceleration following a landing in a Southerly direction, the magnetic compass will indicate :",no apparent turn.,an apparent turn to the East.,an apparent turn to the West.,a heading fluctuating about 180°.,A,"Because the acceleration/deceleration forces act along the magnetic meridian when flying due North or South, they do not create a torque to deflect the compass card, resulting in no apparent turn error."
Instrumentation,1260,"In the Southern hemisphere, during deceleration following a landing in a Westerly direction, the magnetic compass will indicate :",an apparent turn to the North.,an apparent turn to the South.,no apparent turn.,a heading fluctuating about 270°.,A,"In the Southern Hemisphere, decelerating on a westerly heading causes the compass magnet assembly to pivot, creating an apparent turn toward the North."
Instrumentation,1261,"In the Northern hemisphere, during deceleration following a landing in a Westerly direction, the magnetic compass will indicate :",an apparent turn to the South.,an apparent turn to the North.,no apparent turn.,a heading fluctuating about 270°.,A,"Decelerating on a westerly heading in the Northern Hemisphere causes the compass card to pivot under gravity, resulting in an apparent turn indication toward the South."
Instrumentation,1262,"In the Southern hemisphere, during deceleration following a landing in an Easterly direction, the magnetic compass will indicate :",an apparent turn to the North.,an apparent turn to the South.,no apparent turn.,a heading fluctuating about 090°.,A,"Decelerating on an easterly heading in the Southern Hemisphere shifts the center of gravity of the compass card, causing it to display an apparent turn toward the North."
Instrumentation,1263,The quadrantal deviation of a magnetic compass is corrected by using :,soft iron pieces,hard iron pieces,pairs of permanent magnets,magnetized needles,A,Quadrantal deviation is corrected using soft iron correctors (such as spheres or plates) mounted near the compass to counter the magnetism induced in the aircraft's soft iron structure.
Instrumentation,1264,"An aircraft takes-off on a runway with an alignment of 045°. The isogonic line on the area chart indicates 0°. The compass deviation is O°.On a take-off with zero wind, the northerly turning error:",is such that the compass will indicate a value noticeably below 045°.,is such that the compass will indicate a value noticeably above 045°.,will be nul if the wings are kept level.,will be nul,A,"Acceleration during take-off on an easterly heading (such as 045°) causes the compass card to rotate, indicating an apparent turn to the North (a value noticeably below 045°)."
Instrumentation,1265,"When turning onto a northerly heading the rose of a magnetic compass tends to """"undershoot,"""" when turning onto a southerly heading it tends to """"overshoot"""":1)these compass indications are less reliable in the northern hemisphere than in the southern hemisphere.2)these compass oscillations following a lateral gust are not identical if the aircraft is heading north or south.3) this behaviour is due to the mechanical construction of the compass. 4) this behaviour is a symptom of a badly swung compass.The correct statements are :",2 and 3.,"1, 2, and 4.","2, 3, and 4.",1 and 3.,A,"The differing overshoot/undershoot behaviors are due to the magnetic dip and pendulous design of the compass (3), which also means lateral gusts produce different oscillations when heading north versus south (2)."
Instrumentation,1266,"Among the errors of a magnetic compass, are errors:","in North seeking, due to bank angle and magnetic heading",due to cross-wind gusts particularly on westerly or easterly headings,due to Schüler type oscillations,"of parallax, due to oscillations of the compass rose",A,Direct-reading magnetic compasses suffer from turning and acceleration errors caused by the vertical component of the Earth's magnetic field acting on the card when it tilts during banks or acceleration.
Instrumentation,1267,The purpose of a compass swing is to attempt to coincide the indications of:,compass north and magnetic north.,compass north and true north.,true north and magnetic north.,compass north and the lubber line.,A,"A compass swing is a calibration procedure designed to minimize compass deviation, aligning the compass card's indicator (Compass North) as closely as possible with the Earth's local Magnetic North."
Instrumentation,1268,"In a steep turn, the northerly turning error on a magnetic compass on the northern hemisphere is:",equal to 180° on a 090° heading in a right turn.,none on a 270° heading in a left turn.,none on a 090° heading in a right turn.,equal to 180° on a 270° heading in a right turn.,A,"In steep turns in the Northern Hemisphere, turning through East (090°) in a right turn causes the magnetic compass to experience turning errors that can result in a maximum indication error of up to 180° due to the card's tilt."
Instrumentation,1269,Magnetic compass swinging is carried out to reduce as much as possible :,deviation.,variation.,regulation.,acceleration.,A,The objective of swinging the compass is to adjust the internal compensating magnets to reduce magnetic deviation (the error caused by the aircraft's own magnetic field) to the minimum possible levels.
Instrumentation,1270,"A flux valve senses the changes in orientation of the horizontal component of the earth's magnetic field.1- the flux valve is made of a pair of soft iron bars2- the primary coils are fed A.C. voltage (usually 487.5 Hz)3- the information can be used by a """"flux gate"""" compass or a directional gyro4- the flux gate valve casing is dependent on the aircraft three inertial axis5- the accuracy on the value of the magnetic field indication is less than 0,5%Which of the following combinations contains all of the correct statements?",2002-03-05,1 - 3 - 4 - 5,05-Mar,2001-04-05,A,"A flux valve secondary coil is fed with AC voltage (Statement 2), its heading information is used by a gyromagnetic compass or directional gyro (Statement 3), and its accuracy is very high (Statement 5), matching option '2002-03-05' (representing statements 2, 3, and 5)."
Instrumentation,1271,"In low altitude radio altimeters, the reading is zero when main landing gear wheels are on the ground. For this, it is necessary to:",account for signal processing time in the unit and apply a correction factor to the reading.,place the antennas on the bottom of the aeroplane.,"change the display scale in short final, in order to have a precise readout.",compensate residual altitude due to antennas height above the ground and coaxial cables length.,A,"To ensure the radio altimeter displays exactly zero height when the landing gear touches the runway, the system must account for signal processing time and the height of the antenna installations, applying a correction factor to subtract this residual offset."
Instrumentation,1272,The aircraft radio equipment which emits on a frequency of 4400 MHz is the :,radio altimeter.,high altitude radio altimeter.,weather radar.,primary radar.,A,"Low-altitude radio altimeters operate in the C-band frequency range between 4200 MHz and 4400 MHz, emitting frequency-modulated signals downward to determine height above the terrain."
Instrumentation,1273,The low-altitude radio altimeters used in precision approaches:1 operate in the 1540-1660 MHz range.2 are of the pulsed type.3 are of the frequency modulation type.4 have an operating range of 0 to 5000 ft.5 have a precision of +/- 2 feet between 0 and 500 ft.The combination of the correct statements is :,"3, 5","3, 4","2, 3, 4","1, 2, 5",A,"Radio altimeters use frequency modulation (Statement 3) and have a high precision of +/- 2 feet when below 500 feet (Statement 5), which makes '3, 5' the correct combination."
Instrumentation,1274,The data supplied by a radio altimeter:,indicates the distance between the ground and the aircraft.,concerns only the decision height.,is used only by the radio altimeter indicator.,is used by the automatic pilot in the altitude hold mode.,A,The primary function of a radio altimeter is to measure and display the absolute distance (height) between the aircraft's antennas and the ground directly below it.
Instrumentation,1275,"In low altitude radio altimeters, the height measurement (above the ground) is based upon:","a frequency modulation wave, for which the frequency variation between the transmitted wave and the received wave after ground reflection is measured.","a pulse transmission, for which time between transmission and reception is measured on a circular scanning screen.","a wave transmission, for which the frequency shift by DOPPLER effect after ground reflection is measured.","a triangular amplitude modulation wave, for which modulation phase shift between transmitted and received waves after ground reflection is measured.",A,"Radio altimeters use Frequency Modulated Continuous Wave (FMCW) transmission. By measuring the difference in frequency between the transmitted signal and the reflected echo received from the ground, the system calculates the exact transit time and height."
Instrumentation,1276,Modern low altitude radioaltimeters emit waves in the following frequency band:,SHF (Super High Frequency).,VLF (Very Low Frequency).,HF (High Frequency).,UHF (Ultra High Frequency).,A,The operating frequency of 4.2 to 4.4 GHz used by radio altimeters lies within the Super High Frequency (SHF) band of the electromagnetic spectrum.
Instrumentation,1277,The operating frequency range of a low altitude radio altimeter is:,4200 MHz to 4400 MHz.,5400 MHz or 9400 MHz.,2700 MHz to 2900 MHz.,5 GHz.,A,The internationally allocated frequency band for aeronautical radio altimeters is from 4200 MHz to 4400 MHz (4.2 GHz to 4.4 GHz).
Instrumentation,1278,The Decision Height (DH) warning light comes on when an aircraft:,descends below a pre-set radio altitude.,passes over the outer marker.,descends below a pre-set barometric altitude.,passes over the ILS inner marker.,A,The Decision Height (DH) alert is triggered by the radio altimeter system when the aircraft descends below the decision height height preselected on the radio altimeter indicator.
Instrumentation,1279,The operation of the radio altimeter of a modern aircraft is based on:,frequency modulation of the carrier wave.,amplitude modulation of the carrier wave.,pulse modulation of the carrier wave.,a combination of frequency modulation and pulse modulation.,A,Low-altitude radio altimeters measure distance to the ground by transmitting a frequency-modulated continuous wave (FMCW) and analyzing the frequency shift of the returned echo.
Instrumentation,1280,A radio altimeter can be defined as a :,self-contained on-board aid used to measure the true height of the aircraft,self-contained on-board aid used to measure the true altitude of the aircraft,ground radio aid used to measure the true height of the aircraft,ground radio aid used to measure the true altitude of the aircraft,A,"A radio altimeter is a self-contained, active on-board sensor that measures the true height of the aircraft above the terrain, rather than altitude above sea level or standard pressure datum."
Instrumentation,1281,"For most radio altimeters, when a system error occurs during approach the ..",Height indication is removed,DH lamp flashes red and the audio signal sounds,DH lamp flashes red,Audio warning signal sounds,A,"In the event of a system failure or loss of signal tracking, the radio altimeter flag is displayed and the height numerical indication is removed from the screen to prevent misleading guidance."
Instrumentation,1282,"During the approach, a crew reads on the radio altimeter the value of 650 ft. This is an indication of the true:",height of the lowest wheels with regard to the ground at any time.,height of the aircraft with regard to the ground at any time.,height of the aircraft with regard to the runway.,altitude of the aircraft.,A,A radio altimeter reading represents the absolute height of the aircraft (specifically from its antennas) above the ground surface directly underneath the flight path.
Instrumentation,1283,Regarding Electronic Instrument System (EFIS) :1- the Navigation Display (ND) displays Flight Director Bars.2- the altimeter setting is displayed on the PFD (Primary Flight Display).3- the PFD is the main flying instrument.4- the FMA (Flight Mode Annunciator) is part of the ND.The combination regrouping all the correct statements is :,"2, 3.","3, 4.","1, 4.","1, 2.",A,"In an Electronic Flight Instrument System (EFIS), the selected altimeter setting is displayed on the PFD (Statement 2), and the PFD functions as the main piloting display (Statement 3)."
Instrumentation,1284,The Primary Flight Display (PFD) displays information dedicated to:,piloting.,weather situation.,engines and alarms.,systems.,A,"The Primary Flight Display (PFD) is designed to aggregate critical piloting information, including attitude, speed, altitude, vertical speed, and flight director commands."
Instrumentation,1285,"All the last generation aircraft use flight control systems. The Flight Management System (FMS) is the most advanced system , it can be defined as a:",global 3-D Flight Management System,management system optimized in the vertical plane,management system optimized in the horizontal plane,global 2-D Flight Management System,A,"A Flight Management System (FMS) is an integrated navigation and performance system that provides global 3-D guidance (lateral navigation, vertical navigation, and speed schedules) along the flight path."
Instrumentation,1286,When the altitude acquisition mode is engaged on a jet transport airplane equipped with autopilot (AP) and auto-throttle (ATS) systems the:,indicated airspeed (IAS) is maintained constant by the autopilot by means of elevator.,true airspeed (TAS) is maintained constant by the autopilot by means of elevator.,true airspeed (TAS) is maintained constant by the auto-throttle system.,indicated airspeed (IAS) is maintained constant by the auto-throttle system.,A,"In altitude acquisition mode, the autopilot uses the elevator control loop to manage pitch and capture the preselected altitude, maintaining a constant Indicated Airspeed (IAS) in coordination with the auto-throttle."
Instrumentation,1287,Flight Director Information supplied by an FD computer is presented in the form of command bars on the following instrument:,ADI Attitude Display Indicator.,BDHI Bearing Distance Heading Indicator.,RMI Radio Magnetic Indicator.,HSI Horizontal Situation Indicator.,A,The Flight Director command bars (pitch and roll guides) are displayed on the Attitude Director Indicator (ADI) or the Primary Flight Display (PFD) to guide the pilot's control inputs.
Instrumentation,1288,"The Head Up Display (HUD) is a device allowing the pilot, while still looking outside, to have:",a synthetic view of the instrument procedure.,a flying and flight path control aid.,a monitoring of engine data.,a monitoring only during Cat III precision approaches.,A,"A Head-Up Display (HUD) projects critical flight data, flight path vectors, and guidance symbols directly onto a transparent visor in the pilot's line of sight, serving as an advanced flight path control aid."
Instrumentation,1289,"For capturing and keeping a preselected magnetic heading, the flight director computer takes into account:1- track deviation2- rate of track closure3- rate of change of track closure4- wind velocity given by the inertial reference unitThe combination regrouping all the correct statements is :","1,2,3","1,2,4","2,3,4","1,3,4",A,"To capture and track a preselected heading, the flight director computer calculates the lateral track deviation (1), the rate at which the aircraft is closing on the track (2), and the acceleration rate of track closure (3)."
Instrumentation,1290,The essential components of a flight director are :1- a computer2- an automatic pilot3- an autothrottle4- command barsThe combination of correct statements is :,"1,4","1,2","2,4","2,3",A,The flight director system is comprised of a guidance computer (1) to calculate steering commands and the command bars (4) on the attitude indicator to display those steering cues.
Instrumentation,1291,"The """"heading hold"""" mode is selected on the flight director (FD) with a course to steer of 180°. Your aircraft holds a heading of 160°. The vertical bar of the FD:",is centered if the aircraft is on optimum path to join heading 180°,is centered if the aircraft has a starboard drift of 20°,is centered if the aircraft has a port drift of 20°,cannot be centered,A,"The vertical command bar of a flight director represents lateral guidance. When heading hold is active, it remains centered if the pilot is following the optimum bank angle and steering path to intercept the selected course."
Instrumentation,1292,"Mode """"Localizer ARM"""" active on Flight Director means:",System is armed for localizer approach and coupling will occur upon capturing center line,"Localizer ALARM, making localizer approach not authorized",Coupling has occurred and system provides control data to capture the centerline,Localizer is armed and coupling will occur when flag warning disappears,A,'Localizer ARM' mode indicates that the autopilot or flight director has been set to capture the localizer signal and will automatically transition to active tracking (coupling) when the aircraft nears the beam centerline.
Instrumentation,1293,"An aeroplane is equipped with a Flight Director (with crosshair trend bars), heading 270°, in HDG mode (heading hold). A new heading, of 360°, is selected the vertical trend bar :",deviates to the right and will be centred as soon as you roll the aircraft to the bank angle calculated by the flight director.,deviates to the right and remains in that position until the aircraft has reached heading 360°.,"disappears, the new heading selection has deactivated the HDG mode.",deviates to its right stop as long as the aeroplane is more than 10° off the new selected heading.,A,"Selecting a new heading to the right causes the vertical steering bar to deflect right. Once the pilot banks the aircraft to the angle commanded by the flight director, the bar centers, indicating the turn is being executed correctly."
Instrumentation,1294,The position of a Flight Director command bars:,"indicates the manoeuvers to execute, to achieve or maintain a flight situation.",repeats the ADI and HSI information,enables the measurement of deviation from a given position.,only displays information relating to radio-electric deviation.,A,The flight director command bars indicate the precise pitch and roll adjustments the pilot must make to fly the aircraft along the pre-programmed flight path or target profile.
Instrumentation,1295,"On a modern aircraft, the flight director modes are displayed on the:",upper strip of the PFD (Primary Flight Display).,upper strip of the ND (Navigation Display).,upper strip of the ECAM (Electronic Centralized A/C Management).,control panel of the flight director only.,A,The engaged and armed modes of the flight director and autopilot are displayed in the Flight Mode Annunciator (FMA) box located on the upper strip of the Primary Flight Display (PFD).
Instrumentation,1296,The aim of the flight director is to provide information to the pilot:,allowing him to return to a desired path in an optimal way.,about his position with regard to a radioelectric axis.,allowing him to return to a desired path according to a 45° intercept angle.,allowing him to return to a desired path according to a 30° intercept angle.,A,The primary aim of the flight director is to calculate and display real-time steering commands that allow the pilot to capture and maintain a desired flight path or target profile optimally.
Instrumentation,1297,"(For this question use annex 022-9768A)An aircraft is under guidance mode following a VOR radial. From the ADI and HSI information represented in the enclosed annex, it is possible to deduce that the aircraft is :",experiencing a leftside wind.,located to the leftside of the selected radial.,located to the rightside of the selected radial.,experiencing rightside wind.,A,"By comparing the heading, track, and drift indications on the ADI and HSI, the offset shows the aircraft is crabbed to the right to maintain the radial, indicating a wind component coming from the left."
Instrumentation,1298,The flight director indicates the :,optimum instantaneous path to reach selected radial.,optimum path at the moment it is entered to reach a selected radial.,path permitting reaching a selected radial in minimum time.,path permitting reaching a selected radial over a minimum distance.,A,The flight director continuously computes and displays the optimum instantaneous steering commands required to intercept and track a selected radial or flight path.
Instrumentation,1299,For this question use annex (022-10179A)Four scenarios of VOR axis interception are represented in the appended annex. The one corresponding to the optimal interception path calculated by a flight director is number :,2,1,4,3,A,"Scenario 2 illustrates the optimal, asymptotic interception path calculated by the flight director, which prevents overshooting the target VOR radial centerline."
Instrumentation,1300,The command bars of a flight director are generally represented on an:,ADI (Attitude Director Indicator),HSI (Horizontal Situation Indicator),RMI (Radio Magnetic Indicator),ILS (Instrument Landing System),A,"Flight director command bars are displayed on the Attitude Director Indicator (ADI), or its electronic equivalent (the PFD), superimposing pitch and roll commands over the attitude display."
Instrumentation,1301,"(For this question use annex 022-10217A)After having programmed your flight director, you see that the indications of your ADI (Attitude Director Indicator) are as represented in diagram N°1 of the appended annex. On this instrument, the command bars indicate that you must bank your airplane to the left and :",increase the flight attitude until the command bars recentre on the symbolic airplane.,decrease the flight attitude until the command bars recentre on the symbolic airplane.,increase the flight attitude until the command bars recentre on the horizon.,decrease the flight attitude until the command bars recentre on the horizon.,A,"In Diagram 1, the pitch bar is above the symbolic airplane. To follow this command, the pilot must pull back to pitch up (increase flight attitude) until the symbolic airplane nose aligns with the pitch bar."
Instrumentation,1302,"(For this question use annex 022-11232A)After having programmed your flight director, you see that the indications of your ADI (Attitude Director indicator) are as represented in diagram N°1 of the appended annex. On this instrument, the command bars indicate that you must :",increase the flight attitude and bank your airplane to the left until the command bars recentre on the symbolic aeroplane.,increase the flight attitude and bank your aeroplane to the right until the command bars recentre on the symbolic aeroplane.,decrease the flight attitude and bank your airplane to the left until the command bars recentre on the symbolic aeroplane.,decrease the flight attitude and bank your airplane to the right until the command bars recentre on the symbolic aeroplane.,A,"According to the crosshair command bars in the diagram, the horizontal bar is high (requiring a pitch-up) and the vertical bar is to the left (requiring a left bank). The pilot must combine these inputs until the command bars recenter on the aircraft symbol."
Instrumentation,1303,"The synchronization of the autopilot control channel system :1- enables the prevention of jerks during disengagement 2- enables the cancellation of rudder control signals3- enables the prevention of jerks during engagement4- functions in the heading, navigation, approach modesThe combination regrouping all the correct statements is:","3, 4","2, 4","1, 4","2, 3",A,"The synchronization system aligns the autopilot servo actuators with the current flight control position prior to engagement, preventing sudden control inputs (jerks) when engaging the autopilot (3) across various flight modes (4)."
Instrumentation,1304,"(For this question use annex 022-3880A)The block diagram of an auto-pilot is shown in the annex.For each control channel (pitch, roll and yaw) the piloting law is the relationship between the deflection of the control surface commanded by the computer (BETA c) and the:",offset EPSILON at the computer input.,pilot command E.,aircraft response S.,real deflection of the control surface (BETA control surface feedback).,A,The piloting law of an autopilot channel determines the commanded control surface deflection (BETA c) as a function of the error offset (EPSILON) detected at the input of the flight control computer.
Instrumentation,1305,Landing shall be considered as having been carried out automatically when the autopilot and the auto-throttle of an aircraft are disengaged by flight crew :,during ground roll.,during the flare.,at the decision height.,at the outer marker.,A,"A landing is considered fully automatic if the autopilot and auto-throttle remain engaged to guide the aircraft through touchdown and flare, and are only disengaged by the crew during the rollout on the runway."
Instrumentation,1306,A pilot has to carry out a single-pilot IFR flight on a light twin-engined aircraft for cargo transport. The purpose of the automatic pilot is at least to hold the:,heading and to hold the altitude,heading,altitude,"heading, to hold the altitude and to have a radio axis tracking function",A,"To meet regulatory requirements for single-pilot IFR operations, the autopilot must at least be capable of stabilizing the flight path by holding a selected heading and maintaining a selected altitude."
Instrumentation,1307,An automatic landing is carried out when the automatic pilot :,"and the autothrottle ensure a correct final approach, at least up to ground roll","ensures a correct final approach, at least up to ground roll while the human pilot controls the power","and the autothrottle ensure a correct final approach, at least up to flare-out","and the autothrottle ensure a correct final approach, at least up to flare-out while the human pilot controls the power",A,An automatic landing requires that both the autopilot (for flight path tracking) and the auto-throttle (for speed management) control the aircraft down through flare and touchdown to the ground roll.
Instrumentation,1308,A closed loop control system in which a small power input controls a much larger power output in a strictly proportionate manner is known as :,a servomechanism.,an amplifier.,a feedback control circuit.,an autopilot.,A,"A servomechanism is a closed-loop control system that uses feedback to control a mechanical position, speed, or other parameter, amplifying a small input signal into a proportionate high-power output."
Instrumentation,1309,The interception of a localizer beam by the autopilot takes place :,at a constant heading,at a constant magnetic course,according to an interception versus radio deviation law,according to an interception versus range and angular,A,The autopilot intercept loop calculates the intercept path and roll commands as a function of the radio deviation (lateral angular distance) from the localizer beam centerline.
Instrumentation,1310,The Altitude Select System:,Is annunciated by light and/or sound when airplane is approaching selected altitude,Illuminates a light when selected altitude is attained,Engages autopilot Auto Trim at selected altitude,Disengages autopilot Auto Trim at selected altitude,A,The altitude alerter or select system generates visual and/or aural warnings to notify the flight crew when the aircraft is approaching or deviating from a preselected altitude.
Instrumentation,1311,"On an autopilot coupled approach, GO AROUND mode is engaged:",by the pilot pushing a button located on the throttles.,by the pilot selecting G.A. mode on the thrust computer control panel.,automatically in case of an autopilot or flight director alarm.,if the aircraft reaches the decision height selected on the radio altimeter at a higher speed than the one selected.,A,Go-around (GA) mode on a coupled approach is engaged by the pilot pushing the takeoff/go-around (TO/GA) switch or button located directly on the thrust levers (throttles).
Instrumentation,1312,"When being engaged, and without selecting a particular mode, an automatic pilot enables :",aeroplane stabilisation with attitude hold or maintaining vertical speed and possibly automatic trim.,aeroplane piloting and guidance functions.,"a constant speed on track, wings horizontal.",all aeroplane piloting and guidance functions except maintaining radio-navigation course lines.,A,"When the autopilot is engaged without selecting a flight director guidance mode, it defaults to basic stabilization, maintaining the current pitch/roll attitude or vertical speed, and engages auto-trim."
Instrumentation,1313,An automatic pilot is a system which can ensure the functions of:,piloting and guidance of an aircraft in both the horizontal and vertical planes.,piloting only.,navigation.,piloting from take-off to landing without any action from the human pilot.,A,"An autopilot is designed to perform both basic stabilization (piloting) and path tracking (guidance) of the aircraft in the pitch, roll, and yaw axes."
Instrumentation,1314,"When the auto-pilot is engaged, the role of the automatic trim is to:",relieve the A.P. servo motor and return the aircraft in-trim at A.P. disconnect,"relieve the pressure on the control column and return, the aircraft in-trim at A.P. disconnect",react to altitude changes in Altitude Hold mode,synchronize the longitudinal loop,A,The auto-trim system continuously adjusts the stabilizer trim to relieve aerodynamic loads on the autopilot pitch servo motor. This ensures the aircraft remains in a trimmed state when the autopilot is disconnected.
Instrumentation,1315,"The command functions of an autopilot include, among others, the holding of :1- vertical speed2- altitude3- attitude4- bank5- headingThe combination which regroups all of the correct statements is :",2001-02-05,1 - 2 - 3 - 5,05-Mar,2002-03-04,A,"Autopilot command functions include holding vertical speed (Statement 1), altitude (Statement 2), and heading (Statement 5), which matches the '2001-02-05' option (statements 1, 2, and 5)."
Instrumentation,1316,"In an auto-pilot slaved powered control circuit, the system which ensures synchronisation :","can itself, when it fails, prevent the automatic pilot from being engaged.",intervenes only when the automatic pilot has been engaged.,prevents uncommanded surface deflection when the automatic pilot is disengaged.,is inhibited when the automatic pilot is engaged.,A,"Autopilot engagement logic checks that the synchronization circuit is functioning. If the synchronization system fails, the autopilot will refuse to engage to prevent unsafe control movements."
Instrumentation,1317,The control law of a transport airplane autopilot control channel may be defined as the relationship between the :,computer input deviation data and the output control deflection signals.,computer input deviation data and the signals received by the servoactuators.,input and output signals at the amplifier level respectively control deviation data and control deflection signals.,crew inputs to the computer and the detector responses (returned to the airplane).,A,"The control law defines the mathematical relationship between the error input signals (deviation from the target heading, altitude, etc.) and the computed output deflection commands sent to the control surface servos."
Instrumentation,1318,"In a transport airplane, an autopilot comprises, in addition to the mode display devices, the following fundamental elements :1- Airflow valve2- Sensors3- Comparators4- Computers5- Amplifiers6- Servo-actuatorsThe combination regrouping all the correct statements is:","2, 3, 4, 5, 6","2, 3, 4, 5","1, 3, 4, 6","1, 2, 6",A,"A standard autopilot feedback loop includes sensors (2) to detect attitude, comparators (3) to calculate deviations, flight computers (4) to run control laws, amplifiers (5) to increase signal strength, and servo-actuators (6) to move the surfaces."
Instrumentation,1319,The correction of the control surface deflection made by the automatic pilot calculator in order to stabilize the longitudinal attitude will be all the more significant as the :1- difference between the reference attitude and the instantaneous attitude is high.2- rate of change of the difference between the reference attitude and the instantaneous attitude is high.3- temperature is low.4- pressure altitude is high.The combination regrouping all the correct statements is:,"1,2.","1, 2, 3, 4.","1, 2, 3.","2, 3, 4.",A,Pitch stabilization correction commands are proportional to the size of the attitude error (1) and the rate at which the attitude is changing (2).
Instrumentation,1320,The correction of the control surface deflection made by the auto-pilot calculator in order to keep a given altitude will be all the more significant when the :1- difference between the attitude necessary to keep the given or reference altitude and the instantaneous attitude is high.2 - variation speed of the difference between the attitude necessary to maintain the altitude and the instantaneous attitude is high.3 - difference between the altitude of reference and the instantaneous altitude is high.4 - variation speed of the difference between the reference altitude and the instantaneous altitude is high.The combination regrouping the correct statements is:,"1, 2, 3 and 4.",1 and 2.,3 and 4.,"1, 2 and 3.",A,"To maintain a selected altitude, the autopilot uses proportional-derivative loops, requiring inputs for pitch deviation (1), pitch rate (2), altitude error (3), and vertical speed/altitude rate (4)."
Instrumentation,1321,"When only one autopilot is used for climbing, cruising and approach, the system is considered:","""""fail soft"""" or with minimized failure effect.","""""fail passive"""" or without failure effect but with disconnection.","""""fail survival"""" or without failure effect with function always ensured.","""""fail safe"""" with failure effect without disconnection.",A,"A single autopilot configuration is designed to be 'fail-soft'. In the event of a malfunction, it will disconnect cleanly without causing dangerous transient maneuvers, requiring the pilot to immediately take manual control."
Instrumentation,1322,"In automatic landing mode, when the 2 autopilots are used, the system is considered:","""""fail survival"""" or without failure effect with function always ensured.","""""fail soft"""" or with minimized failure effect.","""""fail passive"""" or without failure effect but with disconnection.","""""fail hard"""" or with failure effect and disconnection.",A,"During automatic landing, two or more autopilots operate in parallel. If one autopilot fails, the remaining unit(s) seamlessly maintain control (fail-operational/fail-survival) to ensure the landing is completed safely."
Instrumentation,1323,"In automatic landing mode, in case of failure of one of the two autopilots, the system is considered:","""""fail passive"""" or without failure effect but with disconnection.","""""fail survival"""" or without failure effect with function always ensured.","""""fail hard"""" or without failure effect and disconnection.","""""fail soft"""" with minimized failure effect.",A,"In a standard dual-channel autoland system, a failure of one autopilot drops the redundancy level from fail-operational to fail-passive, meaning a subsequent failure will result in automatic disengagement, requiring manual takeover."
Instrumentation,1324,"During an automatic landing, from a height of about 50 ft the:",autopilot maintains a vertical speed depending on the radio altimeter height.,glideslope mode is disconnected and the airplane continues its descent until landing.,autopilot maintains an angle of attack depending on the radio altimeter height.,Loc and Glideslope modes are disconnected and the airplane carries on its descent until landing.,A,"During automatic landing, the flare phase begins at approximately 50 feet. The autopilot disconnects Glideslope mode and executes a programmed pitch-up maneuver to reduce vertical speed as a function of the decreasing radio altitude."
Instrumentation,1325,"In a selected axis capture mode, the autopilot gives a bank attitude input :",proportional to the deviation between the selected heading and the current heading but not exceeding a given value.,of a fixed value equal to 27°.,of a fixed value equal to 20°.,proportional to the aircraft true airspeed but not exceeding a given value.,A,"During intercept turns, the autopilot commands a bank angle proportional to the heading error, limited to a maximum angle (usually 25° or 30°) to maintain passenger comfort and structural safety."
Instrumentation,1326,"An automatic landing system which can keep on operating without deterioration of its performances following the failure of one of the autopilots is called """"FAIL...:","""""OPERATIONAL""""","""""PASSIVE""""","""""SAFE""""","""""REDUNDANT""""",A,A system is classified as 'fail-operational' (or fail-operational/fail-survival) if it can continue to perform its function normally without degradation in performance after a single component failure.
Instrumentation,1327,"An automatic landing system necessitating that the landing be continued manually in the case of a system failure during an automatic approach is called """"FAIL....""""","""""PASSIVE""""","""""OPERATIONAL""""","""""SAFE""""","""""REDUNDANT""""",A,"A system is 'fail-passive' if, in the event of a failure, there is no significant out-of-trim condition or deviation from the flight path, but the system disconnects, requiring the pilot to take manual control."
Instrumentation,1328,A semi-automatic landing system disconnects itself automatically:,at approximately 100 ft.,at the decision height.,on ground.,when going around.,A,"In a semi-automatic landing system, the autopilot provides guidance down the approach path but automatically disconnects at a designated low altitude (e.g., 100 ft), requiring the pilot to execute the flare and touchdown manually."
Instrumentation,1329,A landing is performed automatically when the autopilot and auto-throttle ensure good performance from the final approach :,during the landing roll and sometimes until the aircraft comes to a complete stop.,"until reaching 100 ft, height at which point the autopilot is automatically disconnected.",until the flare.,until reaching decision height.,A,"A fully automatic landing includes the final approach, flare, touchdown, and runway rollout control, remaining engaged through the landing roll until disengaged by the pilot."
Instrumentation,1330,"When an aircraft, operating in the VOR coupled mode, approaches the """"cone of confusion"""" over a VOR station, the roll channel of the autopilot :",temporarily switches over to the heading mode.,is damped by a trim input signal from the lateral trim system.,remains always coupled to the selected VOR radial.,is temporarily disconnected.,A,"When passing directly over a VOR station, the signals fluctuate rapidly (the cone of confusion). The autopilot filters this out by temporarily switching from VOR tracking to Heading Hold mode until stable radial signals are re-acquired."
Instrumentation,1331,"The autopilot basic modes include, among other things, the following functions :1- pitch attitude hold 2- pressure altitude hold3- horizontal wing hold4- heading hold The combination regrouping all the correct statements is :","1, 3","1, 2, 3, 4","1, 2, 3","1, 4",A,"The basic modes of an autopilot stabilize and control the aircraft's attitude (pitch, roll, and yaw) about its center of gravity."
Instrumentation,1332,"During a Category II automatic approach, the height information is supplied by the :",radio altimeter.,GPS (Global Positioning System).,encoding altimeter.,altimeter.,A,"Category II and III precision approaches require highly accurate height-above-ground information during the final stages of the approach, which is supplied exclusively by the radio altimeter."
Instrumentation,1333,"A pilot engages the control wheel steering (CWS) of a conventional autopilot and carries out a manoeuvre in roll. When the control wheel is released, the autopilot will :",maintain the flight attitude obtained at that moment.,roll wings level and maintain the heading obtained at that moment.,maintain the track and the flight attitude obtained at that moment.,restore the flight attitude and the rate of turn selected on the autopilot control display unit.,A,"In Control Wheel Steering (CWS) mode, the pilot can manually fly the aircraft using normal control inputs. When the controls are released, the autopilot holds the current pitch and bank attitude achieved at that instant."
Instrumentation,1334,The functions of an autopilot (basic modes) consist of :,stabilizing and monitoring the movement around the airplane centre of gravity.,monitoring the movement of the airplane centre of gravity.,guiding the airplane path.,stabilizing and monitoring the movement around the airplane aerodynamic centre.,A,"The basic modes of an autopilot stabilize and control the aircraft's attitude (pitch, roll, and yaw) about its center of gravity."
Instrumentation,1335,"From a flight mechanics point of view, the """"guidance"""" functions of a transport airplane autopilot consist in:",monitoring the movements of the centre of gravity in the three dimensions of space (path).,stabilizing and monitoring the movements around the centre of gravity.,monitoring the movements of the aerodynamic centre in the three dimensions of space (path).,stabilizing and monitoring the movements around the aerodynamic centre.,A,The guidance functions of an autopilot track the aircraft's center of gravity along a designated 3-dimensional trajectory (flight path) through space using navigation references.
Instrumentation,1336,An autopilot capable of holding at least altitude and heading mode is compulsory:,for IFR or night flights with only one pilot.,on multipilot airplanes.,for VFR and IFR flights with only one pilot.,on airplanes over 5.7 t.,A,"Under aviation regulations, a single-pilot IFR or night flight in commercial operations requires a functioning autopilot equipped with at least heading and altitude hold modes."
Instrumentation,1337,"Among the following functions of an autopilot, those related to the airplane stabilization are:1- pitch attitude holding2- horizontal wing holding3- displayed heading or inertial track holding4- indicated airspeed or Mach number holding5- yaw damping6- VOR axis holdingThe combination regrouping all the correct statements is:","1, 2 and 5.","1, 2, 3 and 6.","3, 4, 5 and 6.","2, 4, and 5.",A,"Stabilization involves controlling attitude and rotation rates about the aircraft axes, which includes pitch attitude hold (1), wings level hold (2), and yaw damping (5)."
Instrumentation,1338,"Among the following functions of an autopilot, those related to the airplane guidance are:1- pitch attitude holding2- horizontal wing holding3- indicated airspeed or Mach number holding4- altitude holding5- VOR axis holding6- yaw dampingThe combination regrouping all the correct statements is:","3, 4 and 5.","1, 2, and 6.","1, 2, 3 and 6.","1, 3, 4 and 5.",A,"Guidance involves controlling the flight path relative to an external reference, which includes tracking airspeed/Mach schedules (3), maintaining a pressure altitude (4), and tracking VOR radials (5)."
Instrumentation,1339,"When using the autopilot, the function of the pitch channel automatic trim is to:1- cancel the hinge moment of the elevator2- ease as much as possible the load of the servo-actuator 3- restore to the pilot a correctly trimmed airplane during the autopilot disengagement The combination regrouping all the correct statements is:","1, 2 and 3.",3.,1 and 3.,1 and 2.,A,"Auto-trim cancels the elevator hinge moments (1), reduces load on the AP pitch servo actuator (2), and ensures the aircraft is properly trimmed when the autopilot is disconnected (3)."
Instrumentation,1340,A landing will be considered to be performed in the SEMI-AUTOMATIC mode when:1- the autopilot maintains the airplane on the ILS beam until the decision height is reached then is disengaged automatically.2- the autothrottle maintains a constant speed until the decision height is reached then is disengaged automatically.3- the autopilot maintains the airplane on the ILS beam until the flare.4- the autothrottle decreases the thrust when the height is approximately 30 ft.5- the flare and the ground roll are performed automatically.The combination regrouping all the correct statements is:,1 and 2.,"3, 4 and 5.",1 and 4.,"2, 3 and 5.",A,"A landing is semi-automatic if the autopilot and autothrottle guide the aircraft down to decision height (Statements 1 and 2), at which point the pilot disconnects them and completes the landing manually."
Instrumentation,1341,A landing will be considered to be performed in the AUTOMATIC mode when:1- the autopilot maintains the airplane on the ILS beam until the decision height is reached then is disengaged automatically.2- the autothrottle maintains a constant speed until the decision height is reached then is disengaged automatically.3- the autopilot maintains the airplane on the ILS beam until the flare.4- the autothrottle decreases the thrust when the height is approximately 30 ft.5- the flare and the ground roll are performed automatically.The combination regrouping all the correct statements is:,"3, 4 and 5.",1 and 2.,"2, 3 and 5.",1 and 4.,A,"An automatic landing is characterized by the autopilot tracking the ILS beam to the flare (3), the autothrottle automatically retarding thrust at 30 feet (4), and both systems performing the flare and ground rollout automatically (5)."
Instrumentation,1342,When an automatic landing is interrupted by a go-around :1- the autothrottle reacts immediately upon the pilot action on the TO/GA (Take-off/Go-around) switch in order to recover the maximum thrust2- the autopilot monitors the climb and the rotation of the airplane3- the autopilot retracts the landing gear and reduces the flap deflection in order to reduce the drag4- the pilot performs the climb and the rotation of the airplane5- the pilot retracts the landing gear and reduces the flap deflection in order to reduce the dragThe combination regrouping all the correct statements is:,"1, 2 and 5.","1, 4 and 5.","1, 3 and 4.","1, 2 and 3.",A,"During a go-around, the autothrottle commands go-around thrust when the TO/GA switch is pushed (1), the autopilot flies the pitch rotation and climb profiles (2), and the pilot manages drag by retracting the landing gear and flaps (5)."
Instrumentation,1343,The calibrated airspeed (CAS) or Mach holding mode is carried out by:1- the autopilot pitch channel in the climb mode at a constant calibrated airspeed (CAS) or Mach number2- the autothrottles in the climb mode at a constant calibrated airspeed (CAS) or Mach number3- the autopilot pitch channel in the altitude or glide path holding mode4- the autothrottles in the altitude or glide path holding modeThe combination regrouping all the correct statements is:,1 and 4.,2 and 4.,1 and 3.,2 and 3.,A,"Airspeed or Mach hold can be performed by the autopilot pitch channel controlling pitch (1) during climbs/descents, or by the autothrottles controlling engine thrust (4) during level flight."
Instrumentation,1344,The engagement of an autopilot is not possible when:1- there is a fault in the electrical power supply2- the controlled-turn knob is not set to centre-off3- there is a synchronization fault in the pitch channel4- there is a fault in the attitude reference unitThe combination regrouping all the correct statements is:,"1, 2, 3, 4.","1, 2, 4.","2, 3, 4.","1, 3, 4.",A,"Autopilot engagement is prohibited if there is a power supply failure (1), the turn knob is not centered (2), pitch channel synchronization is out of limit (3), or the attitude reference unit has a fault (4)."
Instrumentation,1345,"An autopilot is selected """"ON"""" in mode """"altitude hold,"""" the pilot alters the barometric pressure set on the sub-scale of his altimeter the:","aircraft will remain at the same altitude, the autopilot takes its pressure information from the static source","aircraft will remain at the same altitude, the autopilot takes its pressure information from the altimeter corrected to standard pressure, 1013.25 hPa","aircraft will climb or descend in the sense of the change, the autopilot takes its pressure information from the altimeter",mode altitude hold will disengage,A,"If the pilot adjusts the altimeter's barometric subscale while in altitude hold, the altimeter's reported altitude shifts. The autopilot, referencing this altimeter data, will climb or descend to match the new pressure reference."
Instrumentation,1346,"The computers of the electrical flight controls system comply with programs defined by attitude control laws such as :1- on the longitudinal axis, the law may combine the load factor and the changes in the pitch rate as control data sources2- the trimming is automatic and ensures neutral stability3- the protections apply to pitch and bank attitudes depending on the speed4- these laws do not apply to the whole flight envelope The combination regrouping all the correct statements is:","1, 2, 3","2, 3","1, 2, 3, 4","1, 3, 4",A,"Electrical Flight Control Systems (EFCS) use control laws combining load factor and pitch rate (1), provide automatic pitch trimming (2), and offer flight envelope protections for pitch and bank (3)."
Instrumentation,1347,"The yaw damper, which suppresses Dutch roll:","controls the rudder, with the angular rate about the vertical axis as the input signal.","controls the ailerons, with Mach Number as the input signal.","controls the rudder, with Mach Number as the input signal.","controls the ailerons, with the angular rate about the vertical axis as the input signal.",A,The yaw damper detects yaw rate (angular velocity about the vertical axis) using a rate gyro and sends corrective commands directly to the rudder actuator to damp out Dutch roll.
Instrumentation,1348,The yaw damper indicator supplies the pilot with information regarding the:,yaw damper action on the rudder,rudder displacement by the rudder pedals,yaw damper action only on the ground,rudder position,A,The yaw damper indicator displays the instantaneous surface deflection angle applied to the rudder by the yaw damper system.
Instrumentation,1349,The automatic trim is a component of the autopilot pitch channel. Its function is to:,transfer a stabilized aeroplane to the pilot during autopilot disengagement.,"reset the attitude, after engaging (the autopilot).",set the attitude to an instantaneous value before engaging the autopilot.,automatically disengage the autopilot in the case of an excessive pitch up.,A,"Auto-trim continuously nulls the loads on the autopilot pitch servos, ensuring the aircraft is properly trimmed and stable when control is transferred back to the pilot upon AP disconnect."
Instrumentation,1350,Which one of the following statements is true with regard to the operation of a Mach trim system :,It only operates above a pre-determined Mach number.,It operates to counteract the larger than normal forward movements of the wing centre of pressure at high subsonic airspeeds.,It only operates when the autopilot is engaged.,It operates over the full aircraft speed range.,A,Mach trim is designed to counter 'Mach tuck' (the nose-down pitching moment caused by the aft movement of the center of pressure at high speeds). It is programmed to operate automatically only above a specific high Mach number (typically M 0.6 or M 0.7).
Instrumentation,1351,"In the automatic trim control system of an autopilot, automatic trimming is normally effected about the :",pitch axis only.,roll and yaw axes only.,pitch roll and yaw axes.,pitch and roll axes only.,A,"In most transport aircraft autopilot systems, automatic trim is primary to the pitch axis (via the stabilizer) to relieve pitch servo loads."
Instrumentation,1352,Mach Trim is a device to compensate for :,backing of the aerodynamic center at high Mach numbers by moving the elevator to nose-up,the effects of fuel transfer between the main tanks and the tank located in the horizontal tail,the effects of temperature variation during a climb or descent at constant Mach,weight reduction resulting from fuel consumption during the cruise,A,Mach trim corrects for the rearward shift of the wing's center of pressure (aerodynamic center) at high Mach numbers by automatically commanding a small nose-up elevator deflection.
Instrumentation,1353,The purpose of Auto Trim function in autopilot is to :,control elevator trim tab in order to relieve elevator load,help Auto Pilot compensate for crosswind influence,tell the pilot when elevator trimming is required,trim throttles to obtain smooth engine power variation,A,The primary purpose of the auto-trim system is to drive the pitch trim (stabilizer or trim tab) to relieve the steady aerodynamic force on the elevator servos.
Instrumentation,1354,The purpose of an airplane automatic trim system is to trim out the hinge moment of the :,elevator(s),rudder(s),elevator(s) and rudder(s),"elevator(s), rudder(s) and ailerons.",A,"The automatic trim system of the autopilot is designed to eliminate the aerodynamic hinge moments acting on the elevators, ensuring a trimmed pitch state."
Instrumentation,1355,The purpose of the automatic trim is to:1- reduce to zero the hinge moment of the entire control surface in order to relieve the load on the servo-actuator2- ensure the aeroplane is properly trimmed when the autopilot is disengaged3- maintain the same stability/manoeuverablity trade-off within the whole flight envelopeThe combination regrouping all the correct statements is:,"1, 2, 3.","1, 2.","1, 3.","2, 3.",A,"Auto trim reduces the servo load to zero (1), ensures the aircraft is trimmed on AP disconnect (2), and maintains consistent handling qualities throughout the flight envelope (3)."
Instrumentation,1356,"A Full Authority Digital Engine Control (FADEC) has the following functions :1- flow regulation (fuel, decelerations and accelerations monitoring)2- automatic starting sequence 3- transmissions of engine data to the pilot's instruments4- thrust management and protection of operation limits 5- monitoring of the thrust reversersThe combination regrouping all the correct statements is:","1, 2, 3, 4, 5","2, 4, 5","1, 3, 5","1, 3, 4, 5",A,"A FADEC system is a highly integrated engine control computer managing fuel flow (1), starting sequences (2), instrument outputs (3), operational limits and protections (4), and thrust reversers (5)."
Instrumentation,1357,The Engine Pressure Ratio (EPR) is computed by :,dividing turbine discharge pressure by compressor inlet pressure.,dividing compressor discharge pressure by turbine discharge pressure.,multiplying compressor inlet pressure by turbine discharge pressure.,multiplying compressor discharge pressure by turbine inlet pressure.,A,Engine Pressure Ratio (EPR) is the ratio of the total pressure at the turbine exhaust (discharge pressure) to the total pressure at the compressor inlet.
Instrumentation,1358,"An aeroplane is in steady climb. The autothrottle maintains a constant calibrated airspeed. If the total temperature remains constant, the Mach number :",increases.,decreases.,remains constant.,decreases if the static temperature is lower than the standard temperature.,A,"If temperature remains constant during a climb, the speed of sound remains constant. Since air density decreases, the TAS must increase to maintain a constant CAS, which causes the Mach number (TAS/LSS) to increase."
Instrumentation,1359,The two main sources of information used to calculate turbojet thrust are the:,fan rotation speed (or N1) or the EPR (Engine Pressure Ratio).,high pressure turbine rotation speed or the EPR (Engine Pressure Ratio).,fan rotation speed (or N1) or the total pressure at the high pressure compressor outlet.,fan rotation speed (or N1) or the total pressure at the low pressure turbine outlet.,A,The two primary cockpit indications of engine thrust on modern turbofans are the low-pressure rotor speed (N1) or the Engine Pressure Ratio (EPR).
Instrumentation,1360,"An airplane is in steady cruise at flight level 290. The autothrottle maintains a constant Mach number. If the total temperature increases, the calibrated airspeed:",remains constant.,increases.,decreases.,"increases if the static temperature is higher than the standard temperature, decreases if lower.",A,"Since Mach number is a function of the ratio of dynamic pressure to static pressure, maintaining a constant Mach number at a constant pressure altitude (constant static pressure) means the dynamic pressure remains constant, and therefore CAS remains constant regardless of temperature changes."
Instrumentation,1361,"An airplane is in steady cruise at flight level 290. The autothrottle maintains a constant Mach number. If the total temperature decreases, the calibrated airspeed:",remains constant.,increases.,decreases.,"decreases if the outside temperature is lower than the standard temperature, increases if higher.",A,"At a constant flight level, maintaining a constant Mach number keeps the ratio of dynamic to static pressure constant. Since static pressure is constant, the dynamic pressure is also constant, keeping CAS constant."
Instrumentation,1362,"An airplane is in steady descent. The autothrottle maintains a constant Mach number. If the total temperature remains constant, the calibrated airspeed:",increases.,decreases.,remains constant.,"decreases if the static temperature is lower than the standard temperature, increases if above.",A,"In descent, static pressure increases. For a constant Mach number, the dynamic pressure (which is proportional to Mach squared times static pressure) must increase. This results in an increasing Calibrated Airspeed (CAS)."
Instrumentation,1363,"An aeroplane is in steady cruise at flight level 270. The autothrottle maintains a constant calibrated airspeed. If the total temperature increases, the Mach number :",remains constant.,increases.,decreases.,"decreases if the outside temperature is higher than the standard temperature, increases if lower.",A,"At a constant pressure altitude, holding a constant CAS keeps the dynamic pressure constant. Since the static pressure is also constant, the ratio of dynamic to static pressure is unchanged, meaning the Mach number remains constant."
Instrumentation,1364,"An aeroplane is in steady cruise at flight level 270. The autothrottle maintains a constant calibrated airspeed. If the total temperature decreases, the Mach number :",remains constant.,increases.,decreases.,"increases if the outside temperature is higher than the standard temperature, decreases if lower.",A,"At a constant flight level, static pressure is fixed. Maintaining a constant CAS means dynamic pressure is fixed. Since Mach is a function of the ratio of dynamic to static pressure, the Mach number remains constant."
Instrumentation,1365,"An aeroplane is in a steady climb. The autothrottle maintains a constant Mach number. If the total temperature remains constant, the calibrated airspeed :",decreases.,increases.,remains constant.,"decreases if the static temperature is lower than the standard temperature, increases if higher.",A,"During a climb, static pressure decreases. To maintain a constant Mach number, the dynamic pressure must also decrease, which results in a decreasing Calibrated Airspeed (CAS)."
Instrumentation,1366,"An aeroplane is in steady descent. The autothrottle maintains a constant calibrated airspeed. If the total temperature remains constant, the Mach number :",decreases.,increases.,remains constant.,"increases if the static temperature is lower than the standard temperature, decreases if higher.",A,"During descent, static pressure increases. For a constant CAS (constant dynamic pressure), the ratio of dynamic to static pressure decreases, causing the Mach number to decrease."
Instrumentation,1367,The autothrottle :1- enable to catch and to maintain the N1 RPM2- enable to catch and to maintain the N2 RPM3- enable to catch and to maintain an airplane indicated airspeed (IAS)4- is always engaged automatically at the same time as the autopilotThe combination regrouping all the correct statements is:,1 and 3,2 and 3,1 and 4,"1, 3 and 4",A,The autothrottle system manages the engines to maintain either a target N1 RPM (1) or a targeted indicated airspeed/Mach (3). It does not maintain N2 RPM directly.
Instrumentation,1368,The purpose of Auto Throttle is:,to maintain constant engine power or airplane speed,automatic shut down of one engine at too high temperature,to deactivate manual throttles and transfer engine control to Auto Pilot,"to synchronize engines to avoid """"yawing""""",A,The autothrottle automatically modulates engine thrust levers to maintain a selected engine power limit (such as N1 or EPR) or a target flight speed (IAS/Mach).
Instrumentation,1369,"In order to know in which mode the autothrottles are engaged, the crew will check the :",PFD (Primary Flight Display),ND (Navigation Display).,TCC (Thrust Control Computer).,throttles position.,A,"Autothrottle engagement modes (such as THRUST, SPEED, or RETARD) are annunciated on the Flight Mode Annunciator (FMA) section at the top of the Primary Flight Display (PFD)."
Instrumentation,1370,The automatic power control system (autothrottle) of a transport airplane has the following mode(s) :1- capture and holding of speeds2- capture and holding of Mach number3- capture and holding of flight angle of attack4- capture and holding of N1 or EPR (Engine Power Ratio)5- capture and holding of flight pathsThe combination regrouping all the correct statements is :,"1, 2, 4","1, 2, 3, 5","2, 4","1, 4, 5",A,"The autothrottle control loops include speed hold (1), Mach hold (2), and engine power limit hold (N1 or EPR) (4)."
Instrumentation,1371,"Alarms are standardised and follow a code of colours. Those requiring action but not immediately, are signalled by the colour:",amber,red,green,flashing red,A,"Under EASA standards, cockpit warning lights are color-coded: red indicates a warning requiring immediate crew action, while amber signifies a caution requiring crew awareness and subsequent action, but not immediately."
Instrumentation,1372,"A transport airplane has to be equipped with an altitude warning device. This system will warn the crew about :1 - getting close to the preselected altitude, during both climb and descent.2 - getting close to the preselected altitude, during climb only.3 - the loss of altitude during take-off or missed approach.4 - a wrong landing configuration.5 - a variation higher or lower than a preselected altitude.The combination regrouping the correct statements is:","1,5","3,4",2,"1,3,4",A,"The altitude alerting system is required to warn the crew when approaching a preselected altitude during both climb and descent (1), and in the event of a deviation above or below that preselected altitude (5)."
Instrumentation,1373,"An """"altitude warning system"""" must at least warn the crew :1- when approaching the pre-selected altitude2- when the airplane is approaching the ground too fast3- in case of a given deviation above or below the pre-selected altitude (at least by an aural warning)4- in case of excessive vertical speed5- when approaching the ground with the gear retractedThe combination regrouping all the correct statements is :","1, 3","1, 2, 3, 4, 5","2, 4, 5","1, 3, 4",A,The altitude alert system is designed specifically to alert the crew when approaching a preselected altitude (1) and when departing from it (3). Ground proximity warnings are handled by the separate GPWS system.
Instrumentation,1374,The purpose of the altitude alert system is to generate a visual and aural warning to the pilot when the:,airplane altitude differs from a selected altitude.,airplane altitude is equal to the decision altitude.,proximity to the ground becomes dangerous.,altimeter setting differs from the standard setting above the transition altitude.,A,The primary function of the altitude alert system is to warn the pilot with visual and aural cues if the aircraft deviates from the preselected target altitude.
Instrumentation,1375,The GPWS calculator receives the following signals :1 - vertical speed2 - radio altimeter height3 - pressure altitude4 - glidepath deviation 5 - gear and flaps position6 - angle of attackThe combination regrouping all the correct statements is :,"1,2,4,5","1,3,4,5,6","1,2,5,6","2,3,4,6",A,"To calculate ground proximity threats, a standard GPWS computer receives vertical speed (1), radio altimeter height (2), ILS glideslope deviation (4), and landing configuration status like gear/flaps (5)."
Instrumentation,1376,The GPWS calculator is able to operate in the following modes :1- excessive descent rate 2- excessive rate of terrain closure3- excessive angle of attack4- too high descent attitude 5- loss of altitude after take-off6- abnormal gear/flaps configuration7- excessive glidepath deviationThe combination regrouping all the correct statements is:,"1,2,5,6,7","1,2,4,6,7","3,4,5,6","2,3,5,7",A,"GPWS operates in 5 basic modes: excessive descent rate (1), excessive terrain closure rate (2), altitude loss after take-off/go-around (5), unsafe landing gear/flap configuration (6), and excessive glideslope deviation (7)."
Instrumentation,1377,The GPWS (Ground Proximity Warning System) is active for a height range from:,50 ft to 2 500 ft measured by the radio altimeter.,0 ft to 2 500 ft measured by the radio altimeter.,0 ft to 5 000 ft measured by the radio altimeter.,50 ft to 5 000 ft measured by the radio altimeter.,A,"Conventional Ground Proximity Warning Systems are designed to generate terrain alerts when the aircraft is between 50 and 2,500 feet above the ground, using the radio altimeter to measure absolute clearance."
Instrumentation,1378,The Ground Proximity Warning System (GPWS) generates the following sound signal or signals when the aircraft is sinking after a take-off or a go-around :,DON'T SINK repetitive only,WHOOP WHOOP PULL UP repetitive only,DON'T SINK always followed by WHOOP WHOOP PULL UP,DON'T SINK followed by WHOOP WHOOP PULL UP if the sink rate overshoots a second level,A,"In Mode 3, if the aircraft loses altitude after takeoff or during a go-around before establishing a positive climb, the GPWS generates a repetitive 'DON'T SINK' aural warning."
Instrumentation,1379,"A ground proximity warning system (GPWS), when mandatorily installed on board an aircraft, must in all cases generate :",at least one sound alarm to which a visual alarm can be added,a sound alarm or a visual alarm,a sound and visual alarm,a visual alarm to which a sound alarm can be,A,"The regulations dictate that a GPWS must automatically generate a distinctive, continuous aural warning, which may be supplemented by a flashing visual warning light."
Instrumentation,1380,The operation of the GPWS (Ground Proximity Warning System) is governed by laws taking the aircraft height into account as well as :1- the descent rate2- the climb rate3- the aircraft configuration4- the selected engine rpmThe combination of correct statements is :,"1,3","1,2,4","2,4","2,3",A,GPWS algorithms monitor height above ground (radio altitude) along with the rate of descent (1) and the aircraft's physical landing configuration (3).
Instrumentation,1381,"If an aircraft is flying (with flaps and landing gear retracted) in proximity to terrain and its GPWS (Ground Proximity Warning System) get activated, because it is detecting that the aeroplane has an excessive rate of descent, the system provides the following aural warning signals :","""""SINK RATE, SINK RATE"""" followed by """"WHOOP WHOOP PULL UP"""" (twice)","""""DON'T SINK, DON'T SINK""""","""""TERRAIN, TERRAIN"""" followed by """"WHOOP WHOOP PULL UP"""" (twice)","""""TOO LOW, TERRAIN"""" (twice) followed by """"TOO LOW GEAR"""" (twice)",A,"In Mode 1 (excessive descent rate), the GPWS first warns the pilot with 'SINK RATE, SINK RATE'. If the descent rate remains high, it transitions to a high-priority 'WHOOP WHOOP PULL UP' alarm."
Instrumentation,1382,"If the GPWS (Ground Proximity Warning System) activates, and alerts the pilot with an aural warning """"DON'T SINK"""" (twice times), it is because :","during take-off or missed approach manoeuvre, the aircraft has started to loose altitude.","the aircraft experiences an unexpected proximity to the terrain, with landing gear retracted.","at too low altitude, the aircraft has an excessive rate of descent.","the aircraft experiences an unexpected proximity to terrain, without landing-flap selected.",A,Mode 3 of the GPWS detects altitude loss (a sink) after takeoff or a missed approach when the landing gear and flaps are not in the landing configuration.
Instrumentation,1383,"A transport airplane is compelled to carry on board a Ground Proximity Warning System (GPWS). This system will warn the crew in case of :1 - keeping the altitude at a lower level than the one shown in the flight plan entered in the FMS.2 - dangerous ground proximity.3 - loss of altitude during take-off or missed approach.4 - wrong landing configuration.5 - descent below glidepath, within limits.The combination regrouping all the correct statements is :","2,3,4,5",2,"1,3,4","2,5",A,"The GPWS provides protection against dangerous terrain proximity (2), altitude loss after takeoff/missed approach (3), incorrect configuration landing attempts (4), and glideslope deviations (5)."
Instrumentation,1384,The Ground Proximity Warning System (GPWS) is a system working according to a height span ranging from :,50 ft to 2 500 ft,the ground to 1 000 ft,30 ft to 5 000 ft,the ground to 500 ft,A,"The GPWS monitors the flight path and terrain clearance within an envelope between 50 feet and 2,500 feet radio altitude."
Instrumentation,1385,The GPWS (Ground Proximity Warning System) releases a warning in the following cases :1- excessive rate of descent2- excessive ground proximity rate3- loss of altitude after take-off or go-around4- abnormal gear/flaps configuration5- excessive deviation under the glidepath6- abnormal airbrakes configurationThe combination regrouping all the correct statements is:,"1, 2, 3, 4, 5","2, 4, 5, 6","1, 2, 3, 4, 5, 6","3, 4, 5, 6",A,"The five primary modes of the GPWS cover excessive descent rate (1), terrain closure rate (2), altitude loss after takeoff (3), unsafe landing gear/flap configuration (4), and glideslope deviation (5). Airbrakes (6) are not standard GPWS inputs."
Instrumentation,1386,"The requirement to carry a GPWS (Ground Proximity Warning System) concerns aeroplanes which are, depending on their age, weight and passenger capacity :1- turboprop-powered2- piston-powered3- jet-poweredThe combination regrouping all the correct statements is :","1, 3",1,"1, 2, 3",3,A,Regulations mandate GPWS installation for turbine-engine (turboprop (1) and turbojet (3)) commercial aircraft exceeding certain weight and passenger limits.
Instrumentation,1387,A Ground Proximity Warning System (GPWS) generates automatically a distinct warning to the flight crew with aural and/or light warning signals in the case of:1- an excessive rate of descent with respect to terrain2- a dangerous proximity to the ground3- a loss of altitude following take-off or go-around4- an abnormal flight attitude5- an abnormal landing configuration6- an abnormal deviation below ILS glide slopeThe combination regrouping all the correct statements is:,"1, 2, 3, 5 and 6.","1, 2, 3, 4 and 5.","1,2 and 4.","3, 4, 5 and 6.",A,"The five standard GPWS modes trigger alerts for excessive descent rate (1), terrain closure rate (2), sink after takeoff (3), landing gear/flap configuration (5), and glideslope deviation (6)."
Instrumentation,1388,"The inputs to the GPWS (Ground Proximity Warning System), are:1- Air Data Computer - (Mach number and Vertical Speed) 2- Radio Altimeter3- NAV/ILS (Glide Slope)4- NAV/VOR5- Flap (position)6- Angle of Attack7- Landing Gear (position)The combination of correct statement is:","1,2,3,5,7","2,3,4,5,7","1,2,5,6,7","1,2,5,6,7",A,"The GPWS computer aggregates inputs from the Air Data Computer (1), radio altimeter (2), glide slope receiver (3), wing flaps (5), and landing gear (7)."
Instrumentation,1389,"The TCAS (Traffic Collision Avoidance System) is a proximity alarm system which detects a """"traffic"""" when the conflicting traffic is equipped with a :",serviceable SSR transponder,serviceable weather radar,SELCAL system,DME system,A,"TCAS can only detect and track adjacent aircraft if those targets are equipped with an active, operating secondary surveillance radar (SSR) transponder (Mode A/C or Mode S)."
Instrumentation,1390,"A """"TCAS II"""" (Traffic Collision Avoidance System) provides:",the intruder relative position and possibly an indication of a collision avoidance manoeuvre within the vertical plane only.,a simple intruding airplane proximity warning.,the intruder relative position and possibly an indication of a collision avoidance manoeuvre within both the vertical and horizontal planes.,the intruder relative position and possibly an indication of a collision avoidance manoeuvre within the horizontal plane only.,A,"TCAS II detects traffic positions and issues Traffic Advisories (TAs) as well as Resolution Advisories (RAs) that command vertical maneuvers (e.g., climb/descend) to resolve conflicts. It does not issue horizontal maneuvers."
Instrumentation,1391,Concerning the TCAS (Traffic Collision Avoidance System) :,No protection is available against aircraft not equipped with a serviceable SSR transponder,"In one of the system modes, the warning : """"TOO LOW TERRAIN"""" is generated","In one of the system modes, the warning : """"PULL UP"""" is generated",Resolution Advisory (RA) must not be followed without obtaining clearance from ATC,A,"Because TCAS relies on active transponder interrogations, it is blind to and cannot offer protection against non-transponder-equipped aircraft (non-cooperative targets)."
Instrumentation,1392,The TCAS (Traffic Collision Avoidance System) gives avoidance resolutions :,only in the vertical plane,only in the horizontal plane,in horizontal and vertical planes,based on speed control,A,The collision avoidance algorithms of TCAS II generate Resolution Advisories (RAs) that command changes to vertical speed only.
Instrumentation,1393,"In the event of a conflict, the TCAS (Traffic Collision Avoidance System) will give information such as :",climb/descent,turn left/turn right,too low terrain,glide slope,A,"Under TCAS II logic, the resolution commands (RAs) issued to the pilot are vertical steering commands, directing a climb, descent, or a restriction on vertical speed."
Instrumentation,1394,The principle of the TCAS (Traffic Collision Avoidance Systems) is based on the use of :,transponders fitted in the aircraft,airborne weather radar system,F.M.S. (Flight Management System),air traffic control radar systems,A,TCAS works by transmitting interrogations from the host aircraft and receiving and processing replies from transponders installed on surrounding aircraft.
Instrumentation,1395,The TCAS 1 (Traffic Collision Avoidance System) provides :1- traffic information2- horizontal resolution (RA: Resolution Advisory)3- vertical resolution (RA: Resolution Advisory)4- ground proximity warningThe combination regrouping all the correct statements is:,1,"1, 2","1, 2, 3","1, 2, 3, 4",A,TCAS I is a basic system that only provides Traffic Advisories (TAs) to alert the pilot of nearby traffic (Statement 1). It does not provide any Resolution Advisories (RAs) in the vertical or horizontal planes.
Instrumentation,1396,The TCAS 2 (Traffic Collision Avoidance System) provides :1- traffic information (TA: Traffic Advisory)2- horizontal resolution (RA: Resolution Advisory)3- vertical resolution (RA: Resolution Advisory)4- ground proximity warningThe combination regrouping all the correct statements is:,"1, 3","1, 2","1, 2, 3","1, 2, 3, 4",A,TCAS II provides both Traffic Advisories (TAs) to display traffic positions (1) and vertical Resolution Advisories (RAs) to command avoidance maneuvers (3).
Instrumentation,1397,The TCAS (Traffic Collision Avoidance System) computer receives information :1- about the pressure altitude through the mode S transponder2- from the radio- altimeter3- specific to the airplane configuration4- from the inertial unitsThe combination regrouping all the correct statements is:,"1, 2, 3","1, 2, 3, 4","1, 2, 4","1, 2",A,"The TCAS computer requires target altitude from the transponder (1), height above ground from the radio altimeter (2) to suppress RAs close to the ground, and aircraft-specific performance limits (3)."
Instrumentation,1398,"When the intruding aircraft is equipped with a transponder without altitude reporting capability, the TCAS (Traffic Collision Avoidance System) issues a :","""""traffic advisory"""" only.","""""traffic advisory"""" and vertical """"resolution advisory"""".","""""traffic advisory"""" and horizontal """"resolution advisory"""".","""""traffic advisory"""", vertical and horizontal """"resolution advisory"""".",A,"If an intruding aircraft has a transponder without Mode C altitude reporting (Mode A only), TCAS can only determine range and bearing, and thus can only issue a Traffic Advisory (TA)."
Instrumentation,1399,"When the intruding aircraft is equipped with a serviceable mode C transponder, the TCAS II (Traffic Collision Avoidance System) generates a :","""""traffic advisory"""" and vertical """"resolution advisory"""".","""""traffic advisory"""" and horizontal """"resolution advisory"""".","""""traffic advisory"""" only.","""""traffic advisory"""", vertical and horizontal """"resolution advisory"""".",A,"If the intruder is equipped with a functioning Mode C (or Mode S) transponder, TCAS II receives altitude data and can issue both Traffic Advisories (TAs) and vertical Resolution Advisories (RAs)."
Instrumentation,1400,"On a TCAS2 (Traffic Collision Avoidance System), a corrective """"resolution advisory"""" (RA) is a """"resolution advisory"""":",asking the pilot to modify effectively the vertical speed of his aircraft.,which does not require any action from the pilot but on the contrary asks him not to modify his current vertical speed rate.,asking the pilot to modify the heading of his aircraft.,asking the pilot to modify the speed of his aircraft.,A,"A corrective Resolution Advisory (RA) instructs the pilot to change their flight path by altering their vertical speed (e.g., 'Climb, Climb' when in level flight) to clear the traffic."
Instrumentation,1401,"On a TCAS 2 (Traffic Collision Avoidance System) the preventive """"resolution advisory"""" (RA) is a """"resolution advisory"""":",that advises the pilot to avoid certain deviations from the current vertical rate but does not require any change to be made to that rate.,asking the pilot to modify effectively the vertical speed of his aircraft.,asking the pilot to modify the heading of his aircraft.,asking the pilot to modify the speed of his aircraft.,A,"A preventive Resolution Advisory (RA) directs the pilot to maintain their current vertical speed and avoid certain vertical rates (e.g., 'Monitor Vertical Speed' or 'Do Not Climb')."
Instrumentation,1402,"An """"intruding traffic advisory"""" is represented on the display system of the TCAS 2 (Traffic Collision Avoidance System) by displaying :",a yellow full circle.,a blue or white empty lozenge.,a blue or white full lozenge.,a red full square.,A,"On the traffic display, a Traffic Advisory (TA) target is represented by a solid yellow circle."
Instrumentation,1403,"A """"resolution advisory"""" (RA) is represented on the display system of the TCAS 2 (Traffic Collision Avoidance System) by a :",red full square.,blue or white full lozenge.,blue or white empty lozenge.,red full circle.,A,"A Resolution Advisory (RA) target is represented on the TCAS display by a solid red square, indicating an immediate threat."
Instrumentation,1404,"A """"close traffic advisory"""" is displayed on the display device of the TCAS 2 (Traffic Collision Avoidance System) by :",a blue or white empty lozenge.,an orange full circle.,a blue or white full lozenge.,a red full square.,A,Proximate traffic (traffic within 6 NM and +/- 1200 ft but not triggering a TA or RA) is represented by a solid blue or white diamond (lozenge).
Instrumentation,1405,The TCAS II data display devices can be in the form of:1- a specific dedicated screen 2- a screen combined with the weather radar3- a variometer represented on a liquid crystal screen which allows the display of Traffic Advisory (TA) and Resolution Advisory (RA)4- an EFIS (Electronic Flight Instrument System) screenThe combination regrouping all the correct statements is:,"1, 2, 3 and 4.","1, 2 and 3.",3 and 4.,1 and 3.,A,"TCAS data can be displayed on a dedicated screen (1), integrated into the weather radar screen (2), shown as speed-restriction arcs on a digital VSI (3), or integrated into an EFIS navigation display (4)."
Instrumentation,1406,The stick shaker calculator receives the following informations :1- mass of the airplane2- angle of attack3- wing flap deflection4- position of the landing gear5- total air temperature6- pressure altitudeThe combination regrouping all the correct statements is:,"2, 3","2, 3, 5","1, 2, 3, 4","1, 2, 3, 4, 5, 6",A,"The stick shaker computer activates based on aerodynamic stall margins, calculating limits primarily using angle of attack (2) and wing flap deflection (3) to determine the aircraft configuration."
Instrumentation,1407,"In some configurations, modern aircraft do not respect the regulatory margins between stall and natural buffet.The warning system supplies the corresponding alarm. The required margin related to the stall speed is:",7%,5%,10%,3%,A,"Under EASA CS-25 certification regulations, the stall warning system must be activated to provide a margin of at least 7% (or 5 knots, whichever is greater) above the actual stalling speed."
Instrumentation,1408,The stall warning system receives information about the :1- airplane angle of attack2- airplane speed3- airplane bank angle4- airplane configuration5- load factor on the airplaneThe combination regrouping all the correct statements is:,"1, 4","1, 2, 3, 4, 5","2, 3, 4, 5","1, 3, 5",A,The stall warning system determines the stall angle of attack limit based on the measured aerodynamic angle of attack (1) and the aircraft configuration (slat/flap position) (4).
Instrumentation,1409,A stall warning system is based on a measure of :,aerodynamic incidence.,airspeed.,attitude.,groundspeed.,A,"Stall warning systems are based on the measurement of aerodynamic incidence (angle of attack), as a wing always stalls at a specific critical angle of attack regardless of weight or airspeed."
Instrumentation,1410,The main input data to the Stall Warning Annunciator System are :1- Mach Meter indication2- Angle of Attack3- Indicate Airspeed (IAS)4- Aircraft configuration (Flaps/Slats)The combination regrouping all the correct statements is :,"2,4","2,3","1,4","1,2",A,The core inputs to compute stall margins are the measured angle of attack (aerodynamic incidence) (2) and the current flap and slat configuration (4).
Instrumentation,1411,The calculator combined with the stick shaker system of a modern transport airplane receives information about the: 1- angle of attack2- engine R.P.M.3- configuration4- pitch and bank attitude5- sideslipThe combination regrouping all the correct statements is:,1 and 3.,"1, 2, 3, 4 and 5.",1 and 5.,"1, 2, 3 and 4.",A,The stick shaker activation threshold is computed as a function of the measured angle of attack (1) and the aircraft configuration (flap/slat position) (3).
Instrumentation,1412,The angle of attack transmitter provides an electric signal varying with:1- the angular position of a wind vane2- the deviation between the airplane flight attitude and the path calculated by the inertial unit3- a probe differential pressure depending on the variation of the angle of attackThe combination regrouping all the correct statements is:,1 and 3.,"1, 2 and 3.",1.,2 and 3.,A,An angle of attack sensor measures local airflow angle by tracking the physical deflection of a wind vane (1) or by detecting the differential pressure across ports on a slotted probe (3).
Instrumentation,1413,"The angle of attack transmitters placed laterally on the forward part of the fuselage supply an electrical signal indicating:1- the angular position of a wind vane2- a differential pressure in a probe, depending on the variation of the angle of attack3- a differential pressure in a probe, depending on the variation of the speedThe combination regrouping all the correct statements is:","1, 2.","1, 2, 3.","2, 3.","1, 3.",A,Fuselage-mounted angle of attack transmitters supply electrical outputs proportional to the angular position of a wind vane (1) or the differential pressure across slots in a probe (2).
Instrumentation,1414,The oncoming stall of a large transport airplane appears in the form of:,control stick vibrations simulating natural buffeting.,an orange light on the warning display.,a natural buffeting which occurs prior to the simulated buffeting.,a bell type warning.,A,"Large transport aircraft often lack clear natural aerodynamic buffeting prior to stall. A stick shaker is therefore installed to shake the control column, simulating natural buffet to warn the pilot."
Instrumentation,1415,The stall warning system of a large transport airplane includes:1- an angle of attack sensor 2- a computer3- a transmitter originating from the anemometer4- an independent pitot probe5- a transmitter of the flap/slat position indicating systemThe combination regrouping all the correct statements is:,"1, 2, 5.","1, 2, 4.","1, 4.","1, 2, 4, 5.",A,"A stall warning system consists of an angle of attack sensor (1), a computer to calculate the stall threshold (2), and flap/slat position transmitters (5) to determine configuration."
Instrumentation,1416,"Flight recorder duration must be such that flight data, cockpit voice and sound warnings may respectively be recorded during at least:","25 hours for flight data, 30 minutes for cockpit voices and warnings horns.","24 hours for flight data, 60 minutes for cockpit voices and warnings horns.","20 hours for flight data, 15 minutes for cockpit voices and warnings horns.","48 hours for flight data, 60 minutes for cockpit voices and warnings horns",A,"Under standard aviation regulations, the Flight Data Recorder (FDR) must retain at least the last 25 hours of flight data, while the Cockpit Voice Recorder (CVR) must record at least the last 30 minutes of cockpit communications and ambient sounds."
Instrumentation,1417,The flight data recorder must start data recording automatically:,before the airplane is able to move by under its own power.,when taking-off.,when the landing gear is retracted.,when lining up.,A,"The Flight Data Recorder (FDR) must start recording automatically before the aircraft begins taxiing under its own power (e.g., when engines are started or parking brake is released) to ensure all taxi and takeoff parameters are recorded."
Instrumentation,1418,The flight data recorder must automatically stop data recording when the:,airplane cannot any longer move by its own power.,main gear shock strut compresses when touching the runway.,landing gear is extended and locked.,airplane clears the runway.,A,The FDR is configured to automatically stop recording only after the aircraft has come to a complete stop and the engines are shut down (cannot move under its own power).
Instrumentation,1419,"In accordance with (ICAO) Annex 6 part I, the flight data recorder is to be located in the aircraft :",as far to the rear as practicable,as far forward as practicable,as near to the landing gear as practicable,at the right or left wing tip,A,"Under ICAO Annex 6 standards, the FDR and CVR must be installed in the aft section of the fuselage (as far to the rear as practicable) to maximize survivability in a crash, as the rear fuselage suffers the lowest impact forces."
Instrumentation,1420,"Except for airplanes under 5,7 t airworthiness certificate of which is subsequent to 31 march 1998, a flight data recording system must be able to store the recorded data for a minimum of the last :",25 hours.,10 hours.,30 minutes.,60 minutes.,A,"Except for smaller or older categories, standard digital flight data recorders (DFDRs) must be capable of storing at least the last 25 hours of recorded flight parameter data."
Instrumentation,1421,The CVR (Cockpit Voice Recorder) includes:1. a microphone2. a recorder in compliance with the shock and fire resistance standards3. an independent battery4. a flight data recorderThe combination regrouping all the correct statements is:,"1, 2","1, 4","1, 2, 3, 4","2, 4",A,"The CVR system includes cockpit microphones (1) to capture voice and ambient sounds, and the highly protected recording unit (2) designed to survive high impact, water immersion, and fire."
Instrumentation,1422,The flight data recorders must preserve the conversation and aural warnings of the last :,30 minutes of operation,25 hours of operation,flight,48 hours of operation,A,"Older or standard CVR requirements mandate that the voice recording must preserve the last 30 minutes of cockpit conversations, aural warnings, and radio communications (though modern regulations are extending this to 2 hours or more)."
Instrumentation,1423,"According to the JAR-OPS regulations, the Cockpit Voice Recorder of a 50 seat multi-engined aircraft having been granted the airworthiness certificate after 1st April 1998 will record:1- the radiotelephonic communications transmitted or received by the cockpit crew2- the audio environment of the cockpit3- the cabin attendants communications in the cabin via the interphone4- the flight crew members communications in the cockpit via the interphone5- the flight crew members communications in the cockpit via the public address system6- the audio signals identifiying the navigation or approach aidsThe combination regrouping the correct statements is:","1,2,4,5,6","1,2,3,4,5,6",1,"1,3,4,5",A,"The CVR is designed to record radio communications (1), cockpit background noise (2), flight deck interphone conversations (4), public address announcements (5), and navigation aid identification tones (6)."
Instrumentation,1424,"According to the JAR-OPS regulations, the Cockpit Voice Recorder of a 50 seat multi-engined aircraft, having been granted an airworthiness certificate after 1st April 1998, shall start recording :",Automatically prior to the aircraft moving under its own power until flight completion when the aircraft is no longer able to move under its own power.,Automatically when the wheels leave the ground until the moment when the wheels touch the ground again.,From the first radio contact with Air Traffic Control until radio shutdown after the flight.,"When the pilot selects the """"CVR: ON"""" during engine start until the pilot selects the """"CVR: OFF"""" during the engine shut down.",A,The CVR must start recording automatically before the aircraft moves under its own power and continue recording until the flight is complete and the engines are shut down.
Instrumentation,1425,A cockpit voice recorder (CVR) will record :1. the information exchanged by the cabin crew2. the conversations between the crew members and voice communications transmitted from or received on the flight deck by radio3. the announcements made via the public address even if it has not been selected4. the conversations and alarms audible in the cockpit5. the captain conversations onlyThe combination regrouping all the correct statements is :,"2, 4","3, 4","1, 2","1, 5",A,The CVR specifically records communications transmitted or received on the flight deck (2) and all voices and alarms audible in the cockpit through the area microphone (4). It does not record cabin interphone talk (1).
Instrumentation,1426,The voice recorder records on four different channels the following information:1- aural warnings2- radio communications3- conversations between the crew members through the cockpit interphone4- announcements to the passengersThe combination regrouping all the correct statements is:,"1, 2, 3, 4.","1, 3.","1, 4.","1, 2, 3.",A,"A standard 4-channel CVR records aural alerts and warnings (1), VHF/HF radio transmissions (2), cockpit crew interphone/microphones (3), and public address announcements (4)."
Instrumentation,1427,"The """"Bourdon tube"""" is used to measure :",pressure.,temperature.,quantity.,a flow rate.,A,"A Bourdon tube is a C-shaped, helical, or spiral metal tube that deflects when pressurized. It is a standard mechanical sensor used to measure medium to high fluid pressures, such as oil or hydraulic pressure."
Instrumentation,1428,"If a manifold pressure gauge consistently registers atmospheric pressure, the cause is probably,",leak in pressure gauge line.,too high float level.,fuel of too low volatility.,ice in induction system.,A,"The manifold pressure gauge measures absolute pressure in the engine intake manifold. A leak in the gauge's line vents the instrument to cabin or engine nacelle air, causing it to read ambient atmospheric pressure regardless of throttle setting."
Instrumentation,1429,A manifold pressure gauge of a piston engine measures :,absolute pressure in intake system near the inlet valve.,absolute airpressure entering the carburettor.,fuel pressure leaving the carburettor.,vacuum in the carburettor.,A,"Manifold absolute pressure (MAP) gauges measure the absolute pressure of the fuel-air mixture inside the intake manifold, typically near the engine's intake valves, to indicate engine power."
Instrumentation,1430,"Different pressure sensors are used according to the intensity of the pressure measured (low, medium or high)Classify the following sensors by order of increasing pressure for which they are suitable :1- bellows type2- Bourdon tube type3- aneroid capsule type","3,1,2","1,2,3","3,2,1","2,1,3",A,"For pressure measurements, aneroid capsules (3) are suited for very low pressures (altimeters), bellows (1) for low to medium pressures (air speed indicators), and Bourdon tubes (2) for high pressures (oil/hydraulic systems)."
Instrumentation,1431,"Among the following engine instruments, the one operating with an aneroid pressure diaphragm is the :",manifold pressure gauge.,oil pressure gauge.,fuel pressure gauge.,oil thermometer.,A,Manifold pressure gauges utilize a sealed aneroid capsule to measure absolute pressure inside the engine intake system relative to a vacuum reference.
Instrumentation,1432,The pressure probe used to measure the pressure of a low pressure fuel pump is:,an aneroid capsule.,a bellows sensor.,a Bourdon tube.,a differential capsule.,A,Low pressure ranges (like fuel pressure systems operating at lower psi) typically utilize bellows-type sensors because they provide a larger displacement and sensitivity than Bourdon tubes.
Instrumentation,1433,The probe used to measure the air intake pressure of a gas turbine engined powerplant is:,an aneroid capsule.,a differential capsule.,a Bourdon tube.,a bellows sensor.,A,Air intake pressure in a gas turbine is relatively low absolute pressure and is measured using a sensitive aneroid capsule sensor.
Instrumentation,1434,"A """"Bourdon Tube"""" is used in:",pressure sensors,vibration detectors,smoke detectors,turbine temperature probes,A,The Bourdon tube is a classic mechanical pressure-sensing element used widely in pressure gauges to measure high fluid pressures.
Instrumentation,1435,The yellow sector of the temperature gauge corresponds to:,an exceptional operating range.,a normal operating range.,a frequent operating range.,a forbidden operating range.,A,"On instrument dials, the yellow arc indicates a caution or exceptional operating range where operation is permissible only under specific conditions or for limited durations."
Instrumentation,1436,The white sector of the arc of a temperature gauge corresponds to:,a special operating range.,a normal operating range.,an exceptional operating range.,a forbidden operating range.,A,"A white arc or sector on an engine gauge designates a special operating range, such as specific carburetor heat limits or icing operational ranges."
Instrumentation,1437,The sensors used to measure the exhaust gas temperature on an aircraft equipped with turbojets are:,thermocouples.,based on metallic parts whose expansion/contraction is measured.,based on metallic conductors whose resistance increases linearly with temperature.,capacitors whose capacity varies proportionnally with temperature.,A,Turbine Exhaust Gas Temperature (EGT) is extremely high and is measured using thermocouples (such as Alumel-Chromel probes) which generate a small voltage proportional to the temperature.
Instrumentation,1438,The measurement of the turbine temperature or of the EGT (Exhaust Gas Temperature) is carried out at the :,high pressure turbine outlet.,combustion chamber outlet.,combustion chamber intake.,high pressure chamber intake.,A,EGT (or Turbine Outlet Temperature) is measured directly downstream of the high-pressure turbine stage or low-pressure turbine inlet to monitor engine thermal limits.
Instrumentation,1439,Given :M is the Mach numberTs is the static temperatureTt is the total temperature,Ts = Tt /(1+0.2. M²),Ts = Tt.(1+0.2. M²),Ts = Tt.(0.2. M²),Ts = Tt/( 0.2 M²),A,"Static Air Temperature (SAT or Ts) is computed from Total Air Temperature (TAT or Tt) by accounting for compressibility heating using the equation: Ts = Tt / (1 + 0.2 * M²), where M is the Mach number."
Instrumentation,1440,A thermocouple type thermometer consists of:,two metal conductors of different type connected at one point.,two metal conductors of the same type connected at two points.,a Wheatstone bridge connected to a voltage indicator.,a single-wire metal winding.,A,A thermocouple consists of two dissimilar metal wires joined at one end (the hot junction). Heating this junction generates a micro-voltage proportional to the temperature difference between the joined end and the open ends.
Instrumentation,1441,The total air temperature (TAT) is always :,higher than Static Air Temperature (SAT) depending on the Calibrated Air Speed (CAS).,higher lower than Static Air Temperature (SAT) depending on the Calibrated Air Speed (CAS).,higher than Static Air Temperature (SAT) depending on the altitude.,lower than Static Air Temperature (SAT) depending on the altitude.,A,"Total Air Temperature (TAT) is always higher than Static Air Temperature (SAT) due to the ram-air compression and friction heating on the temperature probe, which is proportional to the airspeed (CAS)."
Instrumentation,1442,The static air temperature (SAT) is :,an absolute temperature expressed in degrees Celsius,a differential temperature expressed in degrees Kelvin,a relative temperature expressed in degrees Celsius,a relative temperature expressed in degrees Kelvin,A,"Static Air Temperature (SAT) is the actual ambient temperature of the undisturbed airmass, commonly reported in degrees Celsius for flight planning and performance calculations."
Instrumentation,1443,In order to measure temperature the cylinder head temperature (CHT) gauge utilises a :,thermocouple consisting of two dissimilar metals.,wheatstone bridge circuit.,ratiometer circuit.,bourdon tube.,A,Cylinder Head Temperature (CHT) systems use a thermocouple sensor (usually in the form of a spark plug gasket or probe) to generate a voltage proportional to the engine cylinder head temperature.
Instrumentation,1444,"To permit turbine exit temperatures to be measured, gas turbines are equipped with thermometers which work on the following principle:",thermocouple,bi-metallic strip,liquid expansion,gas pressure,A,"Thermocouples are used to measure turbine exhaust temperatures because they can withstand extreme heat and provide rapid, reliable electrical signals."
Instrumentation,1445,The temperature measured by the CHT (Cylinder Head temperature) probe is the :,"temperature within the hottest cylinder, depending on its position in the engine block.",average temperature within the whole set of cylinders.,temperature of the exhaust gases.,temperature of the carburator to be monitored when the outside air temperature is between -5°C and 10°C.,A,The CHT probe is installed on the cylinder that runs the hottest (typically the rear cylinder due to reduced cooling airflow) to monitor the engine's thermal limits.
Instrumentation,1446,A thermocouple can be made of:,two metal conductors of different nature fixed together at two points.,two metal conductors of the same nature fixed together at two points.,a three wire coil.,a single wire coil.,A,"A thermocouple circuit relies on the Seebeck effect, which requires two junctions (hot junction and reference/cold junction) formed by joining two dissimilar metals at two points."
Instrumentation,1447,"The airplane outside air temperature """"probe"""" measures the :","""""total"""" air temperature minus kinetic heating effects in order to obtain the static temperature.","""""static"""" air temperature minus kinetic heating effects in order to obtain the total temperature.","""""total"""" air temperature minus compressibility effects in order to obtain the static temperature.","""""static"""" air temperature minus compressibility effects in order to obtain the total temperature.",A,The air temperature probe measures Total Air Temperature (TAT) directly. The air data computer then subtracts the kinetic (ram rise) heating effects to calculate the true ambient Static Air Temperature (SAT).
Instrumentation,1448,"In transport airplanes, the temperatures are generally measured with :1- resistance thermometers2- thermocouple thermometers3- reactance thermometers4- capacitance thermometers5- mercury thermometersThe combination regrouping all the correct statements is :","1, 2","1, 3, 4, 5","1, 2, 5","2, 3",A,"In transport aircraft, temperature measurements are performed using electrical resistance thermometers (1) for moderate ranges (OAT, fuel, cabin) and thermocouples (2) for high ranges (EGT, CHT)."
Instrumentation,1449,The main advantage of a ratiometer-type temperature indicator is that it:,carries out an independent measurement of the supply voltage.,is simple.,can operate without an electrical power supply.,is very accurate.,A,A ratiometer uses two coils in a magnetic field to measure the ratio of currents rather than absolute current. This makes the pointer position independent of fluctuations in the aircraft's electrical supply voltage.
Instrumentation,1450,"A millivoltmeter measuring the electromotive force between the """"hot junction"""" and the """"cold junction"""" of a thermocouple can be directly graduated in temperature values provided that the temperature of the:",cold junction is maintained constant.,hot junction is maintained constant.,cold junction is maintained at 15 °C.,hot junction is maintained at 15 °C.,A,"Since a thermocouple measures the temperature difference between the hot and cold junctions, the millivoltmeter indicator can only be directly graduated in degrees if the reference (cold) junction is kept at a constant temperature."
Instrumentation,1451,The electromotive force of a thermocouple is not modified if one or several intermediate metals are inserted in the circuit provided that:,contact points are maintained at equal temperature between these different metals.,these metals are not the same as those constituting the thermocouple.,these metals are maintained at a temperature higher than that of the cold source.,these metals are maintained at a temperature lower than that of the cold source.,A,"According to the Law of Intermediate Metals, adding intermediate metals into the thermocouple circuit will not affect the total electromotive force, provided all the connection junctions of these metals are kept at the same temperature."
Instrumentation,1452,A synchroscope is used on aircraft to:,set several engines to the same speed.,reduce the vibration of each engine.,reduce the rpm of each engine.,achieve optimum control of on-board voltages.,A,"A synchroscope is a cockpit instrument that compares the RPM of two or more engines, allowing the pilot to synchronize their speeds to reduce cabin noise and vibrations."
Instrumentation,1453,The red pointer which is normally on the red line on the EGT (Exhaust Gas Temperature) indicators:,moves when the corresponding value is exceeded and remains positioned at the maximum value that has been reached.,shows the limit value not to be exceeded.,allows the display of the parameter value to be adopted during take-off.,shows the vibration level of the engine under consideration.,A,The maximum limit pointer (or exceedance pointer) on an EGT gauge automatically moves up when an over-temperature occurs and stays at the peak value reached to record the exceedance for maintenance.
Instrumentation,1454,In a 3-phase synchronous motor type tachometer indicator :1- the transmitter is a direct current generator2- the voltage is proportional to the transmitter drive speed 3- the frequency is proportional to the transmitter drive speed4- the speed indicating element is a galvanometer5. the speed indicating element is an asynchronous motor driving a magnetic tachometerThe combination regrouping all the correct statements is:,"3, 5","1, 2","2, 5","1, 4",A,"In a synchronous tachometer, the transmitter frequency is proportional to engine speed (Statement 3), and the indicator uses an asynchronous motor to drive a magnetic drag-cup tachometer (Statement 5)."
Instrumentation,1455,The disadvantage of an electronic rpm indicator is the :,necessity of providing a power supply source.,generation of spurious signals at the commutator.,influence of temperature on the indication.,high influence of line resistance on the indication.,A,"Unlike self-generating magnetic or generator tachometers, an electronic pulse tachometer requires a stable external electrical power supply to operate its pulse-counter circuitry."
Instrumentation,1456,"The signal supplied by a transmitter fitted with a 3-phase AC generator, connected to RPM indicator, is :","a three-phase voltage, the frequency of which varies with the RPM, the indicator is provided with a motor which drives a magnetic tachometer","a DC voltage varying with the RPM, the indicator is a plain voltmeter with a rev/min. scale","an AC voltage, the frequency of which varies with the RPM, the indicator converts the signal into square pulses which are then counted","an AC voltage varying with the RPM, the indicator rectifies the signal via a diode bridge and is provided with a voltmeter",A,A 3-phase AC tachometer generator outputs a three-phase voltage whose frequency is directly proportional to engine RPM. The indicator contains a matching synchronous motor that spins a magnet inside a drag-cup assembly.
Instrumentation,1457,"The signal supplied by a transmitter fitted with a magnetic sensor, connected to an RPM indicator is :","an AC voltage, the frequency of which varies with the RPM, the indicator converts the signal into square pulses which are then counted","a three-phase voltage frequency varies with the RPM, the indicator is provided with a motor which drives a magnetic tachometer","a DC voltage varying with the RPM , the indicator is a simple voltmeter with a rev/min. scale","an AC voltage varying with the RPM , the indicator rectifies the signal via a diode bridge and is provided with a voltmeter",A,"A magnetic speed sensor generates an AC signal as notches on a rotating wheel pass the sensor. The electronic RPM indicator measures this frequency, converting the pulses into a digital RPM readout."
Instrumentation,1458,The RPM indicator (or tachometer) of a piston engine can include a small red arc within the arc normally used (green arc)In the RPM range corresponding to this small red arc the :,"propoller generates vibration, continuous rating is forbidden",rating is the maximum possible in continuous mode,rating is the minimum usable in cruise,propeller efficency is minimum at this rating,A,A restricted red arc within the green arc indicates a range where destructive propeller harmonics and vibrations occur. Continuous engine operation within this specific RPM band is strictly prohibited.
Instrumentation,1459,The transmitter of RPM indicator may consist of :1- a magnetic sensor supplying an induced AC voltage2- a DC generator supplying a DC voltage3- a single-phase AC generator supplying an AC voltage4- a three-phase AC generator supplying a three-phase voltageThe combination of correct statements is :,"1,2,3,4","2,3,4","1,4","1,2,3",A,"Engine RPM transmitters can use magnetic sensors (1), DC tachometer dynamos (2), single-phase AC alternators (3), or three-phase AC generators (4)."
Instrumentation,1460,"On an aeroplane equipped with a constant speed propeller, the RPM indicator enables :",control of the propeller regulator and the display of propeller RPM.,control of power.,selection of engine RPM.,"on a twin-engine aeroplane, automatic engine synchronisation.",A,"In a constant-speed propeller system, the tachometer displays actual propeller/engine RPM, allowing the pilot to set the governor (regulator) to the desired cruise or climb RPM."
Instrumentation,1461,"The operating principle of an """"electronic"""" tachometer is to measure the:",frequency of the electric impulse created by a notched wheel rotating in a magnetic field.,electromotive force (EMF) produced by a dynamo or an alternator.,rotation speed of an asynchronous motor energized by an alternator.,magnetic field produced by a dynamo or an alternator.,A,Electronic tachometers use a magnetic pick-off sensor to count the frequency of electrical impulses generated as a gear-like notched wheel rotates through a magnetic field.
Instrumentation,1462,"The operating principle of the """"induction"""" type of tachometer is to measure the:",rotation speed of an asynchronous motor energized by an alternator.,electromotive force (EMF) produced by a dynamo or an alternator.,frequency of the electric impulse created by a notched wheel rotating in a magnetic field.,magnetic field produced by a dynamo or an alternator.,A,"The induction (or generator) type tachometer drives a small AC alternator at the engine. The frequency of this output drives a synchronous motor in the indicator, whose speed is measured via a magnetic drag-cup."
Instrumentation,1463,The advantages of an electrical induction tachometer are:1- the display is not sensitive to line resistance2- the measurement is independent of aircraft power supply3- the measurement is independent of temperature variations4- the option to use without restriction several indicators connected in parallel to a single transmitterThe combination regrouping all the correct statements is:,"1, 2, 4.","1, 3, 4.","1, 2, 3, 4.","2, 3, 4.",A,"Induction tachometers are highly reliable because the signal frequency is unaffected by line resistance (1), the system generates its own current and does not need aircraft power (2), and multiple indicators can run in parallel (4)."
Instrumentation,1464,The electronic tachometer sensor is composed of:,a notched wheel rotating in front of an electro-magnet.,a circular magnet with four poles.,the rotor of a single phase A.C. generator.,the rotor of a three-phase A.C. generator.,A,The sensor of an electronic tachometer consists of a ferromagnetic notched wheel mounted on a rotating shaft and a static electromagnetic pick-up that detects the passing teeth.
Instrumentation,1465,The advantages of a D.C. generator tachometer are:1- easy transmission of the information.2- independence of the information relative to the airborne electrical power supply.3- freedom from any spurious current due to the commutator.The combination regrouping all the correct statements is:,"1, 2.","1, 2, 3.","2, 3.","1, 3.",A,A DC generator tachometer outputs a simple voltage that is easy to transmit (1) and operates independently of the aircraft electrical system (2).
Instrumentation,1466,The advantages of single-phase A.C. generator tachometer are:1- the suppression of spurious signals due to a D.C. generator commutator2- the importance of line resistance on the information value3- the independence of the information in relation to the airborne electrical power supply4- the ease of transmission of the informationThe combination regrouping all the correct statements is:,"1, 3.","1, 2, 3, 4.","2, 3, 4.","2, 4.",A,Single-phase AC tachometer generators eliminate the maintenance and noise of DC brushes/commutators (1) and operate independently of aircraft electrical power (3).
Instrumentation,1467,The disadvantages of a single-phase A.C. generator tachometer are:1- the presence of spurious signals due to a D.C. generator commutator2- the importance of line resistance on the information value3- the influence of temperature on the tachometer informationThe combination regrouping all the correct statements is:,2.,"1, 2, 3.","1, 2.","1, 3.",A,A single-phase AC tachometer generator is sensitive to line resistance (Statement 2) because it generates a voltage whose amplitude drop across the transmission lines can affect the indication (unlike three-phase synchronous systems where frequency is measured instead of voltage amplitude).
Instrumentation,1468,"The operating principle of Flowmeters, or """"unit flow meters,"""" the most commonly used at the present time, is to measure across their system the :",quantity of fuel movement,pressure and temperature of the fuel,volumetric mass and di-electric resistance of the fuel,volume and viscosity of the fuel,A,Modern aircraft fuel flowmeters measure the actual mass or volume flow of fuel moving through the line using an impeller or transmitter that translates fuel movement into electrical signals.
Instrumentation,1469,A paddle-wheel placed in a the fuel circuit of a gas turbine engine initially measures:,volumetric flow by a tally of the impulses,mass flow by a tally of the impulses,volumetric flow by measure of a voltage proportional to the rotational speed,mass flow by measure of a voltage proportional to the rotational speed,A,"A turbine-type paddle wheel flowmeter measures volumetric flow rate. As fuel flows through, it rotates a rotor, and the system counts the frequency of electromagnetic pulses generated by the rotating blades."
Instrumentation,1470,"When compared with the volumetric fuel flowmeter, the mass fuel flowmeter takes into account the fuel :",density.,temperature.,pressure.,dielectrical constant.,A,"Unlike volumetric flowmeters, mass flowmeters compensate for variations in fuel density caused by temperature changes, allowing the system to display fuel burned and fuel flow in units of weight (mass) rather than volume."
Instrumentation,1471,The float type fuel gauges provide information on:,volume whose indication varies with the temperature of the fuel.,volume whose indication is independent of the temperature of the fuel.,mass whose indication varies with the temperature of the fuel.,mass whose indication is independent of the temperature of the fuel.,A,"Float-type fuel gauges measure the volume of fuel by tracking the fluid level. Because fuel expands and contracts with temperature, the indicated volume changes even if the actual mass of the fuel remains constant."
Instrumentation,1472,The capacity fuel gauges provide information:,on mass whose indication is independent of the temperature of the fuel.,on mass whose indication varies with the temperature of the fuel.,which is independent of the temperature of the fuel.,which varies with the temperature of the fuel.,A,"Capacitance fuel quantity gauges measure the mass of the fuel. Since the dielectric constant of aviation fuel changes in proportion to its density, temperature changes are automatically compensated for, providing a mass reading that is temperature-independent."
Instrumentation,1473,The principle of capacity gauges is based on the:,capacitance variation of a given capacitor with the type of dielectric.,current variation in the Wheatstone bridge.,capacitance variation by the volume measurement carried out on the sensor.,flow rate and torque variation occurring in a supply line.,A,A capacitance fuel gauge consists of concentric metal tubes acting as a capacitor. The capacitance varies as the height of the fuel changes because the dielectric constant of fuel is approximately double that of air.
Instrumentation,1474,The quantity of fuel in the tanks is measured by capacitor type contents gauges. The working principle of these sensors is to measure the :,charge of condensors,di-electric resistivity of the fuel,height of the fuel,volume of the fuel,A,"The gauge operates by measuring the total electrical capacitance (charge storage capacity) of the tank probes. The capacitance increases as the dielectric constant changes from air to fuel, which directly relates to the fuel quantity."
Instrumentation,1475,The indication of a fuel float gauge varies with :1- aircraft attitude2- accelerations3- atmospheric pressure4- temperatureThe combination of correct statements is :,"1,2,4","1,2,3,4",4,"1,2",A,"Float gauge readings are highly sensitive to pitch/roll attitude changes (1), accelerations (2), and fuel temperature (4) (which alters density/volume), but are unaffected by atmospheric pressure (3)."
Instrumentation,1476,The principle of capacitor gauges is based on:,the variation in capacity of a condensor with the nature of the dielectric,the current variation in a Wheastone bridge,the variation of capacity by volumetric measurement exercised on the sensor,the variation of flow and torque exercised in a supply line,A,The capacitance of a capacitor is directly determined by the dielectric constant of the material between its plates. Immersing the probe in fuel (which has a different dielectric constant than air) changes its capacitance.
Instrumentation,1477,"The advantages of an """"electric"""" fuel (float) gauge are :1- easy construction2- independence of indications with regard to airplane attitude3- independence of indications with regard to the accelerations 4- independence of indications with regard to temperature variations5- independence of indications with regard to vibrationsThe combination regrouping all the correct statements is:",1,"1, 2, 3, 4, 5","2, 3, 4, 5","2, 3, 4",A,"The main advantage of a float-type fuel gauge is its simple and inexpensive construction (1). It is not independent of attitude, acceleration, temperature, or vibrations."
Instrumentation,1478,"The disavantages of an """"electric"""" fuel (float) gauge are :1- the design is complex2- the indications are influenced by the airplane attitude variations3- the indications are influenced by the accelerations 4- the indications are influenced by temperature variations5- that an alternative current supply is necessaryThe combination regrouping all the correct statements is :","2, 3, 4","1, 2, 3, 4","2, 3, 4, 5",1,A,"Float-type fuel gauges suffer from being highly sensitive to aircraft attitude changes (2), accelerations/sloshing (3), and volume variations due to temperature (4)."
Instrumentation,1479,"In an average or heavy weight transport airplane, generally, the fuel quantity is measured by """"capacitor"""" gauges because these give :1- indications partly independent of fuel temperature variations2- indications almost independent of the airplane's attitude and accelerations3- indications expressed in densityThe combination regrouping all the correct statements is:","1, 2","1, 2, 3",2,"1, 3",A,Capacitor-type fuel quantity indicators are preferred because they automatically compensate for temperature variations (1) and utilize multiple probes to minimize errors caused by aircraft attitude and accelerations (2).
Instrumentation,1480,"The basic principle used for measuring a quantity of fuel in a transport airplane equipped with """"capacitor"""" gauges is that the:",capacity of a capacitor depends on the nature of the dielectric in which it is immersed.,internal resistance of a capacity depends on the nature of the dielectric in which it is immersed.,capacity of a capacitor depends on the distance between its plates.,electromotive force of a capacity depends on the nature of the dielectric in which it is immersed.,A,The electrical capacitance of the probe increases as it is submerged in fuel because the dielectric constant of liquid fuel is approximately twice that of the air/vapor above it.
Instrumentation,1481,"If the tanks of your airplane only contain water, the capacitor gauges indicate:","a mass of water different from zero, but inaccurate.",the exact mass of water contained in the tanks.,a mass equal to zero.,a mass equal to the mass of a same volume of fuel.,A,"The dielectric constant of water is about 80, whereas fuel is about 2. If the tanks contain water instead of fuel, the capacitance of the probes will increase drastically, causing the gauge to show an extremely high but highly inaccurate quantity reading."
Instrumentation,1482,The advantages of an electric float gauge are:1- ease of manufacture2- independence of the indication relative to the variations of the aircraft power system if the measurement is made by a ratiometer3- independence of the indication relative to the variations of the aircraft power system if the measurement is made by a galvanometer4- independence of the indication relative to temperature variationsThe combination regrouping all the correct statements is:,"1, 2, 4","1, 2, 3, 4","1, 3, 4","2, 3, 4",A,"Electric float gauges are simple to manufacture (1), can be made independent of power fluctuations by using a ratiometer indicator (2), and are independent of temperature errors if volume expansion is compensated (4)."
Instrumentation,1483,The gauge indicating the quantity of fuel measured by a capacity gauging system can be graduated directly in weight units because the dielectric constant of fuel is:,twice that of air and varies directly with density.,the same as that of air and varies directly with density.,twice that of air and varies inversely with density.,the same as that of air and varies inversely with density.,A,Capacitor systems can display weight directly because the dielectric constant of aviation fuel is approximately twice that of air and varies in direct proportion to fuel density.
Instrumentation,1484,Torque can be determined by measuring the :,oil pressure at the fixed crown of an epicycloidal reducer of the main engine gearbox.,phase difference between 2 impulse tachometers attached to a transmission shaft.,frequency of an impulse tachometer attached to a transmission shaft.,quantity of light passing through a rack-wheel attached to a transmission shaft.,A,"In turboprop engines, torque is commonly measured hydraulically by sensing the oil pressure required to hold the stationary ring gear (fixed crown) of the propeller reduction gearbox in place against rotation."
Instrumentation,1485,The principle of detection of a vibration monitoring system is based on the use of:,2 accelerometers.,2 high and low frequency amplifiers.,2 high and low frequency filters.,a frequency converter.,A,Engine vibration monitoring (EVM) systems detect structural accelerations using piezoelectric accelerometer sensors mounted on the compressor and turbine casings.
Instrumentation,1486,In an engine vibration monitoring system for a turbojet any vibration produced by the engine is :,amplified and filtered before being fed to the cockpit indicator.,inversely proportional to engine speed.,directly proportional to engine speed.,fed directly to the cockpit indicator without amplification or filtering.,A,The small electric signals from the engine accelerometers are sent to a signal conditioner where they are amplified and filtered to isolate specific engine rotor frequencies (N1/N2) before display in the cockpit.
Instrumentation,1487,A vibration indicator receives a signal from different sensors (accelerometers). It indicates the :,vibration amplitude at a given frequency,"acceleration measured by the sensors, expressed in g",vibration frequency expressed in Hz,vibration period expressed in seconds,A,The cockpit engine vibration display shows the vibration displacement amplitude (in mils or relative units) at the engine's primary rotating frequencies to detect imbalance.
Instrumentation,1488,"In a modern airplane equipped with an ECAM (Electronic centralized aircraft monitor), when a failure occurs in a circuit, the centralized flight management system:1- releases an aural warning2- lights up the appropriate push-buttons on the overhead panel3- displays the relevant circuit on the system display4- processes the failure automaticallyThe combination regrouping all the correct statements is:","1, 2, 3.","1, 3, 4.","3, 4.","1, 2.",A,"When a system fails, the Electronic Centralized Aircraft Monitor (ECAM) generates aural warnings (1), illuminates warning/caution lights on the overhead panel (2), and displays the active system schematic on the system display (3). The system does not resolve the mechanical failure automatically (4)."
