chapter,question_number,question_text,option_a,option_b,option_c,option_d,correct_answer
Meteorology,3272,How does the height of the tropopause normally vary with latitude in the northern hemisphere ?,It decreases from south to north.,It remains constant from north to south.,It increases from south to north.,It remains constant throughout the year.,A
Meteorology,3273,"What, approximately, is the average height of the tropopause over the equator ?",16 km,8 km,11 km,40 km,A
Meteorology,3274,In which layer is most of the atmospheric humidity concentrated ?,Troposphere.,Tropopause.,Stratosphere.,Stratopause.,A
Meteorology,3275,What is the boundary layer between troposphere and stratosphere called?,Tropopause.,Ionosphere.,Stratosphere.,Atmosphere.,A
Meteorology,3276,Which of the following cloud types can project up into the stratosphere?,Cumulonimbus,Cirrostratus,Altocumulus,Altostratus,A
Meteorology,3277,Which one of the following statements applies to the tropopause?,It separates the troposphere from the stratosphere,"It is, by definition, an isothermal layer",It indicates a strong temperature lapse rate,"It is, by definition, a temperature inversion",A
Meteorology,3278,Which layer of the atmosphere contains more than 90 per cent of all water vapour?,Troposphere,Lower stratosphere,Upper stratosphere,Ionosphere,A
Meteorology,3279,The thickness of the troposphere varies with,latitude,longitude,rotation of the earth,the wind,A
Meteorology,3280,What is the approximate composition of the dry air by volume in the troposphere ?,"21 % oxygen, 78 % nitrogen, and the rest other gasses","10 % oxygen, 89 % nitrogen, and the rest other gasses","88 % oxygen, 9 % nitrogen, and the rest other gasses","50 % oxygen, 40 % nitrogen, and the rest other gasses",A
Meteorology,3281,"Going from the equator to the north pole, the altitude of the tropopause",decreases and its temperature increases,increases and its temperature increases,increases and its temperature decreases,decreases and its temperature decreases,A
Meteorology,3282,The troposphere,has a greater vertical extent above the equator than above the poles,contains all oxygen of the stratosphere,is the separation layer between the stratosphere and atmosphere,reaches the same height at all latitudes,A
Meteorology,3283,The troposphere is the,part of the atmosphere below the tropopause,part of the atmosphere above the stratosphere,boundary between the mesosphere and thermosphere,boundary between the stratosphere and the mesosphere,A
Meteorology,3284,The tropopause is a level at which,temperature ceases to fall with increasing height,water vapour content is greatest,pressure remains constant,vertical currents are strongest,A
Meteorology,3285,The tropopause is lower,over the North Pole than over the equator,in summer than winter in moderate latitudes,south of the equator than north of it,over the equator than over the South Pole,A
Meteorology,3286,The average height of the tropopause at 50°N is about,11 km,8 km,14 km,16 km,A
Meteorology,3287,The height and the temperature of the tropopause are respectively in the order of,16 km and -75°C over the equator,8 km and -40°C over the equator,8 km and - 75°C over the poles,16 km and -40°C over the poles,A
Meteorology,3288,In the mid-latitudes the stratosphere extends on an average from,11 to 50 km,0 to 11 km,50 to 85 km,85 to more than 200 km,A
Meteorology,3289,The temperature at FL 140 is -12°C. What will the temperature be at FL 110 if the ICAO standard lapse rate is applied ?,-6°C.,-18°C.,-9°C.,-15°C.,A
Meteorology,3290,"At a certain position, the temperature on the 300 hPa chart is -48°C, according to the tropopause chart, the tropopause is at FL 330. What is the most likely temperature at FL 350 ?",-54°C.,-50°C.,"-56,5°C.",-58°C.,A
Meteorology,3291,An outside air temperature of -35°C is measured while cruising at FL 200. What is the temperature deviation from the ISA at this level?,10°C colder than ISA.,10°C warmer than ISA.,5°C warmer than ISA.,5°C colder than ISA.,A
Meteorology,3292,What is the most likely temperature at the tropical tropopause?,-75°C.,-55°C.,-35°C.,-25°C.,A
Meteorology,3293,The 0° isotherm is forecast to be at FL 50. At what FL would you expect a temperature of -6° C?,FL 80,FL 20,FL 100,FL 110,A
Meteorology,3294,The temperature at FL 80 is +6°C. What will the temperature be at FL 130 if the ICAO standard lapse rate is applied ?,-4°C,-6°C,0°C,+2°C,A
Meteorology,3295,The temperature at FL 110 is -5°C. What will the temperature be at FL 50 if the ICAO standard lapse rate is applied ?,+7°C,+3°C,0°C,-3°C,A
Meteorology,3296,The temperature at FL 160 is -22°C. What will the temperature be at FL 90 if the ICAO standard lapse rate is applied ?,-8°C,-4°C,0°C,+4°C,A
Meteorology,3297,"A temperature of +15°C is recorded at an altitude of 500 metres above sea level. If the vertical temperature gradient is that of a standard atmosphere, what will the temperature be at the summit of a mountain, 2500 metres above sea level?",+2°C,+4°C,0°C,-2°C,A
Meteorology,3298,How would you characterise an air temperature of -15°C at the 700 hPa level over western Europe?,Low,High,Within +/-5°C of ISA,20°C below standard,A
Meteorology,3299,How would you characterise an air temperature of -30°C at the 300 hPa level over western Europe?,High,Within +/-5°C of ISA,Low,Very low,A
Meteorology,3300,How would you characterise an air temperature of -55°C at the 200 hPa level over western Europe?,Within +/-5°C of ISA,High,Low,Very high,A
Meteorology,3301,In the lower part of the stratosphere the temperature,is almost constant,decreases with altitude,increases with altitude,increases at first and decreases afterward,A
Meteorology,3302,Which is true of the temperature at the tropopause?,It is higher in polar regions than in equatorial regions,It is higher in equatorial regions than in polar regions,It is highest in middle latitudes,There is no significant difference with change of latitude,A
Meteorology,3303,Several physical processes contribute to atmospheric warming. Which of the following contribute the most ?,Convection and condensation.,Solar radiation and conduction.,Absorption and vaporization.,Absorption and evaporation.,A
Meteorology,3304,Convective activity over land in mid-latitudes is greatest in,summer in the afternoon.,winter during the night and early morning.,summer during the night and early morning.,winter in the afternoon.,A
Meteorology,3305,Advection is :,horizontal motion of air,vertical motion of air,the same as subsidence,the same as convection,A
Meteorology,3306,The radiation of the sun heats,"the surface of the earth, which heats the air in the troposphere",the air in the troposphere directly,the water vapour in the air of the troposphere,the air in the troposphere only directly if no clouds are present,A
Meteorology,3307,A layer is conditionally unstable if the air,is unstable for saturated air and stable for dry air.,is stable for saturated air and unstable for dry air.,becomes stable by lifting it.,is unstable for saturated air as well as for dry air.,A
Meteorology,3308,Absolute instability exists whenever the environmental lapse rate,exceeds the dry adiabatic lapse rate.,exceeds the saturated adiabatic lapse rate.,is less than the saturated adiabatic lapse rate.,is between the dry and saturated adiabatic lapse rate.,A
Meteorology,3309,In an air mass with no clouds the surface temperature is 15°C and 13°C at 1000m. This layer of air is:,stable,unstable,a layer of heavy turbulence,conditionally unstable,A
Meteorology,3310,The dry adiabatic lapse rate,has a constant fixed value,is greater in summer than in winter,is greater during the night than during the day,has a variable value,A
Meteorology,3311,An air mass is called stable when,the vertical motion of rising air tends to become weaker and disappears,the temperature in a given air mass decreases rapidly with height,the pressure in a given area is constant,"the environmental lapse rate is high, with little vertical motion of air currents",A
Meteorology,3312,A layer can be,stable for unsaturated air and unstable for saturated air,stable for saturated air and unstable for unsaturated air,unstable for unsaturated air and neutral for saturated air,unstable for unsaturated air and conditionally unstable,A
Meteorology,3313,From which of the following pieces of information can the stability of the atmosphere be derived?,Environmental lapse rate,Surface temperature,Dry adiabatic lapse rate,Pressure at the surface,A
Meteorology,3314,When in the upper part of a layer warm air is advected the,stability increases in the layer,stability decreases in the layer,wind will back with increasing height in the northern hemisphere,wind speed will always decrease with increasing height in the northern hemisphere,A
Meteorology,3315,An inversion is a layer of air which is,absolutely stable,absolutely unstable,conditionally unstable,conditionally stable,A
Meteorology,3316,The environmental lapse rate in an actual atmosphere,varies with time,has a fixed value of 1°C/100m,has a fixed value of 0.65°C/100m,has a fixed value of 2°C/1000 FT,A
Meteorology,3317,The dry adiabatic lapse rate has a value of,1°C/100m,2°C/1000FT,0.65°C/100m,0.5°C/100m,A
Meteorology,3318,In still air the temperature decreases at an average of 1.2°C per 100 m increase in altitude. This temperature change is called:,environmental lapse rate,saturated adiabatic lapse rate,dry adiabatic lapse rate,normal lapse rate,A
Meteorology,3319,The value of the saturated adiabatic lapse rate is closest to that of the dry adiabatic lapse rate in,cirrus,freezing fog,stratus,cumulus,A
Meteorology,3320,Which of the following is a common cause of ground or surface temperature inversion ?,Terrestrial radiation on a clear night with no or very light winds.,"Warm air being lifted rapidly aloft, in the vicinity of mountainous terrain.","The movement of colder air under warm air, or the movement of warm air over cold air.",Heating of the air by subsidence,A
Meteorology,3321,Which of the following is a common result of subsidence ?,"An inversion over a large area with haze, mist.",CB-clouds and thunderstorms over a large area.,Wide spread NS and AS clouds and intense precipitation.,Clear air turbulence at higher altitudes .,A
Meteorology,3322,What is the technical term for an increase in temperature with altitude?,Inversion,Subsidence,Adiabatic,Advection,A
Meteorology,3323,What characteristic is associated with a temperature inversion ?,Stability,Instability,Clear ice,Area of active storms,A
Meteorology,3324,A significant inversion at low height is a characteristic of,nocturnal radiation,the passage of cold front,advection fog,cumulus clouds,A
Meteorology,3325,An inversion is a layer of air in which the temperature,increases with height,remains constant with height,increases with height more than 1°C/100m,decreases with height more than 1°C/100m,A
Meteorology,3326,An isothermal layer is a layer of air in which the temperature,remains constant with height,increases with height,decreases with height at a constant rate,increases with height at a constant rate,A
Meteorology,3327,An inversion is,an increase of temperature with height,an increase of pressure with height,a decrease of pressure with height,a decrease of temperature with height,A
Meteorology,3328,The diurnal variation in temperature is largest when the sky is,clear and winds are weak,clear and winds are strong,overcast and winds are weak,overcast and winds are strong,A
Meteorology,3329,"Around Paris on January 3rd at 1800 UTC, the surface temperature, under shelter, is 3°C. The sky is covered by 8 oktas of stratus. QNH is 1033 hPa. If the sky is covered all night, the minimum temperature of the night of January 3rd to January 4th should be",slightly below +3°C.,significantly below 0°C.,slightly above +3°C.,significantly above +3°C.,A
Meteorology,3330,"On a clear sky, continental ground surface, wind calm, the minimum temperature is reached approximately",half an hour after sunrise,half an hour before sunrise,at the moment the sun rises,one hour before sunrise,A
Meteorology,3331,What positions are connected by isobars on the surface weather chart?,Positions with the same air pressure at a given level,Positions with the same temperature at a given level,Positions with the same wind velocity at a given level,Positions with the same relative pressure heights,A
Meteorology,3332,The station pressure used in surface weather charts is,QFF,QFE,QNH,QNE,A
Meteorology,3333,The isobars drawn on a surface weather chart represent lines of equal pressure,reduced to sea level,at flight level,at height of observatory,at a determined density altitude,A
Meteorology,3334,Isobars on a surface chart are lines of equal,QFF,QFE,QNE,QNH,A
Meteorology,3335,(For this question use annex 050-10850A)The pressure distribution located mainly in square 2A is a,ridge of high pressure,col,trough of low pressure,depression,A
Meteorology,3336,"(For this question use annex 050-10784A)The pressure system at position """"D"""" is a",col,secondary low,trough of low pressure,ridge of high pressure,A
Meteorology,3337,In the troposphere the decrease of pressure per 100 m increase in height,is smaller at higher levels than at lower levels.,remains constant at all levels.,is greater at higher levels than at lower levels.,is in the order of 27 hPa near MSL.,A
Meteorology,3338,What is the approximate vertical interval which is equal to a pressure change of 1 hPa at an altitude of 5500 m ?,15 m (50 FT).,8 m (27 FT).,32 m (105 FT).,64 m (210 FT).,A
Meteorology,3339,Which of the following is true concerning atmospheric pressure ?,It decreases with height,It is higher in winter than in summer,It is higher at night than during the day,It always decreases with height at a rate of 1 hPa per 8m,A
Meteorology,3340,An isohypse (contour),indicates the true altitude of a pressure level,is the longest slope line of a frontal surface,is the limit between two air masses of different temperature,indicates the altitude of the zero degree isotherm,A
Meteorology,3341,"In order to calculate QFE from QNH, which of the following must be known ?",Elevation of the airfield.,Temperature at the airfield.,Elevation of the airfield and the temperature at MSL.,Elevation and the temperature at the airfield.,A
Meteorology,3342,The QFF at an airfield located 400 metres above sea level is 1016 hPa. The air temperature is 10°C higher than a standard atmosphere. What is the QNH?,More than 1016 hPa,1016 hPa,Less than 1016 hPa,It is not possible to give a definitive answer,A
Meteorology,3343,The QFF at an airfield located 400 metres above sea level is 1016 hPa. The air temperature is 10°C lower than a standard atmosphere. What is the QNH?,Less than 1016 hPa,More than 1016 hPa,1016 hPa,It is not possible to give a definitive answer,A
Meteorology,3344,The QNH at an airfield located 200 metres above sea level is 1009 hPa. The air temperature is 10°C lower than a standard atmosphere. What is the QFF?,More than 1009 hPa,1009 hPa,Less than 1009 hPa,It is not possible to give a definitive answer,A
Meteorology,3345,The QNH at an airfield located 200 metres above sea level is 1022 hPa. The air temperature is not available. What is the QFF?,It is not possible to give a definitive answer,More than 1022 hPa,1022 hPa,Less than 1022 hPa,A
Meteorology,3346,The QNH at an airfield located 0 metres above sea level is 1022 hPa. The air temperature is not available. What is the QFF?,1022 hPa,Less than 1022 hPa,More than 1022 hPa,It is not possible to give a definitive answer,A
Meteorology,3347,The QNH at an airfield in California located 69 metres below sea level is 1018 hPa. The air temperature is 10°C higher than a standard atmosphere. What is the QFF?,More than 1018 hPa,Less than 1018 hPa,1018 hPa,It is not possible to give a definitive answer,A
Meteorology,3348,The QFF at an airfield in California located 69 metres below sea level is 1030 hPa. The air temperature is 10°C lower than a standard atmosphere. What is the QNH?,More than 1030 hPa,Less than 1030 hPa,1030 hPa,It is not possible to give a definitive answer,A
Meteorology,3349,"If the QFE at Locarno (200 metres above sea level) is 980 hPa, what is the approximate QNH ?",1005 hPa,1000 hPa,1015 hPa,1010 hPa,A
Meteorology,3350,"If the QFE at Locarno (200 metres above sea level) is 1000 hPa, what is the approximate QNH?",1025 hPa,985 hPa,990 hPa,1035 hPa,A
Meteorology,3351,"If the QNH at Locarno (200 metres above sea level) is 1015 hPa, what is the approximate QFE?(Assume 1hPa = 8m)",990 hPa,995 hPa,1000 hPa,1005 hPa,A
Meteorology,3352,"If the QNH at Locarno (200 metres above sea level) is 1025 hPa, what is the approximate QFE?",1000 hPa,995 hPa,1005 hPa,1025 hPa,A
Meteorology,3353,QNH is defined as,QFE reduced to MSL using the values of the standard atmosphere,pressure at MSL in the standard atmosphere,pressure at MSL in the actual atmosphere,QFE reduced to MSL using the values of the actual atmosphere,A
Meteorology,3354,"In order to reduce QFE to QNH, which of the following item(s) must be known ?",Elevation of the airfield,Temperature at the airfield,Elevation of the airfield and the temperature at MSL,Elevation of the airfield and the temperature at the airfield,A
Meteorology,3355,"At FL 180, the air temperature is -35°C.The air density at this level is:",Greater than the density of the ISA atmosphere at FL 180.,Less than the density of the ISA atmosphere at FL 180.,Equal to the density of the ISA atmosphere at FL 180.,Unable to be determined without knowing the QNH.,A
Meteorology,3356,Under what condition does pressure altitude have the same value as density altitude ?,At standard temperature.,At sea level when the temperature is 0°C.,When the altimeter has no position error.,"When the altimeter setting is 1013,2 hPa.",A
Meteorology,3357,Half the mass of the atmosphere is found in the first,5 km,3 km,8 km,11 km,A
Meteorology,3358,The lowest assumed temperature in the International Standard Atmosphere (ISA) is :,-56.5°C,-273°C,-44.7°C,-100°C,A
Meteorology,3359,A 200 hPa pressure altitude level can vary in height. In temperate regions which of the following average heights is applicable ?,FL 390.,FL 300.,FL 100.,FL 50.,A
Meteorology,3360,A 300 hPa pressure level can vary in height. In temperate regions which of the following average heights is applicable ?,FL 300,FL 390,FL 100,FL 50,A
Meteorology,3361,A 500 hPa pressure level can vary in height. In temperate regions which of the following average heights is applicable ?,FL 180,FL 160,FL 100,FL 390,A
Meteorology,3362,A 700 hPa pressure level can vary in height. In temperate regions which of the following average heights is applicable ?,FL 100,FL 180,FL 300,FL 390,A
Meteorology,3363,A 850 hPa pressure level can vary in height. In temperate regions which of the following average heights is applicable ?,FL 50,FL100,FL 300,FL 390,A
Meteorology,3364,"If you are flying at FL 300 in an air mass that is 15°C warmer than a standard atmosphere, what is the outside temperature likely to be?",-30°C,-45°C,-60°C,-15°C,A
Meteorology,3365,"If you are flying at FL 100 in an air mass that is 10°C warmer than a standard atmosphere, what is the outside temperature likely to be?",+5°C,+15°C,-10°C,-15°C,A
Meteorology,3366,"If you are flying at FL 120 and the outside temperature is -2°C, at what altitude will the """"freezing level"""" be?",FL 110,FL 130,FL 150,FL 90,A
Meteorology,3367,How does temperature vary with increasing altitude in the ICAO standard atmosphere below the tropopause?,Decreases,Increases,At first it increases and higher up it decreases,Remains constant,A
Meteorology,3368,"What is the vertical temperature lapse rate, up to 11 km, in the standard ICAO atmosphere ?",6.5°C per 1000 m,4.5°C per 1000 m,3°C per 1000 m,2°C per 1000 m,A
Meteorology,3369,In the International Standard Atmosphere the decrease in temperature with height below 11 km is,0.65°C per 100m,1°C per 100m,0.5°C per 100m,0.6°C per 100m,A
Meteorology,3370,Which statement is correct regarding the International Standard Atmosphere ?,At MSL temperature is 15°C and pressure is 1013.25hPa,At MSL temperature is 15°C and the decrease in temperature with height is 1°C per 100m,At MSL temperature is 10°C and the decrease in temperature with height is 1°C per 100m,At MSL pressure is 1013.25 hPa and the decrease of temperature with height is 1°C per 100m,A
Meteorology,3371,In what hPa range is an upper weather chart for FL 340 situated?,300 - 200 hPa,400 - 300 hPa,500 - 400 hPa,600 - 500 hPa,A
Meteorology,3372,The temperature at 10000 FT in the International Standard Atmosphere is :,-5°C,0°C,-20°C,-35°C,A
Meteorology,3373,The rate of decrease of temperature with height per 100 m in the International Standard Atmosphere is :,0.65°C,1°C,0.5°C,variable,A
Meteorology,3374,The QNH of an airport at sea level is 983 hPa and the temperature deviation from ISA is -15°C below FL 100.What is the true altitude of FL 100?,8590 FT.,10210 FT.,9790 FT.,11410 FT.,A
Meteorology,3375,"You plan a flight over a mountain range at a true altitude of 15000 FT/AMSL. The air is on an average 15°C colder than ISA, the pressure at sea level is 1003 hPa. What indication must the altimeter (setting 1013.2 hPa) read?",16230 FT.,15690 FT.,14370 FT.,13830 FT.,A
Meteorology,3376,"During a flight at FL 100 from Marseille (QNH 1012 hPa) to Palma de Mallorca (QNH 1015 hPa), an aircraft remains at a constant true altitude. The reason for this is that :",the air at Marseille is warmer than that at Palma de Mallorca.,"the altimeters are erroneous, and need to be tested.",the air at Marseille is colder than that at Palma de Mallorca.,one of the two QNH values may be incorrect.,A
Meteorology,3377,"You intend to overfly a mountain range. The recommended minimum flight altitude is, according to the aviation chart, 15000 FT/AMSL. The air mass that you will fly through is on average 15°C warmer than the standard atmosphere. The altimeter is set to QNH (1023 hPa). At what altimeter reading will you effectively be at the recommended minimum flight altitude?",14100 FT.,13830 FT.,14370 FT.,15900 FT.,A
Meteorology,3378,"You are flying at FL 130, and your true altitude is 12000 FT. What is the temperature deviation from that of the standard atmosphere at FL 130 (QNH 1013,2 hPa) ?",ISA -20°C,ISA +/-0°C,ISA +20°C,ISA +12°C,A
Meteorology,3379,An aircraft flying at FL 100 from Marseille (QNH 1012 hPa) to Palma de Mallorca (QNH 1006 hPa) experiences no change to true altitude. The reason for this is that :,the air at Palma de Mallorca is warmer than that at Marseille,the air at Palma de Mallorca is colder than that at Marseille,"the altimeters are erroneous, and need to be tested",one of the two QNH values may be incorrect,A
Meteorology,3380,"During a flight over the sea at FL 100 from Marseille (QNH 1012 hPa) to Palma de Mallorca (QNH 1012 hPa), the true altitude is constantly increasing. What action, if any, should be taken ?","None, the reason for the change is that the air around Palma is warmer than the air around Marseille","Have your altimeter checked, because its readings are obviously wrong",Recheck the QNH because one of the QNH values must be wrong,Compensate by heading further to the left,A
Meteorology,3381,"During a flight over the sea at FL 100 from Marseille (QNH 1016 hPa) to Palma de Mallorca (QNH 1016 hPa), the true altitude is constantly decreasing. What is the probable reason for this ?",The air at Marseille is warmer than that at Palma de Mallorca,One of the QNH values must be wrong,The altimeter is faulty,The aircraft is being blown off track to the left,A
Meteorology,3382,"During a flight over the sea at FL 135, the true altitude is 13500 feet, local QNH is 1019 hPa. What information, if any, can be gained about the air mass in which the aircraft is flying?",It is colder than ISA,Its average temperature is the same as ISA,It is warmer than ISA,There is insufficient information to make any assumption,A
Meteorology,3383,"An aircraft is flying over the sea at FL 90, the true altitude is 9100 feet, local QNH is unknown. What assumption, if any, can be made about the air mass in which the aircraft is flying ?",There is insufficient information to make any assumption,It is colder than ISA,It is warmer than ISA,Its average temperature is the same as ISA,A
Meteorology,3384,"An aircraft is flying over the sea at FL 120, with a true altitude of 12000 feet, local QNH is 1013 hPa. What assumption, if any, can be made about the air mass in which the aircraft is flying ?",Its average temperature is the same as ISA,It is colder than ISA,It is warmer than ISA,There is insufficient information to come to any conclusion,A
Meteorology,3385,"An aircraft is flying over the sea at FL 100, with a true altitude of 10000 feet, local QNH is 1003 hPa. What assumption, if any, can be made about the air mass in which the aircraft is flying ?",It is warmer than ISA,Its average temperature is about ISA,It is colder than ISA,There is insufficient information to come to any conclusion,A
Meteorology,3386,"An aircraft is flying through the Alps on a very cold winter's day. The regional QNH is 1013 hPa. During the flight, you circle around a mountain at an altitude of its summit. What reading will the aneroid altimeter give, compared to the elevation of the summit?",A higher altitude than the elevation of the summit,A lower altitude than the elevation of the summit,The same altitude as the elevation of the summit,There is insufficient information to come to a conclusion,A
Meteorology,3387,"An aircraft is flying through the Alps on a warm summer's day. The weather is fine, and there is a high pressure system in the area. During the flight, a mountain is passed at an altitude of its summit. What reading will the aneroid altimeter give, compared to the summit's elevation?",A lower altitude than the elevation of the summit,A higher altitude than the elevation of the summit,The same altitude as the elevation of the summit,There is insufficient information to come to a conclusion,A
Meteorology,3388,"(For this question use annex 050-4246A)An aircraft is flying from Point A to Point B on the upper level contour chart. The altimeter setting is 1013,2 hPa. Which of these statements is correct?",The true altitude will be higher at A than at B,The true altitude will be higher at B than at A,Wind speed at A is higher than at B,Wind speed at Paris is higher than at B,A
Meteorology,3389,"(For this question use annex 050-4247A)An aircraft is flying from Point A to Point B on the upper level contour chart. The altimeter setting is 1013,2 hPa. Which of these statements is correct?",The true altitude will be higher at A than at B,The true altitude will be higher at B than at A,Wind speed at A is higher than at B,Wind speed at A and at B is the same,A
Meteorology,3390,"(For this question use annex 050-4248A)An aircraft is flying from Point A to Point B on the upper level contour chart. The altimeter setting is 1013,2 hPa. Which of these statements is correct?",The true altitude will be higher at B than at A,The true altitude will be higher at A than at B,Wind speed at Madrid is higher than at A,Wind speed at B is higher than at A,A
Meteorology,3391,"(For this question use annex 050-4249A)An aircraft is flying from Point A to Point B on the upper level contour chart. The altimeter setting is 1013,2 hPa. Which of these statements is correct?",The true altitude will be higher at B than at A,The true altitude will be higher at A than at B,Wind speed at A and at B is the same,Wind speed at B is higher than at A,A
Meteorology,3392,"You are flying at FL 200. Outside air temperature is -40°C, and the pressure at sea level is 1033 hPa. What is the true altitude?",19340 feet,20660 feet,21740 feet,18260 feet,A
Meteorology,3393,"You are flying at FL 160. Outside air temperature is -27°C, and the pressure at sea level is 1003 hPa. What is the true altitude?",15090 feet,15630 feet,16370 feet,16910 feet,A
Meteorology,3394,You are planning to fly across a mountain range. The chart recommends a minimum altitude of 12000 feet above mean sea level. The air mass you will be flying through is an average 10°C warmer than ISA. Your altimeter is set to 1023 hPa (QNH of a nearby airport at nearly sea level). What altitude will the altimeter show when you have reached the recommended minimum altitude?,11520 feet,12210 feet,11250 feet,11790 feet,A
Meteorology,3395,Which of the following conditions would cause the altimeter to indicate a lower altitude than that actually flown ?,Air temperature higher than standard,Atmospheric pressure lower than standard,Pressure altitude the same as indicated altitude.,Air temperature lower than standard.,A
Meteorology,3396,The pressure altitude is equal to the true altitude if,standard atmospheric conditions occur,the outside air temperature is standard for that height,the air pressure is 1013.25 hPa at the surface,the indicated altitude is equal to the pressure altitude,A
Meteorology,3397,The following temperatures have been observed over a station at 1200 UTC. Assume the station is at MSL. Height in feet. Temperature in degrees C. 20000.-12 18000.-11 16000.-10 14000.-10 12000.-6 10000.-2 8000. +2 6000. +6 4000. +12 2000. +15 surface+15.,Assuming that the MSL pressure is 1013.25 hPa the true altitude of an aircraft would actually be higher than the indicated altitude.,The height of the freezing level over the station is approximately 12000 FT.,The temperature at 10000 FT is in agreement with the temperature in the International Standard Atmosphere.,The layer between 16000 and 18000 FT is absolutely unstable,A
Meteorology,3398,Assume that an aircraft is flying in the northern hemisphere at the 500 hPa pressure surface on a heading of 270 degrees. Which of the following statements is correct?,"If in this pressure surface the wind comes from the direction 360 degrees, then true altitude is increasing","If in this pressure surface the wind comes from the direction 180 degrees, then true altitude is increasing","If in this pressure surface the wind comes from the direction 270 degrees, then true altitude is increasing","If in this pressure surface the wind comes from the direction 090 degrees, then true altitude is increasing",A
Meteorology,3399,An aircraft is flying at FL 180 on the northern hemisphere with a crosswind from the left. Which of the following is correct concerning its true altitude ?,It decreases,It increases,It remains constant,Without knowing temperatures at FL 180 this question can not be answered.,A
Meteorology,3400,"What is the relationship, if any, between QFE and QNH at an airport situated 50 FT below sea level?",QFE is greater than QNH.,QFE is smaller than QNH.,QFE equals QNH.,No clear relationship exists.,A
Meteorology,3401,"An aircraft lands at an airport (airport elevation 1240 FT, QNH 1008 hPa). The altimeter is set to 1013 hPa. The altimeter will indicate :",1375 FT.,1200 FT.,1105 FT.,1280 FT.,A
Meteorology,3402,"After landing at an aerodrome (aerodrome elevation 1715 FT), the altimeter indicates an altitude of 1310 FT. The altimeter is set to the pressure value of 1013 hPa. What is the QNH at this aerodrome?",1028 hPa.,1015 hPa.,1013 hPa.,998 hPa.,A
Meteorology,3403,"An aircraft is descending to land under IFR. If the local QNH is 1009 hPa, what will happen to the altitude reading when the altimeter is reset at the transition level ?",It will decrease,It will increase,It will remain the same,It will not be affected,A
Meteorology,3404,"After landing at an aerodrome (QNH 993 hPa) it is noticed that the altimeter is still set to 1013,2 hPa and that it reads 1200 feet. What is the elevation of the aerodrome above mean sea level ?",660 feet.,1200 feet.,1740 feet.,2280 feet.,A
Meteorology,3405,"During the climb after take-off, the altimeter setting is adjusted at the transition altitude. If the local QNH is 1023 hPa, what will happen to the altimeter reading during the resetting procedure ?",It will decrease,It will increase,It will remain the same,It is not possible to give a definitive answer,A
Meteorology,3406,"During the climb after takeoff, the altimeter setting is adjusted at the transition altitude. If the local QNH is 966 hPa, what will happen to the altimeter reading during the resetting procedure?",It will increase,It will decrease,It will remain the same,It is not possible to give a definitive answer,A
Meteorology,3407,"An aircraft lands at an airport (airport elevation 540 FT, QNH 993 hPa) with the altimeter set to 1013 hPa. What will it indicate ?",1080 FT,700 FT,380 FT,0 FT,A
Meteorology,3408,What pressure is defined as QFE?,The pressure at field elevation,The pressure of the altimeter,The pressure reduced to sea level using actual temperatures,The pressure reduced to sea level using ISA temperatures,A
Meteorology,3409,"An altimeter adjusted to 1013 hPa indicates an altitude of 3600 FT. Should this altimeter be adjusted to the local QNH value of 991 hPa, the altitude indicated would be",3006 FT.,2922 FT.,4278 FT.,4194 FT.,A
Meteorology,3410,"In Geneva, the local QNH is 994 hPa. The elevation of Geneva is 1411 FT. The QFE adjustment in Geneva is",942 hPa.,967 hPa.,961 hPa.,948 hPa.,A
Meteorology,3411,"An aircraft is flying at FL 80. The local QNH is 1000 hPa. After the second altimeter has been adjusted to the local QNH, the reading will be approximately",7650 FT.,8600 FT.,8350 FT.,8000 FT.,A
Meteorology,3412,"The barometric compensator of an altimeter is locked on reference 1013.2 hPa. The aircraft has to land on a point with an elevation of 290 feet where the QNH is 1023 hPa.Assuming that 1 hPa corresponds to 27 FT, the reading on the altimeter on the ground will be:",20 FT.,11 FT.,-10 FT.,560 FT.,A
Meteorology,3413,Which of the following statements is true ?,QNH can be equal to QFE,QNH is always lower than QFE,QNH is always higher than QFE,QNH is always equal to QFE,A
Meteorology,3414,Which statement is true ?,QNH can be lower as well as higher than 1013.25 hPa,QNH can not be 1013.25 hPa,QNH is lower than 1013.25 hPa at any time,QNH can be 1013.25 only for a station at MSL,A
Meteorology,3415,When the subscale is set to the QNH of an airfield the pressure altimeter indicates,elevation while landing,zero while landing,elevation while landing only if conditions are as in the International Standard Atmosphere,zero while landing only if conditions are as in the International Standard Atmosphere,A
Meteorology,3416,You must make an emergency landing at sea. The QNH of a field on a nearby island with an elevation of 4000 FT is 1025 hPa and the temperature is -20°C. What is your pressure altimeter reading when landing if 1025 hPa is set in the subscale?,Less than 0 FT,0 FT,"More than 0 FT, but less than 4000 FT",4000 FT,A
Meteorology,3417,The QNH is equal to the QFE if,the elevation = 0,T actual = T standard,T actual > T standard,T actual < T standard,A
Meteorology,3418,Which of the following conditions gives the highest value of the QNH?,"QFE = 995 hPa, elevation = 1600 FT (488m)","QFE = 1000 hPa, elevation = 1200 FT (366m)","QFE = 1003 hPa, elevation = 1200 FT (366m)","QFE = 995 hPa, elevation = 1200 FT (366m)",A
Meteorology,3419,For a given airfield the QFE is 980 hPa and the QNH is 1000 hPa. The approximate elevation of the airfield is,160 metres,600 metres,540 metres,120 metres,A
Meteorology,3420,"Before landing, an altimeter set to QFE indicates","in standard atmosphere, the height of the aircraft above the official airport elevation.",the flight level.,the aircraft's altitude above the mean sea level.,the height of the aircraft's wheels above the runway.,A
Meteorology,3421,"If atmospheric conditions exist such that the temperature deviation is ISA +10°C in the lower troposphere up to 18000 FT, what is the actual layer thickness between FL 60 and FL 120 ?",6240 FT.,6000 FT.,5900 FT.,5760 FT.,A
Meteorology,3422,What information is required to convert a minimum safe altitude into a lowest usable flight level?,Lowest value of QNH and the highest negative temperature deviation from ISA.,Highest value of QNH and the highest negative temperature deviation from ISA.,Highest value of QNH and the highest positive temperature deviation from ISA,Lowest value of QNH and the lowest negative temperature deviation from ISA,A
Meteorology,3423,Which weather condition lowers true altitude as compared to pressure altitude to a position where flight over mountains could be dangereous?,Cold low.,Warm depression.,Cold high.,Warm high.,A
Meteorology,3424,"A vertical spacing of 1000 FT, is the standard required separation between two FL. Under conditions of cold air advection (ISA -15°C), what would the true vertical separation be?",Less than 1000 FT,It remains 1000 FT,More than 1000 FT,"Without QNH information, it can not be determined",A
Meteorology,3425,"At which pressure and temperature conditions may you safely assume that the minimum usable flight level at least lies at the same height, as the minimum safe altitude?",At a temperature greater than or equal to that of the ISA and where the QNH is greater than or equal to 1013 hPa,In a cold low pressure region,At a temperature less than or equal to that of the ISA and where the QNH is less than 1013 hPa,In a warm high pressure region,A
Meteorology,3426,"What is the approximate speed of a 25-knot wind, expressed in kilometres per hour?",45 km/h,35 km/h,55 km/h,60 km/h,A
Meteorology,3427,"What is the approximate speed of a 90 km/h wind, expressed in knots?",50 kt,55 kt,60 kt,70 kt,A
Meteorology,3428,"What is the approximate speed of a 40-knot wind, expressed in m/sec?",20 m/sec,15 m/sec,25 m/sec,30 m/sec,A
Meteorology,3429,What values are used for the forecasted wind at higher levels?,Direction relative to true north and speed in knots,Direction relative to magnetic north and speed in knots,Direction relative to magnetic north and speed in kmh,Direction relative to grid north and speed in kmh,A
Meteorology,3430,"Whilst flying at FL 180 on the northern hemisphere an aircraft experiences right drift. What effect, if any, will this have on the aircraft's true altitude ?",It decreases,It increases.,It remains constant.,Without knowing the pressure change this question cannot be answered.,A
Meteorology,3431,Which forces are balanced with geostrophic winds?,"Pressure gradient force, Coriolis force.","Friction force, pressure gradient force, Coriolis force.","Pressure gradient force, Coriolis force, centrifugal force.","Pressure gradient force, centrifugal force, friction force.",A
Meteorology,3432,In the southern hemisphere what wind effect would you expect when flying from a high pressure area towards a low pressure area at FL 100?,Wind from the right.,Wind from the left.,Tailwind with no drift.,Headwind with no drift.,A
Meteorology,3433,"An aircraft flying in the southern hemisphere at 2000 feet, has to turn to the right in order to allow for drift. In which direction, relative to the aircraft, is the centre of low pressure ?",In front.,Behind.,To the left.,To the right.,A
Meteorology,3434,The geostrophic wind is greater than the gradient wind around a low pressure system because the,centrifugal force opposes the pressure gradient,centrifugal force is added to the pressure gradient,coriolis force is added to the pressure gradient,coriolis force opposes to the centrifugal force,A
Meteorology,3435,The geostrophic wind is less than the gradient wind around an anticyclone because the,centrifugal force is added to the pressure gradient,centrifugal force opposes the pressure gradient,effect of coriolis is added to friction,coriolis effect opposes the centrifugal force,A
Meteorology,3436,"An aircraft is flying in the southern hemisphere at low altitude (less than 2000 feet) and going directly away from a centre of low pressure. What direction, relative to the aircraft, does the wind come from ?",From the left and slightly on the nose,From the right and slightly on the nose,From the right and slightly on the tail,From the left and slightly on the tail,A
Meteorology,3437,What prevents air from flowing directly from high-pressure areas to low-pressure areas ?,Coriolis force,Surface friction,Katabatic force,The pressure gradient force,A
Meteorology,3438,Geostrophic wind,is perpendicular to the horizontal pressure gradient force,is directly proportional to the density of the air,always increases with increasing height,veers with height if cold air is advected in the northern hemisphere,A
Meteorology,3439,Wind is caused by,horizontal pressure differences,the rotation of the earth,friction between the air and the ground,the movements of fronts,A
Meteorology,3440,You are flying from east to west in the northern hemisphere at the 500 hPa pressure surface. Which of the following statements is correct?,If the wind is from the north you are gaining altitude,If the wind is from the south you are gaining altitude,If you have a head wind you are gaining altitude,If you have a tail wind you are losing altitude,A
Meteorology,3441,Geostrophic wind is the wind when isobars are,straight lines and no friction is involved.,curved lines and no friction is involved,straight lines and friction is involved.,curved lines and friction is involved.,A
Meteorology,3442,The wind tends to follow the contour lines (isohypses) above the friction layer because,the coriolis force tends to balance with the horizontal pressure gradient force,contour lines are lines that connect points with the same windspeed in the upper air,the coriolis force acts perpendicular on a line that connects high and low pressure system,the friction of the air with the earth's surface gives the airflow a diversion perpendicular to the gradient force.,A
Meteorology,3443,The wind speed in a system with curved isobars compared to a system with straight isobars is (other conditions being the same),higher if curvature is anticyclonic,always higher,always lower,higher if curvature is cyclonic,A
Meteorology,3444,The geostrophic wind depends on,"density, earth's rotation, geographic latitude","earth's rotation, geographic latitude, centripetal force","geographic latitude, centripetal force, height","centripetal force, height, pressure gradient",A
Meteorology,3445,The difference between geostrophic wind and gradient wind is caused by,curvature of isobars,friction,horizontal temperature gradients,slope of pressure surfaces,A
Meteorology,3446,The geostrophic wind speed is directly proportional to the,horizontal pressure gradient,curvature of isobars,sine of latitude,density of the air,A
Meteorology,3447,"For a similar pressure gradient, the geostrophic wind speed will be",greater at 30°N than at 60°N,greater at 60°N than at 30°N,the same at all latitudes north or south of 15°,equivalent to gradient wind ± thermal component,A
Meteorology,3448,"For the same pressure gradient at 60°N, 50°N and 40°N the speed of the geostrophic wind will be",greatest at 40°N,the same at all latitudes,greatest at 60°N,least at 50°N,A
Meteorology,3449,"Under anticyclone conditions in the northern hemisphere, with curved isobars the speed of the gradient wind is",greater than the geostrophic wind,less than the geostrophic wind,the same as the thermal component,proportional only to the Coriolis force,A
Meteorology,3450,What characteristics will the surface winds have in an area where the isobars on the weather map are very close together?,Strong and flowing across the isobars.,Very weak but gusty and flowing across the isobars.,Strong and parallel to the isobars.,Moderate and parallel to the isobars.,A
Meteorology,3451,Where are you likely to find the strongest winds close to the ground?,In the transition zone between two air masses,At the centre of a low-pressure system,At the centre of a high-pressure system,Where there is little variation in pressure over a large area during the winter months,A
Meteorology,3452,Select the true statement concerning isobars and wind flow patterns around high- and low-pressure systems that are shown on a surface weather chart.,"When the isobars are close together, the pressure gradient force is greater and wind velocities are stronger.",Surface winds flow perpendicular to the isobars.,Isobars connect contour lines of equal temperature.,"When the isobars are far apart, crest of standing waves may be marked by stationary lenticular clouds.",A
Meteorology,3453,The greater the pressure gradient the,closer the isobars and the stronger the wind,further the isobars will be apart and the weaker the wind,closer the isobars and the lower the temperatures,further the isobars will be apart and the higher the temperature,A
Meteorology,3454,"When isobars, for an area in the mid-latitudes on a weather map, are close together, the wind is most likely to be",strong,blowing perpendicular to the isobars,changing direction rapidly,light,A
Meteorology,3455,"Which of the following is true concerning an aircraft that is flying at FL180 in the northern hemisphere, where wind is geostrophic and the true altitude remains constant ?",There is no cross wind,There is a cross wind from the left,There is a cross wind from the right,Without knowing temperature at FL 180 this question can not be answered,A
Meteorology,3456,In a low pressure system the convergence at the surface is caused by,frictional forces,centripetal forces,the inbalance of the horizontal gradient force and the Coriolis force,the curvature of the isobars,A
Meteorology,3457,In an area of converging air,clouds can be formed,convective clouds can be dissolved,stratified clouds can be dissolved,clouds can not be formed,A
Meteorology,3458,"Divergence in the upper air results, near the surface, in",falling pressure and likely formation of clouds,rising pressure and likely formation of clouds,rising pressure and likely dissipation of clouds,falling pressure and likely dissipation of clouds,A
Meteorology,3459,Between which latitudes are you most likely to find the subtropical high-pressure belt ?,25° - 35°.,10° - 15°.,35° - 55°.,55° - 75°.,A
Meteorology,3460,Between which latitudes are you most likely to find the region of travelling low pressure systems ?,55° - 75°,35° - 55°,25° - 35°,10° - 15°,A
Meteorology,3461,In the central part of the Atlantic Ocean between 10°N and 20°N the prevailing winds are,NE trade winds,NE monsoon in winter and SW monsoon in summer,SE trade winds,SW winds throughout the whole year,A
Meteorology,3462,"(For this question use annex 050-10721A)Assuming a generalised zonal system of world wind circulation, the SE trade winds are applicable to zone",w,t,u,v,A
Meteorology,3463,"(For this question use annex 050-10722A)Assuming a generalised zonal system of world climatic and wind circulation, zone """"t"""" is an area of",subtropical high pressure systems,SE trade winds,travelling low pressure systems,NE trade winds,A
Meteorology,3464,(For this question use annex 050-10723A)Assuming a generalised zonal system of world wind circulation the travelling low pressure systems are applicable to zone,s and y,t only,t and x,u and w,A
Meteorology,3465,"(For this question use annex 050-10724A)Considering Melbourne (C) in July, the weather is predominantly influenced by the zone of","subtropical high pressure, with the occasional passage of fronts originating in the adjacent zone of disturbed temperate low pressure",antarctic high pressure due to the absence of any protective land mass between south Australia and Antarctica,"disturbed temperate low pressure, bringing an almost continuous succession of fronts resulting in strong winds, low cloud and rain",equatorial low pressure due to the proximity of the intertropical convergence zone over central Australia,A
Meteorology,3466,"(For this question use annex 050-10725A)Assuming a generalised zonal system of world climatic and wind circulation, zone """"y"""" is an area of",travelling low pressure systems,NE trade winds,SE trade winds,subtropical high pressure systems,A
Meteorology,3467,"(For this question use annex 050-10726A)Assuming a generalised zonal system of world wind circulation, the NE trade winds are applicable to zone",u,t,v,w,A
Meteorology,3468,"(For this question use annex 050-10727A)Assuming a generalised zonal system of world climatic and wind circulation, zone """"u"""" is in area of",NE trade winds,travelling depressions,SW trade winds,subtropical high pressure,A
Meteorology,3469,"Which degree of aircraft turbulence is determined by the following ICAO description?""""There may be moderate changes in aircraft attitude and/or altitude but the aircraft remains in positive control at all times. Usually, small variations in air speed. Changes in accelerometer readings of 0.5 to 1.0 g at the aircraft's center of gravity. Occupants feel strain against seat belts. Loose objects move about. Food service and walking are difficult.""""",Moderate.,Light.,Severe.,Violent.,A
Meteorology,3470,All pilots encountering Clear Air Turbulence are requested to report it. You experience CAT which causes passengers and crew to feel definite strain against their seat belt or shoulders straps. Unsecured objects are dislodged. Food service and walking are difficult. This intensity of CAT should be reported as,moderate,light,severe,extreme,A
Meteorology,3471,"What degree of turbulence, if any, is likely to be encountered while flying through a cold front in the summer over Central Europe at FL 100?",Severe turbulence in CB cloud.,Moderate turbulence in NS cloud.,Light turbulence in CB cloud.,Light turbulence in ST cloud.,A
Meteorology,3472,Which cloud type may indicate the presence of severe turbulence ?,Altocumulus lenticularis,Stratocumulus,Cirrocumulus,Nimbostratus,A
Meteorology,3473,Fair weather cumulus often is an indication of,turbulence at and below the cloud level,poor visibility at surface,smooth flying conditions below the cloud level,a high risk of thunderstorms,A
Meteorology,3474,"On a clear summer day, turbulence caused by solar heating is most pronounced",during the early afternoon,immediately after sunset,during early morning hours before sunrise,about midmorning,A
Meteorology,3475,Generally northern hemisphere winds at 5000 FT/AGL are southwesterly while most of the surface winds are southerly. What is the primary reason of difference between these two wind directions?,Friction between the wind and the surface.,A strong pressure gradient at higher altitudes.,Stronger Coriolis force at the surface.,The influence of warm air at the lower altitude.,A
Meteorology,3476,Friction between the air and the ground results in the northern hemisphere in:,backing of the wind and decrease of wind speed at the surface.,veering of the wind and decrease of wind speed at the surface.,backing of the wind and increase of wind speed at the surface.,veering of the wind and increase of wind speed at the surface.,A
Meteorology,3477,"You are flying at 2 500 FT/AGL, with a southerly wind, and intend to land at an airport, at sea level directly below. From approximately which direction would you expect the surface wind (mid-latitude, northern hemisphere)?",South-southeast.,South-southwest.,Southwest.,South.,A
Meteorology,3478,"If Paris reports a wind of 19015KT on the METAR, what wind velocity would you expect to encounter at a height of 2000 feet above the ground ?",22030KT,16020KT,25025KT,22010KT,A
Meteorology,3479,"If Paris reports a wind of 08010KT on the METAR, what wind velocity would you expect to encounter at a height of 2000 feet above the ground ?",11020KT,08015KT,05020KT,08005KT,A
Meteorology,3480,"If Paris reports a wind of 16020KT on the METAR, what wind velocity would you expect to encounter at a height of 2000 feet above the ground?",19040KT,16030KT,14020KT,17015KT,A
Meteorology,3481,"If Paris reports a wind of 30012KT on the METAR, what wind velocity would you expect to encounter at a height of 2000 feet above the ground ?",33025KT,23030KT,30025KT,27020KT,A
Meteorology,3482,In the lower layers of the atmosphere due to friction the wind changes direction towards the low pressure area because :,wind speed decreases and therefore coriolis force decreases,the pressure gradient increases,turbulence is formed and pressure increases,turbulence is formed and pressure decreases,A
Meteorology,3483,What causes surface winds to flow across the isobars at an angle rather than parallel to the isobars ?,Surface friction,Coriolis force,Greater density of the air at the surface,Greater atmospheric pressure at the surface,A
Meteorology,3484,"In the northern hemisphere a pilot flying at 1000 FT/AGL directly towards the centre of a low pressure area, will find the wind blowing from",left and behind,right and behind,about 45 degrees to the right of directly ahead,directly ahead,A
Meteorology,3485,In the northern hemisphere the wind at the surface blows,"counter-clockwise around, and toward the centre of, a low pressure area",from a low pressure area to a high pressure area,"clockwise around, and away from the centre of, a low pressure area","counter-clockwise around, and away from the centre of, a high pressure area.",A
Meteorology,3486,During a descent from 2000 FT above the surface to the surface (no frontal passage) the wind normally,backs and decreases,veers and increases,backs and increases,veers and decreases,A
Meteorology,3487,What relationship exists between the wind at 3000 feet and the surface wind?,The wind at 3000 feet is parallel to the isohypses and the surface wind direction is across the isobars toward the low pressure and the surface wind is weaker.,"They have the same direction, but the surface wind is weaker, caused by friction","They are practically the same, except when eddies exist, caused by obstacles",The surface wind is veered compared to the wind at 3000 feet and is usually weaker.,A
Meteorology,3488,The vertical extent of the friction layer depends primarily on,"stability, wind speed, roughness of surface","wind speed, roughness of surface, temperature","roughness of surface, temperature, local time","temperature, local time, environmental lapse rate",A
Meteorology,3489,"During periods of prolonged clear skies associated with anticyclonic conditions, the",surface wind speed tends to be highest during the early afternoon,surface wind speed tends to be highest at night,angle between isobars and surface wind direction tends to be greatest in the early afternoon,wind tends to back from early morning until early afternoon,A
Meteorology,3490,"In the northern hemisphere the gradient wind of a cyclonic pressure distribution is 350/24, over the sea the surface wind would approximate",340/20,030/20,340/28,030/28,A
Meteorology,3491,In the northern hemisphere with an anticyclonic pressure system the geostrophic wind at 2000 FT over the sea is 060/15. At the same position the surface wind is most likely to be,045/12,060/12,060/18,075/12,A
Meteorology,3492,At the approach of a warm front (northern hemisphere) the wind direction changes from the surface up to the tropopause. The effect of this change is that the wind,veers in the friction layer and veers above the friction layer,backs in the friction layer and veers above the friction layer,veers in the friction layer and backs above the friction layer,backs in the friction layer and and backs above the friction layer,A
Meteorology,3493,In a land- and sea-breeze circulation the land-breeze blows :,during the night and is weaker than the sea-breeze.,during the day and is stronger than the sea-breeze.,during the day and is weaker than the sea-breeze.,during the night and is stronger than the sea-breeze.,A
Meteorology,3494,A high pressure area (shallow pressure gradient) covers an area of the Mediterranean Sea and its nearby airport. What surface wind direction is likely at the airport on a sunny afternoon?,Sea to land.,Land to sea.,Variable.,Parallel to the coastline.,A
Meteorology,3495,A mountain breeze (katabatic wind) blows,down the slope during the night.,up the slope during the day.,down the slope during the day.,up the slope during the night.,A
Meteorology,3496,Which of the following is true of a land breeze?,It blows from land to water,It blows from water to land,It blows by day,It blows only at noon,A
Meteorology,3497,"An aircraft is approaching under visual flight rules an airfield whose runway is parallel to the coast. When downwind over the sea, the airfield is on the right. What wind effect should be anticipated on final approach and landing during a sunny afternoon?",Crosswind from the right,Crosswind from the left,Tailwind,Headwind,A
Meteorology,3498,The most frequent wind direction in a valley caused by thermal effects is toward the :,mountain during daylight hours.,mountain at night.,valley during daylight hours.,valley during daylight as much as at night.,A
Meteorology,3499,"An aircraft is approaching under visual flight rules an airfield whose runway is parallel to the coast. When downwind over the sea, the airfield is on the left. What wind effect should be anticipated on final approach and landing during a sunny afternoon ?",Crosswind from the left,Crosswind from the right,Tailwind,Headwind,A
Meteorology,3500,When otherwise calm and clear conditions exist a station on the shore of a large body of water will experience wind,from the water in daytime and from the land at night,continually from land to water,continually from water to the land,from the land in daytime and from the water at night,A
Meteorology,3501,The sea breeze is a wind from the sea,occurring only in the lower layers of the atmosphere in daytime,that reaches up to the tropopause in daytime,blowing at night in mid-latitudes,occurring only in mid-latitudes and in daytime,A
Meteorology,3502,"In a mountain-valley wind circulation, the mountain wind blows",at night down from the mountains,at night up from the valley,during the day down from the mountains,during the day up from the valley,A
Meteorology,3503,What is the main cause for the formation of a polar front jet stream?,The north-south horizontal temperature gradient at the polar front,"The pressure difference, close to the ground, between a high over the Azores and a low over Iceland",The varied elevations of the tropopause in the polar front region,Strong winds in the upper atmosphere,A
Meteorology,3504,"An aircraft is flying through the polar front jet stream from south to north, beneath the core. How would the OAT change, in the northern hemisphere, during this portion of the flight?",It decreases.,It increases.,"It first increases, then decreases.",It remains constant.,A
Meteorology,3505,What is the approximate ratio between height and width for a jet stream cross section?,1/100,01-Jan,10-Jan,1/1000,A
Meteorology,3506,"An aircraft is flying from south to north, above the polar front jet stream, at FL 400 in the southern hemisphere. What change, if any, in temperature will be experienced ?",It falls.,It rises.,It stays the same.,It falls and then rises.,A
Meteorology,3507,A wind speed of 350 kt within a jet stream core should be world-wide regarded as:,possible but a very rare phenomenon.,not possible.,a common occurence.,not unusual in polar regions.,A
Meteorology,3508,"An aircraft over Western Europe is crossing a jet stream 2500 FT below its core at right angles. While crossing, the outside temperature is increasing. The prevailing wind is",from the right,from the left.,tailwind.,headwind.,A
Meteorology,3509,"Where, in central Europe, are the highest wind speeds to be found ?",Just below the tropopause,At about 5500 metres altitude,Close to the ground,In the stratosphere,A
Meteorology,3510,Which jet stream is connected with a surface front system?,The polar front jet stream,The arctic jet stream,The subtropical jet stream,The equatorial jet stream,A
Meteorology,3511,What is the minimum speed for a wind to be classified as a jet stream?,60 kt.,50 kt.,70 kt.,100 kt.,A
Meteorology,3512,A wind sounding in the region of a polar front jet stream gives the following windprofile (Northern hemisphere).900hPa 220/20kt 800hPa 220/25kt 700hPa 230/35kt 500hPa 260/60kt 400hPa 280/85kt300hPa 300/100kt250hPa 310/120kt 200hPa 310/80ktWhich system is the jet stream associated with?,With a warm front.,With a cold front.,With a ITCZ.,With an easterly wave.,A
Meteorology,3513,"Where, as a general rule, is the core of the polar front jet stream to be found?",In the warm air mass.,In the cold air mass.,Just above the warm-air tropopause.,Just below the cold-air tropopause.,A
Meteorology,3514,"You cross a jet stream in horizontal flight at approximately right angles. While crossing, in spite of a strong wind of 120 kt, you notice the temperature barely changes.",This phenomenon is absolutely normal as you are crossing the jet core.,You assume the front associated with the jet stream to be very weak with practically no temperature difference between the two airmasses.,"Since the result of such readings seems impossible, you will after landing have the instruments tested.","This phenomenon does not surprise you at all, since normally no large temperature differences are possible at these heights.",A
Meteorology,3515,What jet streams are likely to be crossed during a flight from Stockholm to Rio de Janeiro (23°S) at FL 350 in July ?,A polar front jet stream followed by one or two subtropical jet streams.,A subtropical jet stream followed by a polar front jet stream.,"A polar front jet stream followed by a subtropical jet stream and later, a second polar front jet stream.",One subtropical jet stream.,A
Meteorology,3516,"While crossing a jet stream at right angles in Western Europe (3000 FT below its core) and OAT is decreasing, what would be the prevailing wind?",Crosswind from the left,Crosswind from the right,A headwind.,A tailwind.,A
Meteorology,3517,Which of the following statements concerning jet streams is correct?,In the northern hemisphere both westerly and easterly jet streams occur,In the northern hemisphere only westerly jet streams occur,In the southern hemisphere no jet streams occur,In the southern hemisphere only easterly jet streams occur,A
Meteorology,3518,Which of the following statements concerning the core of a polar front jet stream is correct ?,"It lies at a height where there is no horizontal temperature gradient, the slope of the pressure surfaces at the height of the core is at its maximum",It and its surface projection lie in the warm air,"It lies in the warm air, its pressure surfaces are horizontal at the height of the core","It lies in the cold air, the thermal wind reverses direction at the height of the core",A
Meteorology,3519,On a particular day part of a polar front jet stream runs from north to south in the northern hemisphere. This means that,the polar air is below and to the east of the core of the jet,the polar air is on the eastern side and above the core of the jet,below the core of the jet the horizontal temperature gradient runs from north to south,above the core of the jet the horizontal temperature gradient runs from north to south,A
Meteorology,3520,(For this question use annex 050-2541A)What name is given to the jet stream lying over North Africa (B) ?,Sub-tropical jet stream,Equatorial jet stream,Polar front jet stream,Arctic jet stream,A
Meteorology,3521,(For this question use annex 050-3017A)What name is given to the jet stream lying across India (A) ?,Equatorial jet stream.,Polar front jet stream.,Arctic jet stream.,Sub-tropical jet stream.,A
Meteorology,3522,What is the average height of the arctic jet stream core?,20000 FT .,30000 FT.,40000 FT.,50000 FT.,A
Meteorology,3523,"Which jet stream blows all year round, over the northern hemisphere?",The subtropical jet stream.,The polar night jet stream.,The equatorial jet stream.,The arctic jet stream.,A
Meteorology,3524,What is the average height of the jet core within a polar front jet stream?,30000 FT.,20000 FT.,40000 FT.,50000 FT.,A
Meteorology,3525,At approximately what altitude is the subtropical jet stream found over Europe?,FL 400,FL 200,FL 300,FL 500,A
Meteorology,3526,In the month of August you prepare a flight (cruising level FL 370) from Bombay (19°N - 73°E) to Bangkok (13°N - 100°E). What wind conditions can you expect?,Headwinds.,Light winds diagonal to the route.,Tailwinds.,Strong northerly winds.,A
Meteorology,3527,What is the most significant difference between an equatorial jet stream and all the other jet streams ?,Wind direction.,Vertical dimension.,Horizontal dimension.,Windspeed.,A
Meteorology,3528,Which of the following types of jet streams can be observed all year round?,Subtropical jet stream / polar front jet stream.,Equatorial jet stream / polar front jet stream.,Arctic jet stream / subtropical jet stream.,Equatorial jet stream / arctic jet stream.,A
Meteorology,3529,The equatorial easterly jet is a jet stream that occurs :,only in the summer of the northern hemisphere at approx. 45 000 FT,only in the winter of the northern hemisphere at approx. 30 000 FT,during the whole year in the southern hemisphere,during the whole year in the northern hemisphere,A
Meteorology,3530,"During the winter months in mid-latitudes in the northern hemisphere, the polar front jet stream moves toward the",south and speed increases,north and speed decreases,south and speed decreases,north and speed increases,A
Meteorology,3531,"Most strong air currents at higher levels (jet streams) have a westerly direction. There is, however, an important easterly jet stream. When and where is it likely to be encountered ?",In summer from south-east Asia extending over southern India to central Africa.,In winter along the Russian coast facing the Arctic ocean.,In summer from the Middle East extending over the southern part of the Mediterranean to southern Spain.,Throughout the year to the south of the Azorian high.,A
Meteorology,3532,The jetstream and associated clear air turbulence can sometimes be visually identified in flight by,long streaks of cirrus clouds.,dust or haze at high level,a constant outside air temperature,a high-pressure centre at high level,A
Meteorology,3533,In which zone of a jet stream is the strongest CAT to be expected ?,The cold air side of the core.,The warm air side of the core.,Exactly in the centre of the core.,About 12000 FT above the core.,A
Meteorology,3534,Which area of a polar front jet stream in the northern hemisphere has the highest probability of turbulence?,"Looking downstream, the area to the left of the core.","Looking downstream, the area to the right of the core.",In the core of the jet stream.,Above the core in the boundary between warm and cold air.,A
Meteorology,3535,Under which of the following conditions is the most severe CAT likely to be experienced ?,A curved jet stream near a deep trough,"A jet stream, with great spacing between the isotherms",A westerly jet stream at low latitudes in the summer,A straight jet stream near a low pressure area,A
Meteorology,3536,Which of the following conditions are most favourable to the formation of mountain waves ?,Stable air at mountain top altitude and a wind at least 20 knots blowing across the mountain ridge.,Unstable air at mountain top altitude and a wind at least 20 knots blowing across the mountain ridge.,Either stable or unstable air at mountain top and a wind of at least 30 knots blowing parallel to the mountain ridge.,Moist unstable air at mountain top and wind of less than 5 knots blowing across the mountain ridge.,A
Meteorology,3537,"At the top of orographic waves, in mountainous regions, the cloud most likely to be encountered is",altocumulus lenticularis.,cirrostratus.,cirrus.,cumulus mediocris.,A
Meteorology,3538,What of the following is the most important constituent in the atmosphere from a weather stand-point ?,Water vapour,Nitrogen,Oxygen,Hydrogen,A
Meteorology,3539,What does dewpoint mean?,The temperature to which a mass of air must be cooled in order to reach saturation.,The temperature at which ice melts.,The freezing level (danger of icing).,The temperature at which the relative humidity and saturation vapour pressure are the same.,A
Meteorology,3540,Which of the following is the definition of relative humidity ?,Ratio between the actual mixing ratio and the saturation mixing ratio X 100,Ratio between air temperature and dewpoint temperature X 100,Ratio between water vapour pressure and atmospheric pressure X 100,Ratio between water vapour (g) and air (kg) X 100,A
Meteorology,3541,The relative humidity of a sample air mass is 50%. How is the relative humidity of this air mass influenced by changes of the amount of water vapour in it?,It increases with increasing water vapour.,It is not influenced by changing water vapour.,It decreases with increasing water vapour.,It is only influenced by temperature.,A
Meteorology,3542,Relative humidity,"changes when water vapour is added, even though the temperature remains constant.",is not affected when air is ascending or descending.,is not affected by temperature changes of the air.,does not change when water vapour is added provided the temperature of the air remains constant.,A
Meteorology,3543,"How, if at all, is the relative humidity of an unsaturated airmass influenced by temperature changes?",It decreases with increasing temperature.,It is not influenced by temperature changes.,It increases with increasing temperature.,It is only influenced by the amount of water vapour.,A
Meteorology,3544,How does relative humidity and the dewpoint in an unsaturated air mass change with varying temperature?,"When temperature increases, the relative humidity decreases, and the dewpoint remains constant.","When temperature increases, the relative humidity increases, and the dewpoint decreases.","When temperature decreases, the relative humidity decreases, and the dewpoint increases.","When temperature decreases, the relative humidity and the dewpoint remain constant.",A
Meteorology,3545,"When a given mass of air descends, what effect will it have on relative humidity?",It decreases.,It increases.,It remains constant.,"It increases up to 100%, then remains stable.",A
Meteorology,3546,During the late afternoon an air temperature of +12°C and a dew point of +5°C were measured. What temperature change must occur during the night in order to induce saturation?,It must decrease to +5°C.,It must decrease by 5°C.,It must decrease to +6°C.,It must decrease to +7°C.,A
Meteorology,3547,Which of the following statements is true of the dew point of an air mass?,"It can only be equal to, or lower, than the temperature of the air mass",It can be higher than the temperature of the air mass,It can be used together with the air pressure to estimate the air mass's relative humidity,It can be used to estimate the air mass's relative humidity even if the air temperature is unknown,A
Meteorology,3548,Relative humidity,increases if the air is cooled whilst maintaining the vapour pressure constant,is higher in warm air than in cool air,is higher in cool air than in warm air,decreases if the air is cooled whilst maintaining the vapour pressure constant,A
Meteorology,3549,The maximum amount of water vapour that the air can contain depends on the,air temperature,relative humidity,stability of the air,dewpoint,A
Meteorology,3550,Dew point is defined as,the temperature to which moist air must be cooled to become saturated at a given pressure,the lowest temperature at which evaporation will occur for a given pressure,the lowest temperature to which air must be cooled in order to reduce the relative humidity,the temperature below which the change of state in a given volume of air will result in the absorption of latent heat,A
Meteorology,3551,The difference between temperature and dewpoint is greater in,dry air,moist air,air with high temperature,air with low temperature,A
Meteorology,3552,The dewpoint temperature,can be equal to the air temperature,is always lower than the air temperature,is always higher than the air temperature,can not be equal to the air temperature,A
Meteorology,3553,Relative humidity depends on,moisture content and temperature of the air,moisture content and pressure of the air,moisture content of the air only,temperature of the air only,A
Meteorology,3554,The dewpoint temperature,can be reached by cooling the air whilst keeping pressure constant,can be reached by lowering the pressure whilst keeping temperature constant,can not be equal to the air temperature,can not be lower than the air temperature,A
Meteorology,3555,Relative humidity at a given temperature is the relation between,actual water vapour content and saturated water vapour content,water vapour weight and dry air weight,water vapour weight and humid air volume,dew point and air temperature,A
Meteorology,3556,Which of the following changes of state is known as sublimation?,Solid direct to vapour,Solid direct to liquid,Liquid direct to solid,Liquid direct to vapour,A
Meteorology,3557,"Clouds, fog or dew will always be formed when:",water vapour condenses.,water vapour is present.,relative humidity reaches 98%.,temperature and dew point are nearly equal.,A
Meteorology,3558,In which of the following changes of state is latent heat released ?,Gas to liquid,Solid to liquid,Solid to gas,Liquid to gas,A
Meteorology,3559,How are high level condensation trails formed that are to be found occasionally behind jet aircraft ?,Through water vapour released during fuel combustion,"Through a decrease in pressure, and the associated adiabatic drop in temperature at the wing tips while flying through relatively warm but humid air",Only through unburnt fuel in the exhaust gases,"In conditions of low humidity, through the particles of soot contained in the exhaust gases",A
Meteorology,3560,Supercooled droplets can occur in,"clouds, fog and precipitation",clouds but not in precipitation,precipitation but not in clouds,clouds but not in fog,A
Meteorology,3561,Supercooled droplets are always,at a temperature below freezing,small and at a temperature below freezing,large and at a temperature below freezing,at a temperature below -60°C,A
Meteorology,3562,Supercooled droplets can be encountered,at any time of the year,in winter only in high clouds,only in winter above 10000 FT,only in winter at high altitude,A
Meteorology,3563,A super-cooled droplet is,a droplet still in liquid state at a temperature below freezing,a water droplet that is mainly frozen,a small particle of water at a temperature below -50°C,a water droplet that has been frozen during its descent,A
Meteorology,3564,The process by which water vapour is transformed directly into ice is known as,sublimation,supercooling,supersaturation,radiation cooling,A
Meteorology,3565,When water evaporates into unsaturated air,heat is absorbed,heat is released,relative humidity is not changed,relative humidity is decreased,A
Meteorology,3566,A super-cooled droplet is one that,remains liquid at a below freezing temperature,has frozen to become an ice pellet,has a shell of ice with water inside it,is at an above freezing temperature in below freezing air,A
Meteorology,3567,What is the dry adiabatic lapse rate per 1000 FT ?,3.0°C.,2.0°C,1.5°C,3.5°C,A
Meteorology,3568,A parcel of unsaturated air is lifted to just below the condensation level and then returned to its original level. What is the final temperature of the parcel of air?,The same as the starting temperature.,Higher than the starting temperature.,Lower than the starting temperature.,It depends upon the QFE.,A
Meteorology,3569,A parcel of moist but not saturated air rises due to adiabatic effects. Which of the following changes ?,Relative humidity,Absolute humidity,Mixing ratio,Specific humidity,A
Meteorology,3570,If a saturated air mass descends down a slope its temperature increases at,"a lower rate than in dry air, as evaporation absorbs heat.",the same rate as if the air mass were dry.,"a lower rate than in dry air, as condensation gives out heat.","a higher rate than in dry air, as it gives up latent evaporation heat.",A
Meteorology,3571,During an adiabatic process heat is,neither added nor lost,added,lost,added but the result is an overall loss,A
Meteorology,3572,"The decrease in temperature, per 100 metres, in an unsaturated rising parcel of air is",1°C,2°C,0.65°C,0.5°C,A
Meteorology,3573,"The decrease in temperature, per 100 metres, in a saturated rising parcel of air at lower level of the atmosphere is approximately",0.6°C,1°C,1.5°C,0.35°C,A
Meteorology,3574,The rate of cooling of ascending saturated air is less than the rate of cooling of ascending unsaturated air because:,heat is released during the condensation process,moist air is heavier than dry air,water vapour doesn't cool as rapidly as dry air,water vapour absorbs the incoming heat from the sun,A
Meteorology,3575,A layer is absolutely unstable if the temperature decrease with height is,more than 1°C per 100m,between 1°C per 100m and 0.65°C per 100m,0.65°C per 100m,less than 0.65°C per 100m,A
Meteorology,3576,A layer in which the temperature remains constant with height is,absolutely stable,unstable,neutral,conditionally unstable,A
Meteorology,3577,A layer in which the temperature increases with height is,absolutely stable,absolutely unstable,conditionally unstable,neutral,A
Meteorology,3578,A layer in which the temperature decreases with 1°C per 100m is,neutral for dry air,absolutely stable,absolutely unstable,conditionally unstable,A
Meteorology,3579,If in a 100 m thick layer the temperature at the bottom of the layer is 10°C and at the top of the layer is 8°C then this layer is,absolutely unstable,absolutely stable,conditionally unstable,neutral,A
Meteorology,3580,An inversion is,an absolutely stable layer,a conditionally unstable layer,an unstable layer,a layer that can be either stable or unstable,A
Meteorology,3581,In a layer of air the decrease in temperature per 100 metres increase in height is more than 1°C. This layer can be described as being,absolutely unstable,absolutely stable,conditionally unstable,conditionally stable,A
Meteorology,3582,Which statement is true for a conditionally unstable layer?,The environmental lapse rate is less than 1°C/100m,The environmental lapse rate is less than 0.65°C/100m,The layer is unstable for unsaturated air,The wet adiabatic lapse rate is 0.65°C/100m,A
Meteorology,3583,The stability in a layer is increasing if,warm air is advected in the upper part and cold air in the lower part,warm air is advected in the lower part and cold air in the upper part,warm and moist air is advected in the lower part,cold and dry air is advected in the upper part,A
Meteorology,3584,Which of the following statements concerning the lifting of a parcel of air is correct ?,Unsaturated parcels cool more rapidly than saturated parcels,Unsaturated parcels cool less rapidly than saturated parcels,Unsaturated parcels cool at a rate of 0.65°C per 100m,Saturated parcels always cool at a rate of 0.65°C per 100m,A
Meteorology,3585,The height of the lifting condensation level is determined by,temperature and dewpoint at the surface,temperature at surface and air pressure,wind and dewpoint at the surface,wet adiabatic lapse rate and dewpoint at the surface,A
Meteorology,3586,A moist but unsaturated parcel of air becomes saturated by,lifting the parcel to a higher level,lowering the parcel to a lower level,moving the parcel to an area with lower pressure and equal temperature,moving the parcel to an area with higher pressure and equal temperature,A
Meteorology,3587,A sample of moist but unsaturated air may become saturated by,expanding it adiabatically,raising the temperature,"lowering the pressure, keeping temperature constant",compressing it adiabatically,A
Meteorology,3588,"If the surface temperature is 15°C , then the temperature at 10000 FT in a current of ascending unsaturated air is:",-15°C,0°C,5°C,-5°C,A
Meteorology,3589,Which of the following is a cause of stratus forming over flat land?,Radiation during the night from the earth surface in moderate wind.,Unstable air.,Convection during the day.,The release of latent heat.,A
Meteorology,3590,Which of the following processes within a layer of air may lead to the building of CU and CB clouds?,Convection.,Radiation.,Subsidence.,Frontal lifting within stable layers.,A
Meteorology,3591,"What process in an air mass leads to the creation of wide spread NS, AS and ST cloud coverage?",Lifting,Sinking,Convection process,Radiation,A
Meteorology,3592,Rising air cools because,it expands,surrounding air is cooler at higher levels,it becomes more moist,it contracts,A
Meteorology,3593,Convective clouds are formed,in unstable atmosphere,in stable atmosphere,in summer during the day only,in mid-latitudes only,A
Meteorology,3594,In an unstable layer there are cumuliform clouds. The vertical extent of these clouds depends on the,thickness of the unstable layer,wind direction,air pressure at the surface,pressure at different levels,A
Meteorology,3595,Which of the following clouds may extend into more than one layer?,Nimbostratus.,Stratus.,Altocumulus.,Cirrus.,A
Meteorology,3596,Which of the following types of clouds are evidence of unstable air conditions?,"CU, CB.","ST, CS.","SC, NS.","CI, SC.",A
Meteorology,3597,Which of the following clouds are classified as medium level clouds in temperate regions ?,"AS, AC.","SC, NS","CI, CC.","CS, ST.",A
Meteorology,3598,(For this question use annex 050-1914A)Which one of the displayed cloud forms is representative of altocumulus castellanus?,3.,1.,2.,4.,A
Meteorology,3599,"What is the main composition of clouds classified as """"high level clouds""""?",Ice crystals.,Supercooled water droplets.,Water droplets.,Water vapour.,A
Meteorology,3600,A plain in Western Europe with an average elevation of 500 m (1600 FT) above sea level is covered with a uniform AC layer of cloud during the summer months. At what height above the ground is the base of this cloud to be expected?,7000 - 15000 FT above the terrain.,100 - 1500 FT above the terrain.,1500 - 7000 FT above the terrain.,15000 - 25000 FT above the terrain.,A
Meteorology,3601,Which of the following cloud is classified as low level cloud ?,ST,CS,AS,CC,A
Meteorology,3602,Which types of clouds are typical evidence of stable air conditions?,"ST, AS","CU, CB","NS, CU","CB, CC",A
Meteorology,3603,(For this question use annex 050-4273A) Which one of the displayed cloud forms is representative of altocumulus lenticularis?,2,3,4,1,A
Meteorology,3604,(For this question use annex 050-4274A) Which one of the displayed cloud forms is representative of a cumulonimbus capillatus?,4,3,2,1,A
Meteorology,3605,"Which of the following types of cloud can extend over the low, medium and high cloud levels ?",CB,AC,ST,CI,A
Meteorology,3606,A plain in Western Europe with an average height of 500 m (1600 FT) above sea level is covered with a uniform SC layer of cloud during the summer months. At what height above the ground is the base of this cloud to be expected?,1500 - 7000 FT above ground,100 - 1500 FT above ground,7000 - 15000 FT above ground,15000 - 25000 FT above ground,A
Meteorology,3607,A plain in Western Europe with an average height of 500 m (1600 FT) above sea level is covered with a uniform CC layer of cloud during the summer months. At what height above the ground is the base of this cloud to be expected?,15000 - 35000 FT above the terrain,7000 - 15000 FT above the terrain,1500 - 7000 FT above the terrain,100 - 1500 FT above the terrain,A
Meteorology,3608,Which of the following cloud types is found at high levels?,CI,SC,AS,CU,A
Meteorology,3609,Which of the following cloud types is a medium level cloud ?,AS,CS,ST,SC,A
Meteorology,3610,Fallstreaks or virga are,water or ice particles falling out of a cloud that evaporate before reaching the ground,"strong downdraughts in the polar jet stream, associated with jet streaks",gusts associated with a well developed Bora,strong katabatic winds in mountainous areas and accompanied by heavy precipitation,A
Meteorology,3611,Altostratus clouds are classified as,medium level clouds,low level clouds,high level clouds,convective clouds,A
Meteorology,3612,A cumulonimbus cloud at moderate latitudes in summer contains,"a combination of ice crystals, water droplets and supercooled water droplets",only water droplets,only ice crystals,a combination of ice crystals and water droplets,A
Meteorology,3613,Strongly developed cumulus clouds are an indication of,instability in the atmosphere,the presence of a low level inversion,the presence of warm air aloft,poor surface visibility,A
Meteorology,3614,"Clouds, classified as being low level are considered to have bases from",the surface to 6500 FT,1000 to 2000 FT,500 to 1000 FT,100 to 200 FT,A
Meteorology,3615,Which of the following are medium level clouds ?,Altostratus and altocumulus,Cirrocumulus and cirrostratus,Cumulonimbus,All convective clouds,A
Meteorology,3616,"What type of cloud is being described ?A generally grey cloud layer with fairly uniform base and uniform appearance, which may give drizzle or snow grains. When the sun is visible through the cloud, the outline is clearly discernible. Sometimes it appears in the form of ragged patches.",Stratus,Altostratus,Nimbostratus,Cirrostratus,A
Meteorology,3617,The presence of altocumulus castellanus indicates,instability in the middle troposphere,strong convection at low height,stability in the higher troposphere,subsidence in a large part of the troposphere,A
Meteorology,3618,The presence of altocumulus lenticularis is an indication of the,presence of mountain waves,risk of orographic thunderstorms,development of thermal lows,presence of valley winds,A
Meteorology,3619,What are the characteristics of cumuliform clouds?,"Large water droplets, instability, turbulence, showers and mainly clear ice.","Small water droplets, stability, no turbulence and extensive areas of rain.","Large water droplets, stability, no turbulence, showers and mainly rime ice.","Small water droplets, instability, turbulence, extensive areas of rain and rime ice.",A
Meteorology,3620,In which of the following conditions is moderate to severe airframe icing most likely to be encountered?,In Nimbostratus cloud,Below the freezing level in clear air,In clear air above the freezing level,Within cloud of any type,A
Meteorology,3621,What flying conditions may be encountered when flying in cirrus clouds?,"Average horizontal visibility more than 1000 m, nil icing.","Average horizontal visibility less than 500 m, nil icing.","Average horizontal visibility less than 500 m, light to moderate icing.","Average horizontal visibility more than 1000 m, light to moderate rime ice.",A
Meteorology,3622,Cumulus clouds are an indication for,up and downdrafts,stability,the approach of a cold front,the approach of a warm front,A
Meteorology,3623,"At what time of day, or night, is radiation fog most likely to occur?",Shortly after sunrise.,At sunset.,Late evening.,Shortly after midnight.,A
Meteorology,3624,What is the average vertical extent of radiation fog?,500 FT.,2 000 FT.,5 000 FT.,10 000 FT.,A
Meteorology,3625,"What wind conditions, occuring just before dawn, favour the formation of fog at an airport where the temperature is 15°C and the dew point is 14°C?",Calm.,"Northerly, 10 kt.","Westerly, 10 kt variable.","Easterly, 10 kt.",A
Meteorology,3626,Which of the following weather conditions favour the formation of radiation fog?,"Light wind, little or no cloud, moist air.","Light wind, extensive cloud, dry air.","Light wind, extensive cloud, moist air.","Strong wind, little or no cloud, moist air.",A
Meteorology,3627,Which of the following is most likely to lead to the dissipation of radiation fog ?,A marked increase in wind velocity near the ground,A marked decrease in wind velocity close to the ground,Ground cooling caused by radiation during the night,A build up of a high pressure area resulting in adiabatic warming associated with a sinking air mass,A
Meteorology,3628,The most likely reason for radiation fog to dissipate or become low stratus is :,increasing surface wind speed.,an increasingly stable atmosphere.,surface cooling.,a low level temperature inversion.,A
Meteorology,3629,What are the differences between radiation fog and advection fog ?,Radiation fog forms due to surface cooling at night in a light wind. Advection fog forms when warm humid air flows over a cold surface.,"Radiation fog forms only on the ground, advection fog only on the sea.",Radiation fog forms due to night cooling and advection fog due to daytime cooling.,Radiation fog is formed by surface cooling in a calm wind. Advection fog is formed by evaporation over the sea.,A
Meteorology,3630,"What type of fog is most likely to form over flat land during a clear night, with calm or light wind conditions ?",Radiation.,Advection.,Steam.,Orographic.,A
Meteorology,3631,Under which of these conditions is radiation fog most likely to form?,Little or no cloud,Very dry air,Strong surface winds,Very low temperatures,A
Meteorology,3632,Which of the following is most likely to lead to the formation of radiation fog?,Heat loss from the ground on clear nights,"Dry, warm air passing over warm ground",The passage of fronts,Cold air passing over warm ground,A
Meteorology,3633,When the temperature and dew point are less than one degree apart the weather conditions are most likely to be,fog or low cloud,clear and cool,high scattered clouds,unlimited visibility,A
Meteorology,3634,"The morning following a clear, calm night when the temperature has dropped to the dewpoint, is likely to produce",radiation fog,a cold front,advection fog,good clear weather,A
Meteorology,3635,Which of the following circumstances most favour the development of radiation fog?,Moist air over land during clear night with little wind,Warm moist air at the windward side of a mountain,Maritime tropical air flowing over cold sea,Advection of very cold air over much warmer sea,A
Meteorology,3636,Freezing fog consists of,supercooled water droplets,frozen water droplets,frozen minute snow flakes,ice crystals,A
Meteorology,3637,The range of wind speed in which radiation fog is most likely to form is :,below 5 kt,between 10 and 15 kt,between 5 and 10 kt,above 15 kt,A
Meteorology,3638,Which of the following conditions is most likely to lead to the formation of advection fog ?,Moist warm air moving over a cold surface,Moist cold air moving over a warm surface,Dry warm air moving over a cold surface,Dry cold air moving over a warm surface,A
Meteorology,3639,Which type of fog is likely to form when air having temperature of 15°C and dew point of 12°C blows at 10 knots over a sea surface having temperatures of 5°C ?,Advection fog,Radiation fog,Steam fog,Frontal fog,A
Meteorology,3640,Advection fog can be formed when,warm moist air flows over a colder surface,cold moist air flows over a warmer surface,warm moist air flows over a warmer surface,cold moist air flows over warmer water,A
Meteorology,3641,Which of the following statements is true concerning advection fog?,It can be formed suddenly by day or night,It forms at night or the early morning,It forms when unstable air is cooled adiabatically,It forms slowly and disappears rapidly,A
Meteorology,3642,Which of the following conditions is most likely to lead to the formation of steam fog (arctic smoke)?,Cold air moving over warm water,Warm air moving over cold water,The sea is warmed by strong radiation from the sun,The coastal region of the sea cools at night,A
Meteorology,3643,Steaming fog (arctic sea smoke) occurs in air,with cold mass properties,with warm mass properties,that is absolutely stable,that is stable,A
Meteorology,3644,"When does frontal fog, also known as mixing fog, occur?",When very humid warm air meets with very humid cold air.,When very humid warm air meets with dry cold air.,When very humid cold air meets with dry warm air.,When very dry cold air meets with very dry warm air.,A
Meteorology,3645,Frontal fog is most likely to occur,in advance of a warm front,in rear of a warm front,in summer in the early morning,in winter in the early morning,A
Meteorology,3646,What conditions are most likely to lead to the formation of hill fog?,"Humid stable air mass, wind blowing towards the hills.",High relative humidity and an unstable air mass,"Clear skies, calm or light winds, with relatively low humidity",Precipitation which is lifted by the action of moderate winds striking the range,A
Meteorology,3647,Which form of precipitation from clouds containing only water is most likely to fall in mid-latitudes?,Drizzle.,Moderate rain with large drops.,Heavy rain with large drops.,Hail.,A
Meteorology,3648,How does freezing rain develop?,Rain falls through a layer where temperatures are below 0°C,Rain falls on cold ground and then freezes,Through melting of sleet grains,Through melting of ice crystals,A
Meteorology,3649,With what type of clouds are showers most likely associated?,Cumulonimbus.,Stratocumulus.,Nimbostratus.,Stratus.,A
Meteorology,3650,Which one of the following types of cloud is most likely to produce heavy precipitation ?,NS.,CS.,SC.,ST.,A
Meteorology,3651,Which of the following are favourable conditions for the formation of freezing rain?,Warm air aloft from which rain is falling into air with a temperature below 0°C.,Water droplets falling from cold air aloft with a temperature below 0°C.,Cold air aloft from which hail is falling into air that is warm.,An isothermal layer aloft with a temperature just above 0°C through which rain is falling.,A
Meteorology,3652,What type of cloud can produce hail showers?,CB,NS,CS,AC,A
Meteorology,3653,The presence of ice pellets at the surface is evidence that,freezing rain occurs at a higher altitude,a cold front has passed,there are thunderstorms in the area,a warm front has passed,A
Meteorology,3654,"With which of the following types of cloud is """"+RA"""" precipitation most commonly associated?",NS,AC,SC,ST,A
Meteorology,3655,"With what type of cloud is """"GR"""" precipitation most commonly associated?",CB,AS,ST,CC,A
Meteorology,3656,"With what type of cloud is """"DZ"""" precipitation most commonly associated?",ST,CB,CC,CU,A
Meteorology,3657,Which of the following cloud types is least likely to produce precipitation ?,CI,AS,CB,NS,A
Meteorology,3658,With what type of cloud is heavy precipitation unlikely during the summer months ?,"SC, AS","CB, ST","NS, CC","AS, NS",A
Meteorology,3659,"With what type of cloud is """"+TSRA"""" precipitation most commonly associated?",CB,AS,SC,NS,A
Meteorology,3660,Freezing precipitation occurs,mainly in the form of freezing rain or freezing drizzle,only in the precipitation of a cold front,only in the precipitation of a warm front,mainly in the form of freezing hail or freezing snow,A
Meteorology,3661,Freezing rain occurs when,rain falls into a layer of air with temperatures below 0°C,ice pellets melt,water vapour first turns into water droplets,snow falls into an above-freezing layer of air,A
Meteorology,3662,Precipitation in the form of showers occurs mainly from,convective clouds,stratified clouds,cirro-type clouds,clouds containing only ice crystals,A
Meteorology,3663,"Steady precipitation, in contrast to showery precipitation falls from",stratiform clouds with little or no turbulence,convective clouds with little or no turbulence,stratiform clouds with severe turbulence,convective clouds with moderate turbulence,A
Meteorology,3664,Large hail stones,are typically associated with severe thunderstorms,only occur in thunderstorms of mid-latitudes,are entirely composed of clear ice,only occur in frontal thunderstorms,A
Meteorology,3665,"The following statements deal with precipitation, turbulence and icing. Select the list containing the most likely alternatives for NS cloud:","Precipitation may be snow, sleet or rain. Icing is probable and may range between light and severe. Turbulence is rarely more than moderate.","Precipitation may be snow, sleet or rain. Icing and turbulence are frequently severe.",Precipitation is frequently in the form of hail. Icing and turbulence are frequently severe.,Precipitation and icing are usually nil. Turbulence is rarely more than moderate.,A
Meteorology,3666,From what type of cloud does drizzle fall ?,Stratus.,Altostratus,Cumulus,Cirrostratus.,A
Meteorology,3667,What type of clouds are associated with rain showers ?,Towering cumulus and cumulonimbus.,Towering cumulus and altostratus.,Altostratus and stratus.,Nimbostratus.,A
Meteorology,3668,What type of clouds are associated with snow showers ?,Cumulus and cumulonimbus,Cumulus and altostratus,Altostratus and stratus,Nimbostratus,A
Meteorology,3669,An airmass is unstable when,an ascending parcel of air continues to rise to a considerable height.,temperature and humidity are not constant,pressure shows a marked variation over a given horizontal area,temperature increases with height,A
Meteorology,3670,An airmass is stable when,the vertical motion of a rising parcel of air tends to become weaker and disappears.,temperature in a given area drops off very rapidly with height,pressure is constant,the lapse rate is 1°C per 100 m,A
Meteorology,3671,What are the typical differences between the temperature and humidity between an air mass with its origin in the Azores and an air mass with its origin over northern Russia ?,The air of the Azores is warmer and more humid than the North-Russian air.,The North-Russian air is colder and more humid than the air of the Azores.,The air of the Azores is warmer and dryer than the North-Russian air.,The North-Russian air is warmer and dryer than the air of the Azores.,A
Meteorology,3672,Where is the source of tropical continental air that affects Europe in summer?,The southern Balkan region and the Near East.,Southern Italy.,Southern France.,The Azores region.,A
Meteorology,3673,Where does polar continental air originate?,Siberian landmass.,Areas of arctic water.,The region of the Baltic sea.,The region of Greenland.,A
Meteorology,3674,In which air mass are extremely low temperatures encountered?,Polar continental air.,Polar maritime air.,Tropical continental air.,Arctic maritime air.,A
Meteorology,3675,"(For this question use annex 050-2065A)What is the classification of the airmass affecting position """"Q"""" at 0600 UTC?",Tropical maritime.,Polar maritime.,Polar continental.,Tropical continental.,A
Meteorology,3676,In which of the following regions does polar maritime air originate ?,East of Greenland,Region of British Isles,Baltic Sea,Black Sea,A
Meteorology,3677,What type of low pressure area is associated with a surface front?,Polar front low.,A cold air pool.,A low on lee side of a mountain.,Heat low.,A
Meteorology,3678,"At what time of the year, are the paths of north Atlantic lows moving from west to east generally at their most southerly position?",Winter.,Summer.,Spring.,Autumn.,A
Meteorology,3679,The polar front is the boundary between:,polar air and tropical air.,arctic air and polar air.,arctic air and tropical air.,maritime polar air and continental polar air.,A
Meteorology,3680,"(For this question use annex 050-4297A)Examining the pictures, on which one of the tracks (dashed lines) is this cross-section to be expected?",Track B-D,Track B-C,Track A-D,Track A-E,A
Meteorology,3681,"What type of fronts are most likely to be present during the winter in Central Europe when temperatures close to the ground are below 0°C, and freezing rain starts to fall?","Warm fronts, warm occlusions.",Cold occlusions.,High level cold fronts.,Cold fronts.,A
Meteorology,3682,Which of the following conditions are you most likely to encounter when approaching an active warm front at medium to low level ?,Low cloud base and poor visibility.,Severe thunderstorms at low altitude.,Extreme turbulence and severe lightning striking the ground.,"High cloud base, good surface visibility, and isolated thunderstorms.",A
Meteorology,3683,"During a cross-country flight at FL 50, you observe the following sequence of clouds:Nimbostratus, Altostratus, Cirrostratus, Cirrus.Which of the following are you most likely to encounter ?",Decreasing temperatures.,"Strong, gusty winds.",A strong downdraught.,Increasing temperatures.,A
Meteorology,3684,What cloud formation is most likely to occur at low levels when a warm air mass overrides a cold air mass?,Nimbostratus.,Cumulus.,Altostratus.,Cumulonimbus.,A
Meteorology,3685,The approximate inclined plane of a warm front is:,1/150,1/50,1/300,1/500,A
Meteorology,3686,In which of the following situations can freezing rain be encountered ?,Ahead of a warm front in the winter,Ahead of a cold front in the winter,Behind a warm front in the summer,Ahead of a cold front in the summer,A
Meteorology,3687,How do air masses move at a warm front ?,Warm air overrides a cold air mass,Cold air overrides a warm air mass,Cold air undercuts a warm air mass,Warm air undercuts a cold air mass,A
Meteorology,3688,What types of cloud will you meet flying towards a warm front ?,"At some 800 km CS, later AS, and at some 300 km NS until the front",Extensive areas of fog. At some 100 km from the front NS begin,"At some 500 km AS, later CS and at some 80 km before the front CB","At some 500 km from the front, groups of CB, later at some 250 km thickening AS",A
Meteorology,3689,"If you have to fly through a warm front when freezing level is at 10000 feet in the warm air and at 2000 feet in the cold air, at which altitude is the probability of freezing rain the lowest ?",12000 feet,9000 feet,5000 feet,3000 feet,A
Meteorology,3690,"Read this description: """"After such a fine day, the ring around the moon was a bad sign yesterday evening for the weather today. And, sure enough, it is pouring down outside. The clouds are making an oppressively low ceiling of uniform grey, but at least it has become a little bit warmer."""" Which of these weather phenomena is being described?",A warm front,A blizzard,Weather at the back of a cold front,A cold front,A
Meteorology,3691,Thunderstorms in exceptional circumstances can occur in a warm front if,the warm air is convectively unstable.,the cold air is convectively unstable.,the cold air is convectively stable.,the warm air is convectively stable.,A
Meteorology,3692,"On an aerodrome, when a warm front is approaching",QFE and QNH decrease.,QFE and QNH increase.,QFE increases and QNH decreases.,QFE decreases and QNH increases.,A
Meteorology,3693,The main factor which contributes to the formation of very low clouds ahead of a warm front is the,saturation of the cold air by rain falling into it and evaporating,saturation of the warm air by rain falling into it and evaporating,reduction of outgoing radiation due to clouds,warm air moving over a cold surface,A
Meteorology,3694,"After passing at right angles through a very active cold front in the direction of the cold air, what will you encounter, in the northern hemisphere immediately after a marked change in temperature?",A veering in the wind direction.,A backing in the wind direction.,An increase in tailwind.,A decrease in headwind.,A
Meteorology,3695,"(For this question use annex 050-2388A)What change in pressure, will occur at point A, during the next hour?",A rise in pressure,A drop in pressure,Irregular fluctuations,Approximately constant pressure,A
Meteorology,3696,What type of precipitation would you expect at an active unstable cold front?,Showers associated with thunderstorms,Freezing rain,Light to moderate continuous rain,Drizzle,A
Meteorology,3697,What is the relative movement of the two airmasses along a cold front ?,Cold air pushes under a warm air mass,Warm air pushes over a cold air mass,Cold air slides over a warm air mass,Warm air pushes under a cold air mass,A
Meteorology,3698,Which of the following is typical for the passage of a cold front in the summer ?,Mainly towering clouds,Mainly layered clouds,Rapid drop in pressure once the front has passed,Rapid increase in temperature once the front has passed,A
Meteorology,3699,Over Central Europe what type of cloud cover is typical of the warm sector of a depression during winter?,ST with drizzle.,"CI, CS.",Fair weather CU.,"CU, CB.",A
Meteorology,3700,"What is the surface visibility most likely to be, in a warm sector of tropical maritime air, during the summer?",Moderate (several km).,Very poor (less than 1 km).,Good (greater than 10 km).,Very good (greater than 50 km).,A
Meteorology,3701,What cloud cover is typical for a wide warm sector of a polar front depression over Central Europe in the summer ?,Fair weather CU,BKN CU and CB,Sky clear,ST with drizzle,A
Meteorology,3702,What will be the effect on the reading of an altimeter of an aircraft parked on the ground during the period following the passage of an active cold front ?,It will have decreased.,It will remain unchanged.,It will have increased.,It will show a small increase or decrease.,A
Meteorology,3703,What will be the effect on the reading of an altimeter of an aircraft parked on the ground shortly before an active cold front passes?,It will be increasing.,It will remain unchanged.,It will be decreasing.,It will fluctuate up and down by about +/- 50 feet.,A
Meteorology,3704,What will be the effect on the reading of an altimeter of an aircraft parked on the ground as an active cold front is passing?,It will first increase then decrease.,It will remain unchanged.,It will first decrease then increase.,It will fluctuate up and down by about +/- 50 feet.,A
Meteorology,3705,"What weather conditions are prevalent during the summer, over the North Sea, approximately 300 km behind a quickly moving cold front?","Cloud cover mostly scattered, isolated showers.",Showers and thunderstorms.,"Rain covering a large area, 8 octas NS.","8 octas CS, AS without precipitation.",A
Meteorology,3706,"Where is the coldest air to be found, in an occlusion with cold front characteristics?",Behind the front.,Ahead of the front.,At the surface position of the front.,At the junction of the occlusion.,A
Meteorology,3707,Which of the following describes a warm occlusion?,The coldest air mass is ahead of the original warm front,The air mass behind the front is more unstable than the air mass ahead of the front,The air mass ahead of the front is drier than the air mass behind the front,The warmer air mass is ahead of the original warm front,A
Meteorology,3708,When do cold occlusions occur most frequently in Europe?,Summer,Winter,Autumn and winter,Winter and spring,A
Meteorology,3709,(For this question use annex 050-2060A)Which one of the tracks (dashed lines) is represented by the cross-section shown on the left ?,Track D-A,Track C-A,Track B-A,Track B-C,A
Meteorology,3710,(For this question use annex 050-2061A)Which cross-section of air mass and cloud presentation is applicable to the straight line A-B?,3,1,2,4,A
Meteorology,3711,How are the air masses distributed in a cold occlusion ?,"The coldest air mass behind and the less cold air in front of the occlusion, the warm air mass is above ground level.","The coldest air in front of and the less cold air is behind the occlusion, the warm air mass is above ground level.","The coldest air in front of and the warm air behind the occlusion, the less cold air is above ground level.","The coldest air behind and the warm air in front of the occlusion, the less cold air mass is above ground level.",A
Meteorology,3712,"In a polar front depression, an occlusion is called a warm occlusion when the cold air","behind is less cold than the cold air in front, with the warm air at a high altitude.",in front of the surface position of front is only at a high altitude.,behind is colder than the cold air in front.,"behind is colder than the cold air in front, with the warm air being at a high altitude.",A
Meteorology,3713,In a warm front occlusion,the warm air is lifted,the warm front overtakes the cold front,the warm front becomes a front aloft,the cold air is lifted,A
Meteorology,3714,What characterizes a stationary front ?,The surface wind usually has its direction parallel to the front,The surface wind usually has its direction perpendicular to the front,The warm air moves at approximately half the speed of the cold air,The weather conditions that it originates is a combination between those of an intense cold front and those of a warm and very active front,A
Meteorology,3715,In which approximate direction does the centre of a frontal depression move?,In the direction of the warm sector isobars.,In the direction of the isobars ahead of the warm front.,In the direction of the sharpest pressure increase.,In the direction of the isobars behind the cold front.,A
Meteorology,3716,What type of front / occlusion usually moves the fastest?,Cold front.,Warm front.,Cold occlusion.,Warm occlusion.,A
Meteorology,3717,In which main direction does a polar front depression move?,Along the front towards the east,Along the front towards the west,Across the front towards the north,Across the front towards the south,A
Meteorology,3718,"(For this question use annex 050-2064A)Refer to the diagram. Assuming the usual direction of movement, where will this polar frontal wave have moved ?",Position 3,Position 1,Position 2,Position 4,A
Meteorology,3719,Frontal depressions can be assumed to move in the direction of the 2000 feet wind,in the warm sector,in front of the warm front,behind the cold front,at the apex of the wave,A
Meteorology,3720,A frontal depression passes through the airport. What form of precipitation do you expect ?,"Continuous rain or snow during 6 hours until the warm front arrives. The precipitation stops for several hours within the warm sector. On the arrival of the cold front, showers within a couple of hours.",Continous rain or snow while the frontal wave passes for a period of some 24 hours.,Showers during some 2 hours until the warm front arrives. Drizzle in the warm sector within 12 hours. Rain or snow on the passage of the cold front.,Rain or snow during about 12 hours until the warm front arrives. Within the warm sector the rain increases. Improvement on the passage of the cold front.,A
Meteorology,3721,"(For this question use annex 050-4298A)Refer to the diagram. Assuming the usual direction of movement, to which position will the polar frontal wave have moved ?",Position C,Position D,Position A,Position B,A
Meteorology,3722,(For this question use annex 050-4389A)This chart shows the weather conditions on the ground at 0600 UTC on May 4. Which of the following reports reflects weather development at Geneva Airport?,TAF LSGG 230716 23016KT 8000 -RA BKN030 OVC070 BECMG 0810 5000 RA BKN020 OVC050 TEMPO 3000 +RA BKN010 OVC030 BECMG 1215 25014KT 8000 SCT030 BKN090 =,TAF LSGG 230716 05014KT 5000 OVC015 BECMG 0810 8000 BKN018 BECMG 1013 05015G30KT 9999 SCT025 =,TAF LSGG 230716 26012KT 9999 SCT030 BKN080 TEMPO 1013 25020G35KT 3000 TSRA or +SHRA BKN030CB BECMG 1316 VRB02KT 3000 BCFG SCT100 =,TAF LSGG 230716 VRB03KT 6000 BR SCT020 BECMG 0811 23005KT 9999 SCT025TCU PROB 40 TEMPO 1216 34012G30KT 3000 TSRA BKN020CB =,A
Meteorology,3723,In Zurich during a summer day the following weather observations were taken:160450Z 23015KT 3000 +RA SCT008 SCT020 OVC030 13/12 Q1010 NOSIG =160650Z 25008KT 6000 SCT040 BKN090 18/14 Q1010 RERA NOSIG =160850Z 25006KT 8000 SCT040 SCT100 19/15 Q1009 NOSIG =161050Z 24008KT 9999 SCT040 SCT100 21/15 Q1008 NOSIG =161250Z 23012KT CAVOK 23/16 Q1005 NOSIG =161450Z 23016KT 9999 SCT040 BKN090 24/17 Q1003 BECMG 25020G40KT TS =161650Z 24018G35KT 3000 +TSRA SCT006 BKN015CB 18/16 Q1002 NOSIG =161850Z 28012KT 9999 SCT030 SCT100 13/11 Q1005 NOSIG =What do you conclude based on these observations?,A warm front passed the station early in the morning and a cold front during late afternoon,A cold front passed the station early in the morning and a warm front during late afternoon,A trough line passed the station early in the morning and a warm front during late afternoon,Storm clouds due to warm air came close to and grazed the station,A
Meteorology,3724,"An observer on the northern hemisphere is under influence of the wind system of a depression, which is moving from West to East. The centre of the depression passes to the South of the observer. For this observer the wind direction is",continuously backing,continuously veering,"initially backing, then veering","initially veering, then backing",A
Meteorology,3725,In which of the following areas do surface high pressure systems usually predominate over the North Atlantic region between 30°N and 65°N and the adjoining land areas during the northern summer?,"Azores, SE USA, SW Europe","Greenland, Azores, NE Canada","Iceland, SW USA, Azores","Greenland, SW Europe, NE Canada",A
Meteorology,3726,Select the answer which you consider will complete correctly the following statement in relation to the main pressure systems affecting the North Atlantic region between 30°N and 65°N. During winter the predominant mean low pressure system at the surface is usually centred over,Iceland / Greenland,USA,Siberia,Azores,A
Meteorology,3727,"Considering the North Atlantic region between 30°N and 65°N and the adjacent land areas during mid-summer, the predominant pressure systems are",Azores high and weak low over NE Canada,Scandinavian high and Azores high,weak low over NE Canada and Scandinavian high,Azores low and Icelandic high,A
Meteorology,3728,"Considering the North Atlantic region between 30°N and 65°N together with the adjacent land areas during winter, the normal disposition of the main anticyclones at the surface is","Azores, Siberia","Siberia, Iceland, Canaries","NE Canada, Iceland","Greenland, Iberian peninsula",A
Meteorology,3729,What is the correct term for the descending air flow in a large high pressure area?,Subsidence.,Convergence.,Advection.,Convection.,A
Meteorology,3730,What surface weather is associated with a stationary high pressure region over land in the winter?,A tendency for fog and low ST.,Thunderstorms.,NS with continuous rain.,The possibility of snow showers.,A
Meteorology,3731,In temperate latitudes what weather conditions may be expected over land during the summer in the centre of a stationary high pressure zone ?,"Calm winds, haze.","TS, SH.","CB, TS.",NS.,A
Meteorology,3732,What is the most likely cause of a lack of clouds at higher levels in a stationary high?,Sinking air,Rising air,Instability,Divergence at higher levels,A
Meteorology,3733,Subsidence is :,vertically downwards motion of air,horizontal motion of air,vertically upwards motion of air,the same as convection,A
Meteorology,3734,If the pressure surfaces bulge upwards in all levels then the pressure system is a,warm high,cold low,cold high,warm low,A
Meteorology,3735,The stable layer at some height in the low troposphere of an older high pressure area in the mid-latitudes is called,subsidence inversion,friction inversion,radiation inversion,trade wind inversion,A
Meteorology,3736,A blocking anticyclone on the northern hemisphere is,a warm anticyclone/quasi stationary/situated between 50°N and 70°N,quasi stationary/situated between 50°N and 70°N/a cold anticyclone,situated between 50° and 70°N/a cold anticyclone/steering depressions,a cold anticyclone/steering depressions/situated over Scandinavia,A
Meteorology,3737,The most effective way to dissipate cloud is by,subsidence,convection,a decrease in temperature,a decrease in pressure,A
Meteorology,3738,Areas of sinking air are generally cloudless because as air sinks it,is heated by compression,reaches warmer layers,is heated by expansion,loses water vapour,A
Meteorology,3739,"What is encountered during the summer, over land, in the centre of a cold air pool?",Showers and thunderstorms.,Strong westerly winds.,Fine weather CU.,Nothing (CAVOK).,A
Meteorology,3740,How do you recognize a cold air pool?,As a low pressure area aloft (e.g. on the 500 hPa chart).,As a high pressure area aloft (e.g. on the 500 hPa chart).,A cold air pool may only be recognized on the surface chart as a low pressure area.,A cold air pool may only be recognized on the surface chart as a high pressure area.,A
Meteorology,3741,What type of air movement is associated with the centre line of a trough?,Convergence with lifting.,Divergence with descending air.,Divergence with lifting.,Convergence with descending air.,A
Meteorology,3742,With an intense trough of low pressure over Iceland during wintertime the weather likely to be experienced is :,"strong wind shear, convection and snow showers","light wind, good visibility and a high cloud ceiling",strong wind with subsidence at low levels,strong wind associated with an almost clear sky,A
Meteorology,3743,Extensive cloud and precipitation is often associated with a non frontal thermal depression because of :,surface convergence and upper level divergence causing widespread ascent of air in the depression,surface convergence and upper level divergence causing widespread descent of air in the depression,surface divergence and upper level convergence causing widespread descent of air in the depression,surface divergence and upper level convergence causing widespread ascent of air in the depression,A
Meteorology,3744,A trough of low pressure on a surface synoptic chart is an area of,convergence and widespread ascent,divergence and subsidence,divergence and widespread ascent,convergence and subsidence,A
Meteorology,3745,Which is true of a typical non frontal thermal depression?,It forms over land in summer,It forms over the ocean in summer,It forms over the ocean in winter,It forms over land in winter,A
Meteorology,3746,Which is true of a secondary depression in the northern hemisphere?,It tends to move round the primary in a cyclonic sense,It tends to move round the primary in an anticyclonic sense,"It rapidly closes on, and merges with the primary",It tends to maintain its position relative to the primary,A
Meteorology,3747,"What type of clouds, visible even at a long distance, could indicate the presence of a tropical revolving storm?",Dense CI,Frequent SC,Excessive accumulation of CU,NS spread over a large area,A
Meteorology,3748,Where is the most dangerous zone in a tropical revolving storm?,In the wall of clouds around the eye.,Anywhere in the eye.,In the centre of the eye.,About 600 km away from the eye.,A
Meteorology,3749,Tropical revolving storms do not occur in the southeast Pacific and the south Atlantic because,of the low water temperature.,there is no coriolis force present.,of the strong southeast wind.,the southeast trade winds cross over into the northern hemisphere.,A
Meteorology,3750,What is the main energy source of a tropical revolving storm?,Latent heat released from condensing water vapour.,Temperature difference between equatorial low pressure trough and subtropical high pressure belt.,Cold air advancing from temperate latitudes.,The equatorial jet stream.,A
Meteorology,3751,What is the track most likely to be taken by a hurricane in the Carribean area?,West in the earlier stages and later north east,East,West deep into the U.S.,West in the earlier stages and later south east,A
Meteorology,3752,Which statement is true for hurricanes in the North Atlantic?,From the earth's surface up to the tropopause the core is warmer than its surroundings,They intensify rapidly after landfall,The diameter is 50-500 m,Their greatest frequency of occurrence is in winter,A
Meteorology,3753,Why do tropical revolving storms tend to develop mostly in the western parts of the tropical oceans?,Because there is a maximum of humidity as a result of the trade winds`long sea passage,Because they are areas in which there is a strong progressive windshear with increase of height,Because there is a maximal temperature difference between land mass and sea,Because the gulf formation of the coastlines triggers a strong rotary circulation,A
Meteorology,3754,At what time of the year are typhoons most likely to occur over the southern islands of Japan?,July to November.,September to January.,January to May.,May to July.,A
Meteorology,3755,"On which coast of North America, is the danger of tropical revolving storms the greatest?",SE coast,W coast,N coast,NE coast,A
Meteorology,3756,What is the likely track for a hurricane in the Carribean area?,West in the earlier stages and later turning north east.,East then south.,West deep into the USA.,West in the earlier stages and later turning south east.,A
Meteorology,3757,During which seasons are hurricanes most likely to appear in the northern hemisphere?,Summer and autumn.,Winter.,Winter and spring.,All seasons.,A
Meteorology,3758,During which months is the Hurricane season in the Caribbean?,July until November.,October until January.,January until April.,April until July.,A
Meteorology,3759,The region of the globe where the greatest number of tropical revolving storms occur is,"the north-west Pacific, affecting Japan, Formosa, Korea and the Chinese coastline.","the carribean sea, affecting the West Indies, Mexico and the south-east coastline of the USA.","the south-western Indian ocean, affecting Madagascar, Mauritius and the island of Réunion.","the northern Indian ocean, affecting India, Sri Lanka and Bangladesh.",A
Meteorology,3760,"(For this question use annex 050-10788A)The arrows labelled """"r"""" represent the mean tracks of tropical revolving storms which occur mainly from",December to April and are called cyclones,December to April and are called tornadoes,June to October and are called typhoons,June to October and are called hurricanes,A
Meteorology,3761,"(For this question use annex 050-10791A)The arrows labelled """"s"""" represent the mean tracks of tropical revolving storms which occur mainly from",May to November and are called cyclones,December to April and are called cyclones,May to November and are called hurricanes,December to April and are called typhoons,A
Meteorology,3762,"(For this question use annex 050-10792A)The arrows labelled """"t"""" represents the mean track of tropical revolving storms which occur mainly from",June to October and are called cyclones,December to April and are called hurricanes,June to October and are called tornadoes,June to October and are called hurricanes,A
Meteorology,3763,"(For this question use annex 050-10793A)The arrows labelled """"u"""" represent the tracks of tropical revolving storms which occur mainly from",July to October and are called typhoons,January to March and are called willy-willies,May to July and are called cyclones,December to April and are called tornadoes,A
Meteorology,3764,"When, if at all, is a tropical revolving storm most likely to affect Darwin, on the central north coast of Australia?",December to April,May to July,August to October,Not experienced at Darwin,A
Meteorology,3765,At about what geographical latitude as average is assumed for the zone of prevailing westerlies?,50°N.,10°N.,30°N.,80°N.,A
Meteorology,3766,"The reason for the fact, that the Icelandic low is normally deeper in winter than in summer is that",the temperature contrasts between arctic and equatorial areas are much greater in winter.,the low pressure activity of the sea east of Canada is higher in winter.,the strong winds of the north Atlantic in winter are favourable for the development of lows.,converging air currents are of greater intensity in winter.,A
Meteorology,3767,"(For this question use annex 050-10795A)Considering that portion of the route indicated from 30°E to 50°E, the upper winds in January above FL 300 are most likely to be","a subtropical westerly jet stream, maximum speed exceeding 90 kt","a westerly polar front jet stream, maximum speed exceeding 90 kt",variable in direction and less than 30 kt,light easterlies,A
Meteorology,3768,"What is the type, intensity and seasonal variation of precipitation in the equatorial region ?","Rainshowers, hail showers and thunderstorms occur the whole year, but frequency is highest during two periods: April-May and October-November.",Warm fronts are common with continuous rain. The frequency is the same throughout the year,Precipitation is generally in the form of showers but continuous rain occurs also. The greatest intensity is in July.,"Showers of rain or hail occur throughout the year, the frequency is highest in January.",A
Meteorology,3769,When are the rainy seasons in equatorial Africa?,March to May and October to November.,December to February and July to October.,March to May and August to October.,April to July and December to February.,A
Meteorology,3770,"During July flights from Bangkok (13°N - 100°E) to Karachi (25°N - 67°E) experience an average tailwind component of 22 kt. In January the same flights, also operating at FL 370, have an average headwind of 50 kt. What is the reason for this difference?",The wind components correspond to the seasonal change of the regional wind system.,"The flights during the summer encountered, by chance, very unusual, favourable conditions.","The flights in January encountered, by chance, very unusual, adverse conditions.",The flights happen to be in the area of the polar front jet stream.,A
Meteorology,3771,Which of the following statements concerning trade winds is correct?,They occur only in the lower part of the troposphere and more pronounced over the oceans,They reach up to the tropopause and are more pronounced over the continents,They reach up to the tropopause and are more pronounced over the oceans,They occur only in the lower part of the troposphere and are more pronounced over the continents,A
Meteorology,3772,Which one of the following statements regarding the intertropical convergence zone (ITCZ) is correct?,Frequent and widespread thunderstorms are to be expected within the area of the ITCZ.,Thunderstorms seldom occur within the area of the ITCZ.,The ITCZ is always associated with a strong jet stream.,The ITCZ does not change its position during the course of the year.,A
Meteorology,3773,"In which of the following bands of latitude is the intertropical convergence zone most likely to be encountered in January, between Dakar and Rio de Janeiro?",0° - 7°N.,3° - 8°S.,8° - 12°S.,7° - 12°N.,A
Meteorology,3774,"Where, during a flight from Marseille to Dakar, in July, may the ITCZ be encountered?",In the vicinity of Dakar,Near the Canary Islands,At the latitudes of Gibraltar,At the latitudes of Algeria,A
Meteorology,3775,"Which wind systems converge on the ITCZ, when it lies at the equator?",SE trade winds and NE trade winds,SW monsoon and NW monsoon,SW monsoon and NW trade winds,NW monsoon and SW trade winds,A
Meteorology,3776,Which of the following best describes the intertropical convergence zone ?,The zone where the trade winds of the northern hemisphere meet those of the southern hemisphere.,The zone where the Harmattan meets the northeasterly trade winds over Africa.,The zone where cold fronts form in the tropics.,The zone where the west winds meet the subtropical high pressure belt.,A
Meteorology,3777,The intertropical convergence zone (ITCZ) particularly affects,western Africa between 10° and 20°N and the northern coasts of the Arabian sea in July.,"western Africa, at a latitude of 25°N in July.","the Atlantic ocean, between latitudes 10°N and 30°N, depending on the time of year.","western Africa, where it is situated between the 10°N and 30°N parallels, depending on the time of the year.",A
Meteorology,3778,Which one of the following statements is correct concerning the movement of the ITCZ in the region of West Africa?,It reaches its maximum northerly position of 15° - 20° N in July,It reaches its maximum southerly position of 5° S in January,It oscillates during the year between 10 degrees North and 10 degrees South.,It oscillates during the year between the Equator and 10 degrees North.,A
Meteorology,3779,Which of the following statements concerning the intertropical convergence zone is true?,There are frequent occurrences of CB,It lies totally in the northern hemisphere in July and totally in the southern hemisphere in January,It does not change its position over the oceans during the year,It is an area of low pressure and low relative humidity,A
Meteorology,3780,"(For this question use annex 050-10797A)The dotted line designated """"Z"""" represents the",mean position of the intertropical front (ITCZ) during July,mean position of the intertropical front (ITCZ) during January,northerly limit of the sub tropical jet stream during July,northerly limit of the SE trade winds during January,A
Meteorology,3781,"(For this question use annex 050-10798A)The dotted line labelled """"Y"""" represents the",mean position of the intertropical convergence zone (ITCZ) during January,axis of the subtropical jet stream during January,mean position of the intertropical convergence zone (ITCZ) during July,mean position of the temperate/tropical front during July,A
Meteorology,3782,(For this question use annex 050-10799A)What weather conditions are most likely to affect an approach to Dakar during July?,Wet and thundery due to the proximity of intertropical convergence zone (ITCZ),Dry and clear due to the influence of the Azores high pressure system,Generally clear skies - NW trade winds,Reduced visibility due to the rising sand of the Harmattan,A
Meteorology,3783,What winds are mainly associated with the winter monsoon in the monsoon regions of the Indian sub-continent ?,Northeasterly winds bringing dry and hazy air.,Southwesterly winds carrying warm and humid air.,Northwesterly winds bringing dry and hazy air.,Southeasterly winds carrying warm and humid air.,A
Meteorology,3784,What weather conditions are indications of the summer monsoon in India?,"Thunderstorms, showers of heavy rain.",Stratus clouds and drizzle.,Sandstorms.,Fog.,A
Meteorology,3785,"From which direction do the trade winds blow, in the southern hemisphere?",SE,NE,SW,N,A
Meteorology,3786,What name is given to the low level wind system between the subtropical high pressure belt and the equatorial trough of low pressure (ITCZ) ?,Trade winds.,Doldrums.,Westerly winds.,Monsoon.,A
Meteorology,3787,In which month does the humid monsoon in India start?,In June.,In October.,In December.,In March.,A
Meteorology,3788,What is the name of the wind or airmass which gives to the main part of India its greatest proportion of precipitation?,South-west monsoon.,South-east trade wind.,"Indian, maritime tropical air mass.",Winter monsoon.,A
Meteorology,3789,(For this question use annex 050-10800A)Weather conditions at Bombay during early July are mainly influenced by the,SW monsoon,NE monsoon and the proximity of the ITCZ,passage of frontal system generated in the south indian ocean,high incidence of tropical revolving storms originating in the persian gulf,A
Meteorology,3790,(For this question use annex 050-10801A)Weather conditions at Bombay during January are mainly influenced by the,NE monsoon,SW monsoon,NW monsoon,SE monsoon,A
Meteorology,3791,The transition from SW to NE monsoon in India occurs in,"September, October, November","July, August, September","December, January, February","February, March, April",A
Meteorology,3792,The prevailing surface wind in the area of the west coast of Africa north of the equator (gulf of Guinea) is a,SW monsoon in summer and NE tradewind in winter,SW monsoon in winter and NE monsoon in summer,NE tradewind in summer and SE tradewind in winter,NE monsoon in winter and SE tradewind in summer,A
Meteorology,3793,Along the West coast of India the prevailing winds are the,SW monsoon in July and a NE monsoon in January,SW monsoon in July and a SE monsoon in January,NE monsoon in July and a SW monsoon in January,SE monsoon in July and a SW monsoon in January,A
Meteorology,3794,What weather is prevalent in the zone of easterly waves?,Thunderstorms and rain.,Continuous rain.,Clear skies.,Frontal weather.,A
Meteorology,3795,An easterly wave is a,"wave in a trade wind belt, moving from east to west, with severe convective activity in rear of its trough","wave-like disturbance in the monsoon regime of India, moving from east to west, with severe convective activity ahead of its trough","small scale wave disturbance in the tropics, moving from east to west, with severe convective activity ahead of its trough","disturbance in the higher levels associated with the equatorial easterly jet, moving from east to west, with severe convective activity in rear of its trough",A
Meteorology,3796,(For this question use annex 050-4391A)Which typical weather condition is shown by the design for the area of Central Europe ?,Westerly waves,Uniform pressure pattern,Cutting wind,Easterly waves,A
Meteorology,3797,(For this question use annex 050-4392A)Which typical weather condition is shown by the design for northern Italy?,High pressure,Warm southerly wind,Westerly wind,Easterly wind,A
Meteorology,3798,(For this question use annex 050-4393A)The attached chart shows the weather conditions on the ground at 1200 UTC on October 10. Which of the following reports reflects weather development at Zurich Airport?,TAF LSZH 101601 VRB02KT 8000 SCT280 BECMG 1618 00000KT 3500 MIFG BECMG 1820 1500 BCFG BECMG 2022 0100 FG VV001 =,TAF LSZH 101601 05020G35KT 8000 BKN015 TEMPO 1720 05018KT 0300 +SHSN VV002 =,TAF LSZH 101601 23012KT 6000 RA BKN012 OVC030 TEMPO 2023 22025G40KT 1600 +SNRA BKN003 OVC015 =,TAF LSZH 101601 32008KT 9999 SCT030TCU TEMPO 2201 32020G32KT 3000 TSRA BKN020CB =,A
Meteorology,3799,"(For this question use annex 050-10802A)The weather most likely to be experienced at position """"R"""" is",fine and warm with little or no cloud,early morning fog lifting to low stratus,increasing high and medium cloud cover and generally good visibility,mainly overcast with anticyclonic gloom,A
Meteorology,3800,(For this question use annex 050-2059A)Which typical weather situation is shown on the weather chart ? (Spacing of the isobars: 5 hPa),Uniform pressure pattern.,Cutting wind.,West wind condition.,Warm south wind condition (Foehn).,A
Meteorology,3801,"With a uniform pressure pattern and no thunderstorms around, what will the indication of the aneroid altimeter of an aircraft parked on the ground do over a period of about ten minutes?","Apparently nothing, because any changes would be small.",Increase rapidly.,Show strong fluctuations.,Decrease rapidly.,A
Meteorology,3802,"(For this question use annex 050-10803A)The weather most likely to be experienced at position """"R"""" is",fine and warm at first - AC Castellanus and CB in late afternoon with thunderstorms,early morning fog lifting to low stratus,increasing amounts of AS and NS - heavy rain,overcast with drizzle and hill fog,A
Meteorology,3803,A cold pool,is usually most evident in the circulation and temperature fields of the middle troposphere and may show little or no sign on a surface chart,"develops usually in winter when very unstable maritime polar or maritime arctic air currents stream southwards along the eastern side of an extensive ridge of high pressure, in association with occluded systems",normally disappears at night and occurs almost exclusively in summer,occurs frequently in winter to the south of the Alps when this region is under the influence of cold north-westerly airstream,A
Meteorology,3804,Which weather phenomena are typical for the northern side of the Alps with stormy winds from the south (Foehn)?,"Good visibility, turbulence.","Continuous precipitation, severe turbulence.","Decrease in temperature, moderate to severe icing.","Icing, huge mass of clouds.",A
Meteorology,3805,For an aircraft what are the meteorological dangers associated with a Harmattan wind?,Dust and poor visibility.,Thunderstorms.,Sand up to FL 150.,Hail.,A
Meteorology,3806,"What is the strong relatively cold katabatic wind, blowing down the northern Adriatic coast, mainly during the winter and spring called?",Bora.,Ghibli.,Mistral.,Scirocco.,A
Meteorology,3807,What is characteristic of the pamperos?,A marked advance of cold air in South America,Katabatic winds in the Atlas Mountains,A marked advance of cold arctic air in North America,Foehn conditions in the Spanish Pyrenees,A
Meteorology,3808,What weather conditions in the region of the Alps would you expect with Foehn from south?,"Clouds, on the southern sides of passes in the Alps",Heavy clear air turbulence on the southern side of the Alps,Strong north winds on the southern side of the Alps,Heavy airframe icing conditions on the northern side of the Alps,A
Meteorology,3809,Which of the following zones is most likely to encounter little or no precipitation?,The north side of the alps with a prevailing Foehn from the south.,The north side of the alps with a prevailing Foehn from the north.,Frontal zones.,Occlusions.,A
Meteorology,3810,"(For this question use annex 050-4305A)Under the weather conditions depicted, which of the following statements is likely to apply?",Thunderstorms may occur in the summer months over Central Europe.,Severe gradient wind likely over Central Europe.,Moderate to strong Foehn in the Alps.,Radiation fog is unlikely in Central Europe in the winter.,A
Meteorology,3811,"(For this question use annex 050-4725A)Considering the route indicates from Lisbon to Freetown, the Harmattan is a",NE wind affecting north-west Africa during November to April reducing visibility in rising dust.,SW monsoonal wind causing extensive areas of advection fog along the West African coast south of 15°N.,warm southerly dust-bearing wind affecting the coast of North Africa.,localised depression giving squally winds.,A
Meteorology,3812,The Bora is a,cold catabatic wind with the possibility of violent gusts,squally warm catabatic wind which occurs mainly in summer,cold catabatic wind with gusts associated with a maritime air mass,cold catabatic wind always associated with clouds and heavy showers,A
Meteorology,3813,The Foehn wind is a,warm fall wind,cold fall wind,warm anabatic wind,cold anabatic wind,A
Meteorology,3814,Which one of the following local winds is a Foehn wind?,Chinook,Scirocco,Harmattan,Bora,A
Meteorology,3815,A Foehn wind occurs on the,leeward side of a mountain range and is caused by significant moisture loss by precipitation from cloud,windward side of a mountain range and is caused by surface heating,windward side of a mountain range and is caused by surface cooling and reverse air flow,leeward side of a mountain range and is caused by the condensation level being lower on the leeward side than on the windward side,A
Meteorology,3816,The Chinook is a,warm and dry wind that forms as air descends on the leeward side of the Rocky Mountains,very cold wind with blowing snow,downslope wind that occurs particularly at night as air cools along mountain slopes,warm anabatic wind up the slopes of snowfields or glaciers,A
Meteorology,3817,"A strong, dry and warm katabatic wind, produced by prior enforced ascent of air over hills or mountains is known as a",Foehn,Harmattan,Mistral,Bora,A
Meteorology,3818,"A dry, sand- and dust-laden North Easterly wind that blows in winter over large parts of North West Africa is known as a",Harmattan,Scirocco,Pampero,Khamsin,A
Meteorology,3819,"What is the name of the northerly, cold and strong wind, that sometimes blows over a certain part of Europe?",Mistral.,Foehn.,Bora.,Typhoon.,A
Meteorology,3820,What are the characteristics of the Bora ?,It is a cold and very strong wind that blows mainly in winter from a tableland downwards to the Adriatic,It is a very cold wind that blows mainly in winter from a northwesterly direction in the Mediterranean,"It is a warm and moist, southwesterly wind experienced in the eastern Mediterranean, that usually carries precipitation.","It is a dry and hot southerly wind experienced in the Sahara desert, that often carries dust.",A
Meteorology,3821,"What is the name of the hot, local wind, that blows downwards from mountain chains? In the Alps, for instance, it may exist both as a southerly or northerly wind depending on the weather situation.",Foehn.,Mistral.,Bora.,Scirocco.,A
Meteorology,3822,In which of these cloud types can icing be virtually ruled out?,CI,SC,NS,CU,A
Meteorology,3823,In which of these cloud types can icing be virtually ruled out?,CS,AS,SC,NS,A
Meteorology,3824,Which of the following conditions is most likely to cause airframe icing ?,#NAME?,GR,SHSN,PE,A
Meteorology,3825,(For this question use annex 050-4314A)Continuous freezing rain is observed at an airfield. Which of the four diagrams is most likely to reflect temperatures above the airfield concerned?,Diagram d),Diagram c),Diagram b),Diagram a),A
Meteorology,3826,"Atmospheric soundings give the following temperature profile :3000 FT +15°C6000 FT +8°C10000 FT +1°C14000 FT -6°C18000 FT -14°C24000 FT -26°CAt which of the following flight levels is the risk for aircraft icing, in cloud, greatest?",FL 150,FL 80,FL 180,FL 220,A
Meteorology,3827,"On the approach, the surface temperature is given as -5°C. The freezing level is at 3000 FT/AGL. At 4000 FT/AGL, there is a solid cloud layer from which rain is falling.According to the weather briefing, the clouds are due to an inversion caused by warm air sliding up and over an inclined front. Would you expect icing?","Yes, between ground level and 3000 FT/AGL.","Yes, but only between 3000 and 4000 FT/AGL.","No, flights clear of cloud experience no icing.","No, absolutely no icing will occur.",A
Meteorology,3828,In which environment is aircraft structural ice most likely to have the highest rate of accretion ?,Freezing rain.,Cirrus clouds.,Stratus clouds.,Snow.,A
Meteorology,3829,In which of these temperature bands is ice most likely to form on the aircraft's surface?,0°C to -10°C,+10°C to 0°C,-20°C to -35°C,-35°C to -50°C,A
Meteorology,3830,Which of the following statements is true regarding moderate-to-severe airframe icing?,It is likely to occur in nimbostratus cloud,It will occur in clear-sky conditions,It may occur in the uppermost levels of a cumulonimbus capillatus formation,It always occurs in altostratus cloud,A
Meteorology,3831,Which of the following statements is true regarding moderate-to-severe airframe icing?,It will not occur in clear-sky conditions,It always occurs in altostratus cloud,It is unlikely to occur in nimbostratus cloud,It may occur in the uppermost levels of a cumulonimbus capillatus formation,A
Meteorology,3832,You have been flying for some time in dense layered cloud. The outside air temperature is -25°C. Which of the following statements is true?,Severe airframe icing is unlikely under these conditions,Severe airframe icing is quite likely under these conditions,"If you do not have weather radar on board there is no need to worry, as CB is unlikely to form in such cloud",In a dense layered cloud icing is unlikely also at an outside air temperature of -5°C,A
Meteorology,3833,Freezing fog exists if fog droplets,are supercooled,are frozen,are freezing very rapidly,freeze when temperature falls below zero,A
Meteorology,3834,A vertical temperature profile indicates the possibility of severe icing when the temperature profile,intersects the 0°C isotherm twice,coincides with a dry adiabatic lapse rate,indicates temperatures below -40°C,indicates temperatures above 3°C,A
Meteorology,3835,In which of the following situations is an aircraft most susceptible to icing ?,Level flight below a rain producing cloud when OAT is below zero degrees C.,Flying in dense cirrus clouds.,Level flight in snowfall below a nimbostratus layer.,Flying in heavy drizzle.,A
Meteorology,3836,Which of the following cloud types are most likely to produce light to moderate icing when they are not subject to orographic lifting and consist of supercooled cloud droplets?,Altocumulus and altostratus.,Stratocumulus and cirrostratus,Stratus and cumulonimbus,Altostratus and cirrocumulus,A
Meteorology,3837,"A winter day in northern Europe with a thick layer of stratocumulus clouds and temperature close to zero degrees C at ground level, you can expect:",A high probability for icing in clouds. Severe icing in the upper part due to accumulation of large droplets.,"Decreasing visibility due to snowfall below cloud base, but only light icing in clouds.",Reduced visibility and light icing in clouds,"Turbulence due to a strong inversion, but no icing because clouds consist of ice crystals",A
Meteorology,3838,Which one of the following statements concerning the formation of aircraft icing is most correct ?,A cloud consisting of both supercooled cloud droplets and ice crystals produces aircraft icing,Greatest risk of icing conditions is experienced in cirrus clouds.,Risk for icing increases when cloud temperature decreases well below minus 12 degrees C.,Probability of icing increases when dry snow starts to fall from a cloud.,A
Meteorology,3839,Which of the following factors have the greatest effect on the formation of the various types of ice on an aircraft ?,Cloud temperature and droplet size,Aircraft speed and size of cloud droplets,Aircraft speed and curvature of the airfoil,Relative humidity inside the cloud,A
Meteorology,3840,Rime ice forms through the freezing onto aircraft surfaces of,small supercooled water drops.,large supercooled water drops.,water vapour.,snow.,A
Meteorology,3841,Under which conditions would you expect the heaviest clear ice accretion to occur in a CB?,Between -2°C and -15°C,Between -20°C and -30°C,Close to the freezing level,Between -30°C and -40°C,A
Meteorology,3842,Clear ice forms on an aircraft by the freezing of :,large supercooled water drops,water vapour,small supercooled water drops,snow,A
Meteorology,3843,"During the formation of rime ice in flight, water droplets freeze",rapidly and do not spread out,slowly and do not spread out,slowly and spread out,rapidly and spread out,A
Meteorology,3844,Glaze or clear ice is formed when supercooled droplets are,large and at a temperature just below freezing,small and at a temperature just below freezing,small and freeze rapidly,of any size at temperatures below -35°C.,A
Meteorology,3845,Clear ice forms as a result of,supercooled water droplets spreading during the freezing process,water vapour freezing to the aircraft,ice pellets splattering on the aircraft,supercooled droplets freezing on impact,A
Meteorology,3846,"Large supercooled water drops, which freeze on impact on an aircraft, form",clear ice,rime ice,hoar frost,cloudy ice,A
Meteorology,3847,The type of icing that occurs in dense clouds with large supercooled drops that have a temperature of -5°C is most likely to be,clear ice,hoar frost,rime ice,cloudy ice,A
Meteorology,3848,Clear ice is dangerous because it,is heavy and is difficult to remove from the aircraft surfaces,is translucent and only forms at the leading edges,is not translucent and forms at the leading edges,spreads out and contains many air particles,A
Meteorology,3849,Hoar frost forms on an aircraft as a result of,water vapour turning directly into ice crystals on the aircraft surface,freezing rain striking the aircraft,droplets forming on the aircraft and then freezing,small super-cooled droplets striking the aircraft,A
Meteorology,3850,Hoar frost is most likely to form when,taking off from an airfield with a significant ground inversion.,flying inside convective clouds.,flying inside stratiform clouds.,flying in supercooled drizzle.,A
Meteorology,3851,"While descending through a cloud cover at high level, a small amount of a white and rough powderlike contamination is detected along the leading edge of the wing. This contamination is called:",Rime ice.,Clear ice.,Mixed ice.,Frost.,A
Meteorology,3852,A small supercooled cloud droplet that collides with an airfoil will most likely,freeze immediately and create rime ice.,freeze immediately and create clear ice.,"travel back over the wing, creating rime ice.","travel back over the wing, creating clear ice.",A
Meteorology,3853,"How does a pilot react to heavy freezing rain at 2000 FT/AGL, when he is unable to deice, nor land?",He turns back before the aircraft loses manoeuvrability.,He descends to the warm air layer below.,He ascends to the cold air layer above.,He continues to fly at the same altitude.,A
Meteorology,3854,"At what degree of icing should ICAO's """"Change of course and/or altitude desirable"""" recommendation be followed?",Moderate,Light,Severe,Extreme,A
Meteorology,3855,"At what degree of icing should ICAO's """"Change course and/or altitude immediately"""" instruction be followed?",Severe,Light,Moderate,Extreme,A
Meteorology,3856,"At what degree of icing can ICAO's """"No change of course and altitude necessary"""" recommendation be followed?",Light,Moderate,Severe,Extreme,A
Meteorology,3857,The most dangerous form of airframe icing is,clear ice.,hoar frost.,dry ice.,rime ice.,A
Meteorology,3858,"Two aircraft, one with a sharp wing profile (S), and the other with a thick profile (T), are flying through the same cloud with same true airspeed. The cloud consists of small supercooled droplets. Which of the following statements is most correct concerning ice accretion ?",Aircraft S experiences more icing than T.,Aircraft T experiences more icing than S.,Aircraft S and T experience the same amount of icing,Neither of the aircraft accumulate ice due to the small size of droplets.,A
Meteorology,3859,How does moderate turbulence affect an aircraft?,Changes in altitude or attitude occur but the aircraft remains in positive control at all times.,Rapid and somewhat rhythmic bumpiness is experienced without appreciable changes in altitude or attitude.,"Large, abrupt changes in altitude or attitude occur but the aircraft may only be out of control momentarily.",Continued flight in this environment will result in structural damage.,A
Meteorology,3860,A zone of strong convection currents is encountered during a flight. In spite of moderate gust you decide to continue the flight. What are your precautionary measures?,Decrease the speed / try to climb above the zone of convective currents if aircraft performance parameters allow.,Increase the speed / try to climb above the zone of convective currents if aircraft performance parameters allow.,Decrease the speed / try to descend below the zone of convective currents.,Increase the speed / try to descend below the zone of convective currents.,A
Meteorology,3861,What is normally the most effective measure to reduce or avoid CAT effects?,Change of flight level.,Change of course.,Increase of speed.,Decrease of speed.,A
Meteorology,3862,An aircraft is approaching a cold front from the warm air mass side at FL 270 and experiencing moderate to severe turbulence. A jet stream is forecast to be at FL 310. The shortest way to get out of this turbulence is by :,Descending,Climbing,Turn right,Maintain FL 270,A
Meteorology,3863,"A flight is to depart from an airport with runways 09 and 27. Surface wind is 270/05, an inversion is reported at 300 feet with turbulence and wind shear. The wind just above the inversion is 090/30. What is the safest departure procedure ?",Depart on runway 09 with a tailwind.,Depart runway 27 with maximum throttle during the passage through the inversion.,Depart runway 27 with as steep an ascent as possible.,Take-off is not possible under these conditions.,A
Meteorology,3864,The degree of clear air turbulence experiencied by an aircraft is proportional to the,intensity of vertical and horizontal windshear,height of the aircraft,stability of the air,intensity of the solar radiation,A
Meteorology,3865,"The turbulence which occurs at high flight levels (above FL 250) is mainly of the type Clear Air Turbulence. In what way can moderate to severe Clear Air Turbulence affect an aircraft, the flight and the passengers?",The turbulence is a small scale one and can cause damage of worn out type. The manoeuvring of the aircraft will be made more difficult or even impossible. For the passengers the flight will be unpleasant.,The turbulence is a large scale one (waving) so that the aircraft will be difficult to manoeuvre. The passengers will feel some discomfort.,"The turbulence can be resembled with the roughness of a washing-board (small scale) and will not have influence on the aircraft and its solidity, but will make flight a little more difficult. The passengers will seldom notice anything of this turbulence.",The turbulence is wave like which makes the flight unpleasant for the passengers but the manoeuvring will not be affected essentially.,A
Meteorology,3866,What is the effect of a strong low level inversion ?,It promotes vertical windshear.,It promotes extensive vertical movement of air.,It prevents vertical windshear.,It results in good visual conditions.,A
Meteorology,3867,Low level wind shear is likely to be greatest,at the top of a marked surface-based inversion.,at the condensation level when there is no night radiation.,at the condensation level when there is strong surface friction.,at the top of the friction layer.,A
Meteorology,3868,Vertical wind shear is,vertical variation in the horizontal wind,vertical variation in the vertical wind,horizontal variation in the horizontal wind,horizontal variation in the vertical wind,A
Meteorology,3869,Low level vertical wind shear can be expected during the night,in association with radiation inversions,in unstable atmospheres,and early morning only in winter,and early morning only in summer,A
Meteorology,3870,The most dangerous low level wind shears are encountered,when strong ground inversions are present and near thunderstorms,in areas with layered clouds and wind speeds higher than 35 kt,during any period when wind speed is greater than 35 kt and near valleys,near valleys and at the windward side of mountains.,A
Meteorology,3871,Above and below a low level inversion the wind is likely to,change significantly in speed and direction,change in speed but not in direction,change in direction but not in speed,experience little or no change in speed and direction,A
Meteorology,3872,Where is a squall line to be expected?,In front of an active cold front.,Behind a cold front.,In front of a cold front occlusion at higher levels.,At the surface position of a warm front.,A
Meteorology,3873,What are squall lines?,Bands of intensive thunderstorms.,Unusual intensive cold fronts.,The surface weather associated with upper air troughs.,The paths of tropical revolving storms.,A
Meteorology,3874,What weather condition would you expect at a squall line?,Thunderstorms,Strong steady rain,Fog,Strong whirlwinds reaching up to higher levels,A
Meteorology,3875,"At which altitude, at temperate latitudes, may hail be expected in connection with a CB?",From the ground up to a maximum of FL 450.,From the ground up to about FL 200.,From the ground up to about FL 100.,From the base of the clouds up to FL 200.,A
Meteorology,3876,A squall line usually is most likely to be encountered,ahead of a cold front,at an occluded front,in an airmass with cold mass properties,behind of a stationary front,A
Meteorology,3877,In which stage of the life cycle of a single thunderstorm cell occur both up- and downdrafts simultaneously?,Mature stage,Cumulus stage,Dissipating stage,In all stages,A
Meteorology,3878,"During the life cycle of a thunderstorm, which stage is characterized predominantly by downdrafts?",Dissipating stage,Cumulus stage,Mature stage,Anvil stage,A
Meteorology,3879,What feature is normally associated with the cumulus stage of a thunderstorm?,Continuous updraft,Roll cloud,Frequent lightning,Rain or hail at the surface,A
Meteorology,3880,A gustfront is,formed by the cold air outflow from a thunderstorm,normally encountered directly below a thunderstorm,characterized by heavy lightning,another name for a cold front,A
Meteorology,3881,In Central Europe when is the greatest likelihood for thunderstorms due to warm updrafts?,Mid - afternoon.,Around midnight.,Early morning.,Late morning.,A
Meteorology,3882,During which stage of thunderstorm development are rotor winds characterized by roll clouds most likely to occur ?,Mature stage.,Cumulus stage.,Dissipating stage.,Cumulus stage and mature stage.,A
Meteorology,3883,"What are the meteorological prerequisites, at low level, for thunderstorms formed by lifting processes, over land?","High temperatures, high humidity.","High air pressure (> 1013 hPa), high temperatures.","Low temperatures, low humidity.","Subsidence, inversion.",A
Meteorology,3884,Which of the following meteorological phenomenon indicates upper level instability which may lead to thunderstorm development ?,AC castellanus.,AC lenticularis.,Halo.,Red cirrus.,A
Meteorology,3885,Isolated thunderstorms of a local nature are generally caused by,thermal triggering.,frontal lifting (warm front).,frontal lifting (cold front).,frontal occlusion.,A
Meteorology,3886,Which thunderstorms move forward the fastest?,Frontal thunderstorms.,Thunderstorms formed by lifting processes.,Thermal thunderstorms.,Orographic thunderstorms.,A
Meteorology,3887,The initial phase of a thunderstorm is characterized by,continuous updraughts,continuous downdraughts,frequent lightning,rain starting at surface,A
Meteorology,3888,"In addition to a lifting action, what are two other conditions necessary for thunderstorm formation ?",Unstable conditions and high moisture content,Stable conditions and high moisture content,Stable conditions and low atmospheric pressure,Unstable conditions and low atmospheric pressure,A
Meteorology,3889,Continuous updraughts occur in a thunderstorm during the,cumulus stage.,mature stage.,dissipating stage.,period in which precipitation is falling.,A
Meteorology,3890,Thunderstorms reach their greatest intensity during the,mature stage.,cumulus stage.,dissipating stage.,period in which precipitation is not falling.,A
Meteorology,3891,What are the requirements for the formation of a thunderstorm?,"An adequate supply of moisture, conditional instability and a lifting action",Water vapour and high pressure,A stratocumulus cloud with sufficient moisture,A cumulus cloud with sufficient moisture associated with an inversion,A
Meteorology,3892,Which thunderstorms generally develop in the afternoon in summer over land in moderate latitudes?,Airmass thunderstorms,Warm front thunderstorms,Cold mass thunderstorms,Occlusion thunderstorms,A
Meteorology,3893,In which of the following areas is the highest frequency of thunderstorms encountered ?,Tropical,Polar,Subtropical,Temperate,A
Meteorology,3894,Thunderstorms can occur on a warm front if the,warm air is moist and the environmental lapse rate exceeds the saturated adiabatic lapse rate,cold air is moist and the environmental lapse rate is less than the dry adiabatic lapse rate,warm air is moist and the environmental lapse rate is less than the saturated adiabatic lapse rate,cold air is moist and the environmental lapse rate exceeds the saturated adiabatic lapse rate,A
Meteorology,3895,The most hazardous type of cloud that may be encountered on a cross country flight is,cumulonimbus,stratocumulus,cumulus,cirrus,A
Meteorology,3896,What is the approximate maximum diameter of a microburst ?,4 km,400 m,20 km,50 km,A
Meteorology,3897,What is a microburst?,A concentrated downdraft with high speeds and a lower temperature than the surrounding air.,A concentrated downdraft with high speeds and a higher temperature than the surrounding air.,An extremely strong wind gust in a tropical revolving storm.,A small low pressure system where the wind circulates with very high speeds.,A
Meteorology,3898,How long does a typical microburst last?,1 to 5 minutes.,Less than 1 minute.,1 to 2 hours.,About 30 minutes.,A
Meteorology,3899,A microburst phenomenon can arise in the,downdraught of a cumulonimbus at the mature stage.,updraught of a cumulonimbus at the mature stage.,downdraught of a cumulonimbus at the formation stage.,updraught of a cumulonimbus at the growth stage.,A
Meteorology,3900,Which of the following statements describes a microburst ?,A high speed downburst of air with a generally lower temperature than its surroundings,A high speed downdraft of air with a higher temperature than its surroundings,An extremely strong wind gust associated with a tropical revolving storm,A small low pressure system where the wind circulates at high speed,A
Meteorology,3901,The diameter and the life time of a typical microburst are in the order of,4 km and 1-5 minutes,4 km and 30-40 minutes,8 km and 5-15 minutes,12 km and 5-10 minutes,A
Meteorology,3902,A microburst,has a diameter up to 4 km,has a life time of more than 30 minutes,is always associated with thunderstorms,occurs only in tropical areas,A
Meteorology,3903,Aircraft struck by lightning may sometimes get considerable damage and at least temporarily the manoeuvring of the aircraft will be made more difficult. Which one of the following statements is correct?,"Aircraft made by composite material may get severe damage, the crew may be blinded and temporarily lose the hearing.","An aircraft made by metal has a certain capacity to attract a lightning, but the lightning will follow the surface and therefore no damage will be caused.","An aircraft has in the atmosphere the same qualities as a """"Faradays cage"""", which means that struck of lightning seldom occurs. But if it happens, the result will be an occasional engine failure. The crew may get a shock.",Aircraft made by composite material can´t conduct a lightning and will therefore very seldom be struck.,A
Meteorology,3904,At what time of the year are tornadoes most likely to occur in North America?,"Spring, summer.","Summer, autumn.","Autumn, winter.",Winter.,A
Meteorology,3905,With which type of cloud are tornadoes normally associated ?,Cumulonimbus,Cumulus,Stratus,Nimbostratus,A
Meteorology,3906,The diameter of a typical tornado is,100 to 150 metres,only a few metres,about 2 to 6 km,in the order of 10 km,A
Meteorology,3907,"A wide body takes off on a clear night in Dhahran, Saudi Arabia. Shortly after take off the aircraft's rate of climb drops to zero. This can be due to",a very strong temperature inversion,sand/dust in the engines,very pronounced downdrafts,low relative humidity,A
Meteorology,3908,"Which of the following phenomena are formed when a moist, stable layer of air is forced to rise against a mountain range ?",Stratified clouds,Inversions,Showers and thunderstorms,Areas of severe turbulence,A
Meteorology,3909,"You intend to carry out a VFR flight over the Alps, on a hot summer day, when the weather is unstable. What is the best time of day to conduct this flight?",Morning.,Mid-day.,Afternoon.,Early evening.,A
Meteorology,3910,You are flying with an outside air temperature of -12°C and a TAS of 250 kt at FL 150 through 8 oktas NS. What type and degree of icing is most probable?,"In clouds pushed up against the mountains, moderate to severe mixed ice.","In clouds pushed up against the mountains, moderate to severe rime ice.","Over flat terrain, away from fronts, moderate to severe mixed ice.","Over flat terrain, moderate hoar frost.",A
Meteorology,3911,"In general, the meteorological visibility during rainfall compared to during drizzle is",greater,the same,less,"in rain - below 1 km, in drizzle - more than 2 km",A
Meteorology,3912,Flight visibility from the cockpit during approach in a tropical downpour can decrease to minimal,tens of metres,about 200 metres,about 500 metres,about 1000 metres,A
Meteorology,3913,Visibility is reduced by haze when,dust particles are trapped below an inversion,a light drizzle falls,a cold front just passed,small waterdroplets are present,A
Meteorology,3914,"In unstable air, surface visibility is most likely to be restricted by",showers of rain or snow,haze,drizzle,low stratus,A
Meteorology,3915,"In the vicinity of industrial areas, smoke is most likely to affect surface visibility when",there is a low level inversion,the surface wind is strong and gusty,cumulus clouds have developed in the afternoon,a rapid moving cold front has just passed the area,A
Meteorology,3916,Below a low level inversion visibility is often,moderate or poor because there is no vertical exchange,very good at night,very good in the early morning,moderate or poor due to heavy snow showers.,A
Meteorology,3917,What is the relationship between meteorological visibility (met.vis.) and RVR in homogeneous fog?,The met. vis. is generally less than the RVR.,The met. vis. generally is greater than the RVR.,The met. vis. generally is the same as the RVR.,There is no specific relationship between the two.,A
Meteorology,3918,The wind indicator for a weather observation receives the measured value from an anemometer. Where is this instrument placed?,On a mast 8-10 m above the ground.,1 m above the runway.,Close to the station about 2 m above the ground.,On the roof of the weather station.,A
Meteorology,3919,"What is the meaning of the abbreviation """"BKN""""?",5 - 7 oktas.,3 - 4 oktas.,6 - 8 oktas.,8 oktas.,A
Meteorology,3920,When is the RVR reported at most airports?,When the meteorological visibility decreases below 1500 m.,When the meteorological visibility decreases below 800 m.,When the RVR decreases below 800 m.,When the RVR decreases below 2000 m.,A
Meteorology,3921,When will the surface wind in a METAR record a gust factor ?,When gusts are at least 10 knots above the mean wind speed,When gusts are at least 15 knots above the mean wind speed,With gusts of at least 25 knots,With gusts of at least 35 knots,A
Meteorology,3922,While approaching your target aerodrome you receive the following message:RVR runway 23: 400mThis information indicates the,"length of runway which a pilot in an aircraft on the ground would see, on the threshold of runway 23.",meteorological visibility on runway 23.,"portion of runway which a pilot on the threshold of any of the runways would see, with runway 23 in service.","minimum visibility at this aerodrome, with runway 23 being the one in service.",A
Meteorology,3923,Runway Visual Range (RVR) is,usually better than meteorological visibility,reported when meteorological visibility is less than 2000m,reported in TAF and METAR,measured with ceilometers alongside the runway,A
Meteorology,3924,The wind direction in a METAR is measured relative to,true north,magnetic north,the 0-meridian,grid north,A
Meteorology,3925,"The cloud base, reported in the METAR, is the height above",airfield level,mean sea level,the pressure altitude of the observation station at the time of observation,the highest terrain within a radius of 8 km from the observation station,A
Meteorology,3926,"(For this question use annex 050-2056A)Of the four radio soundings, select the one that indicates ground fog:",2,1,3,4,A
Meteorology,3927,"(For this question use annex 050-4319A)Of the four radio soundings, select the one that indicates low stratus:",3,1,2,4,A
Meteorology,3928,What are the images of satellites provided daily by the Weather Service used for?,To locate fronts in areas with few observation stations,To measure wind currents on the ground,To help provide 14-day forecasts,To locate precipitation zones,A
Meteorology,3929,Which of the following causes echoes on meteorological radar screens?,Hail,Water vapour,Fog,Any cloud,A
Meteorology,3930,An airborne weather radar installation makes it possible to detect the location of,"zones of precipitation, particulary liquid-state precipitation, and also their intensity",all clouds,"cumulonimbus, but provided that cloud of this type is accompanied by falls of hail",stratocumulus and its vertical development,A
Meteorology,3931,In which meteorological forecast chart is information about CAT regions found?,Significant Weather Chart.,24 hour surface forecast.,500 hPa chart.,300 hPa chart.,A
Meteorology,3932,On which of the following aviation weather charts can a pilot most easily find a jetstream?,Significant weather chart.,Wind / temperature chart.,Surface chart.,Upper air chart.,A
Meteorology,3933,Which weather chart gives information about icing and the height of the freezing level ?,Significant weather chart,500 hPa chart,700 hPa chart,Surface chart,A
Meteorology,3934,What information is given on a Significant Weather Chart?,The significant weather forecast for the time given on the chart,The significant weather that is observed at the time given on the chart,The significant weather in a period 3 hours before and 3 hours after the time given on the chart,The significant weather forecast for a period 6 hours after the time given on the chart,A
Meteorology,3935,How is the direction and speed of upper winds described in forecasts ?,The direction is relative to true north and the speed is in knots.,The direction is relative to magnetic north and the speed is in knots.,The direction is relative to magnetic north and the speed is in miles per hour.,The direction is relative to true north and the speed is in miles per hour.,A
Meteorology,3936,What positions are connected with contour lines on the weather chart?,Positions with the same height in a chart of constant pressure.,Positions with the same thickness between two constant pressure levels.,Positions with the same air density.,Positions with the same wind velocity.,A
Meteorology,3937,Which constant pressure altitude chart is standard for a 4781 FT pressure level (FL50)?,850 hPa.,700 hPa.,500 hPa.,300 hPa.,A
Meteorology,3938,Which constant pressure altitude chart is standard for a 9882 FT pressure level (FL 100) ?,700 hPa,850 hPa,500 hPa,300 hPa,A
Meteorology,3939,Which constant pressure altitude chart is standard for a 18289 FT pressure level (FL 180) ?,500 hPa,300 hPa,200 hPa,700 hPa,A
Meteorology,3940,Which constant pressure altitude chart is standard for a 30065 FT pressure level (FL 300)?,300 hPa,200 hPa,700 hPa,500 hPa,A
Meteorology,3941,Which constant pressure altitude chart is standard for a 38662 FT pressure level (FL 390) ?,200 hPa,300 hPa,500 hPa,700 hPa,A
Meteorology,3942,"If you are planning a flight at FL 170, which of these upper wind and temperature charts would be nearest your flight level ?",500 hPa,300 hPa,850 hPa,700 hPa,A
Meteorology,3943,"If you are planning a flight at FL 290, which of these upper wind and temperature charts would be nearest your flight level ?",300 hPa,500 hPa,700 hPa,850 hPa,A
Meteorology,3944,"When planning a flight at FL 60, which upper wind and temperature chart would be nearest your flight level ?",850 hPa,700 hPa,500 hPa,300 hPa,A
Meteorology,3945,"When planning a flight at FL 110, which upper wind and temperature chart would be nearest your flight level ?",700 hPa,850 hPa,300 hPa,500 hPa,A
Meteorology,3946,"The upper wind and temperature chart of 250 hPa corresponds, in a standard atmosphere, to about",34 000 FT,39 000 FT,30 000 FT,32 000 FT,A
Meteorology,3947,An isohypse of the 500 hPa pressure surface is labelled with the number 552. This means that for all points on the isohypse the,topography is 552 decameters above MSL,pressure is 552 hPa,topography is 552 meters above MSL,pressure altimeter will overread by 552 FT,A
Meteorology,3948,(For this question use annex 050-2422A) Which of the following symbols represents a tropical revolving storm?,Symbol a),Symbol b),Symbol c),Symbol d),A
Meteorology,3949,"(For this question use annex 050-2539A) The front labelled """"Z"""" is a:",Warm front,Cold front,Warm front occlusion,Cold front occlusion,A
Meteorology,3950,How are well separated CB clouds described on the Significant Weather Chart?,OCNL CB.,EMBD CB.,FREQ CB.,ISOL CB.,A
Meteorology,3951,(For this question use annex 050-2421A)Which of the following symbols represents a squall line?,Symbol a),Symbol b),Symbol c),Symbol d),A
Meteorology,3952,(For this question use annex 050-2055A)The cold front is indicated with a number at position:,2,1,3,4,A
Meteorology,3953,(For this question use annex 050-2058A)What does the symbol indicate on a significant weather chart?,"The center of a tropopause """"high"""", where the tropopause is at FL 400.",The center of a high pressure area at 400 hPa.,The upper limit of significant weather at FL 400.,The lower limit of the tropopause.,A
Meteorology,3954,(For this question use annex 050-4331A)A trough is indicated by letter:,A,B,C,D,A
Meteorology,3955,(For this question use annex 050-4332A)The warm sector is indicated by letter:,C,B,D,A,A
Meteorology,3956,(For this question use annex 050-4333A)Which of the following best describes Zone A?,Trough of low pressure,Col,Ridge of high pressure,Depression,A
Meteorology,3957,(For this question use annex 050-4334A)Which of the following best describes Zone B?,Col,Ridge of high pressure,Depression,Trough of low pressure,A
Meteorology,3958,(For this question use annex 050-4335A)Which of the following best describes Zone C?,Ridge of high pressure,Col,Trough of low pressure,Depression,A
Meteorology,3959,(For this question use annex 050-4336A)Which of the following best describes Zone D?,Depression,Ridge of high pressure,Anticyclone,Trough of low pressure,A
Meteorology,3960,"(For this question use annex 050-4337A)According to ICAO, which symbol indicates severe icing ?",Symbol a),Symbol b),Symbol c),Symbol d),A
Meteorology,3961,"(For this question use annex 050-4338A)According to ICAO, which symbol indicates a tropical revolving storm?",Symbol d),Symbol c),Symbol b),Symbol a),A
Meteorology,3962,"(For this question use annex 050-4339A)According to ICAO, which symbol indicates danger to an aircraft in flight?",Symbol b),Symbol d),Symbol a),Symbol c),A
Meteorology,3963,"(For this question use annex 050-4340A)According to ICAO, which symbol indicates danger to an aircraft in flight?",Symbol c),Symbol d),Symbol a),Symbol b),A
Meteorology,3964,What is a trend forecast?,"A landing forecast appended to METAR/SPECI, valid for 2 hours",An aerodrome forecast valid for 9 hours,A route forecast valid for 24 hours,A routine report,A
Meteorology,3965,"What does the expression """"Broken (BKN)"""" mean?",5-7 Eights of the sky is cloud covered,3-4 Eights of the sky is cloud covered,3-5 Eights of the sky is cloud covered,Nil significant cloud cover,A
Meteorology,3966,"What does the abbreviation """"nosig"""" mean?",No significant changes,No report received,No weather related problems,Not signed by the meteorologist,A
Meteorology,3967,In which weather report would you expect to find information about icing conditions on the runway?,METAR,SIGMET,GAFOR,TAF,A
Meteorology,3968,"In which of the following 1850 UTC METAR reports, is the probability of fog formation, in the coming night, the highest?",VRB01KT 8000 SCT250 11/10 Q1028 BECMG 3000 =,22004KT 6000 -RA SCT012 OVC030 17/14 Q1009 NOSIG =,VRB02KT 2500 SCT120 14/M08 Q1035 NOSIG =,00000KT 9999 SCT300 21/01 Q1032 NOSIG =,A
Meteorology,3969,"Which of the following weather reports could be, in accordance with the regulations, abbreviated to """"CAVOK""""? (MSA above ground: LSZB 10000 FT, LSZH 8000 FT, LSGG 12000 FT, LFSB 6000 FT)",LSGG 22003KT 9999 SCT120 BKN280 09/08 Q1026 BECMG 5000 =,LSZH 26024G52KT 9999 BKN060 17/14 Q1012 RETS TEMPO 5000 TSRA =,LSZB 30004KT 9999 SCT090 10/09 Q1006 NOSIG =,LFSB 00000KT 9000 SCT080 22/15 Q1022 NOSIG =,A
Meteorology,3970,"Which of the following weather reports could be, in accordance with the regulations, abbreviated to """"CAVOK""""? (MSA above ground : LSZB 10000 FT, LSZH 8000 FT, LSGG 12000 FT, LFSB 6000 FT)",LSZB 28012KT 9999 OVC100 16/12 Q1012 BECMG 5000 =,LFSB 24008KT 9999 SCT050 18/11 Q1017 RERA NOSIG =,LSZH VRB02KT 9000 BKN080 21/14 Q1022 NOSIG =,LSGG 22006KT 9999 BKN090 17/15 Q1008 RERA NOSIG =,A
Meteorology,3971,"Within a short interval, several flight crews report that they have experienced strong clear air turbulence in a certain airspace. What is the consequence of these reports?",The competent aviation weather office will issue a SIGMET,"The airspace in question, will be temporarily closed",The competent aviation weather office will issue a SPECI,The competent aviation weather office will issue a storm warning,A
Meteorology,3972,"Refer to the TAF for Bordeaux airport.FCFR31 281400LFBD 1524 26015KT 9999 SHRA BKN020 TEMPO 1620 26020G30KT 8000 +SHRA BKN015CB PROB30 TSRA =Flight Lisbon to Bordeaux, ETA 1800 UTC. What type of precipitation is forecast on the approach to Bordeaux ?",Heavy rain showers,Continuous moderate rain,Light drizzle and fog,Moderate snow showers,A
Meteorology,3973,"Refer to the TAF for Bordeaux airport.FCFR31 281400LFBD 1524 26015KT 9999 SHRA BKN020 TEMPO 1620 26020G30KT 8000 +SHRA BKN015CB PROB30 TSRA =Flight Lisbon to Bordeaux, ETA 1800 UTC. At ETA Bordeaux what is the lowest quoted visibility forecast ?",8 km,8 NM,10 NM,10 or more km,A
Meteorology,3974,"Refer to the TAF for Amsterdam airport.FCNL31 281500EHAM 281601 14010KT 6000 -RA SCT025 BECMG 1618 12015G25KT SCT008 BKN013 TEMPO 1823 3000 RA BKN005 OVC010 BECMG 2301 25020KT 8000 NSW BKN020 =Flight from Bordeaux to Amsterdam, ETA 2100 UTC. At ETA Amsterdam what surface wind is forecast ?",120° / 15 kt gusts 25 kt,140° / 10 kt,300° / 15 kt maximum wind 25 kt,250° / 20 kt,A
Meteorology,3975,"Refer to the TAF for Amsterdam airport.FCNL31 281500EHAM 281601 14010KT 6000 -RA SCT025 BECMG 1618 12015G25KT SCT008 BKN013 TEMPO 1823 3000 RA BKN005 OVC010 BECMG 2301 25020KT 8000 NSW BKN020 =Flight from Bordeaux to Amsterdam, ETA 2100 UTC. What is the minimum visibility forecast for ETA Amsterdam ?",3 km,5 km,5 NM,6 km,A
Meteorology,3976,"In the TAF for Dehli, during the summer, for the time of your landing you note: TEMPO TS. What is the maximum time this deterioration in weather can last in anyone instance ?",60 minutes.,120 minutes.,10 minutes.,20 minutes.,A
Meteorology,3977,Does the following report make sense?LSZH VRB02KT 5000 MIFG 02/02 Q1015 NOSIG,"The report is possible, because shallow fog is defined as a thin layer of fog below eye level.","The report would never be seen, because shallow fog is not reported when the meteorological visibility is more than 2 km.","The report is nonsense, because it is impossible to observe a meteorological visibility of 5 km if shallow fog is reported.","The report is not possible, because, with a temperature of 2°C and a dew point of 2°C there must be uniform fog.",A
Meteorology,3978,You receive the following METAR :LSGG 0750Z 00000KT 0300 R05/0700N FG VV001 M02/M02 Q1014 NOSIG =What will be the RVR at 0900 UTC?,"The RVR is unknown, because the """"NOSIG"""" does not refer to RVR.",300 m.,700 m.,900 m.,A
Meteorology,3979,Which of the four answers is a correct interpretation of data from the following METAR ?16003KT 0400 R14/P1500 R16/1000N FZFG VV003 M02/M02 Q1026 BECMG 2000 =,"Meteorological visibility 400 m, RVR for runway 16 1000 m, dew point -2°C, freezing fog.","RVR for runway 16 1000 m, meteorological visibility increasing in the next 2 hours to 2000 m, vertical visibility 300 m, temperature -2°C.","RVR for runway 14 1500 m, meteorological visibility 400 m, QNH 1026 hPa, wind 160° at 3 kt.","Meteorological visibility 1000 m, RVR 400 m, freezing level at 300 m, variable winds, temperature 2°C.",A
Meteorology,3980,"Refer to the TAF for Amsterdam airport.FCNL31 281500EHAM 281601 14010KT 6000 -RA SCT025 BECMG 1618 12015G25KT SCT008 BKN013 TEMPO 1823 3000 RA BKN005 OVC010 BECMG 2301 25020KT 8000 NSW BKN020 =Flight from Bordeaux to Amsterdam, ETA 2100 UTC. What lowest cloud base is forecast for arrival at Amsterdam?",500 FT,250 FT,500 m,800 FT,A
Meteorology,3981,"In the weather briefing room during the pre-flight phase of a passenger flight from Zurich to Rome, you examine the following weather reports of pressing importance at the time:EINN SHANNON 2808 sigmet 2 valid 0800/1100 loc sev turb fcst einn fir blw fl 050 south of 53n wkn =LIMM MILANO 2809 sigmet 2 valid 0900/1500 mod sev cat btn fl 250 and fl 430 fcst limm fir stnr nc =EGLL LONDON 2808 sigmet nr01 valid 0800/1200 for london fir isol cb embd in lyr cloud fcst tops fl 300 btn 52n and 54n east of 002e sev ice sev turb ts also fcst mov e wkn =Which decision is correct?",Because of the expected turbulence you select a flight level below FL 250.,"You show no further interest in these reports, since they do not concern the route to be flown.",Owing to these reports and taking into account the presence of heavy thunderstorms at planned FL 310 you select a higher flight level (FL 370).,You cancel the flight since the expected dangerous weather conditions along the route would demand too much of the passengers.,A
Meteorology,3982,Refer to the following TAF extract:BECMG 1821 2000 BKN004 PROB30 BECMG 2124 0500 FG VV001What visibility is forecast for 2400 UTC?,500 m.,2000 m.,Between 500 m and 2000 m.,Between 0 m and 1000 m.,A
Meteorology,3983,"Refer to the following TAF extract:BECMG 1821 2000 BKN004 PROB30 BECMG 2124 0500 FG VV001What does the abbreviation """"VV001"""" mean?",Vertical visibility 100 FT.,RVR less than 100 m.,RVR greater than 100 m.,Vertical visibility 100 m.,A
Meteorology,3984,What does the term METAR signify?,A METAR signifies the actual weather report at an aerodrome and is generally issued in half-hourly intervals.,A METAR is a warning of dangerous meteorological conditions within a FIR.,"A METAR is a flight forecast, issued by the meteorological station several times daily.",A METAR is a landing forecast added to the actual weather report as a brief prognostic report.,A
Meteorology,3985,How long from the time of observation is a TREND in a METAR valid?,2 hours.,9 hours.,1 hour.,30 minutes.,A
Meteorology,3986,What is a SPECI?,"A selected special aerodrome weather report, issued when a significant change of the weather conditions have been observed.",A routine aerodrome weather report issued every 3 hours.,"A warning of meteorological dangers at an aerodrome, issued only when required.",An aerodrome forecast issued every 9 hours.,A
Meteorology,3987,Appended to a METAR you get the following runway report: 01650428What must you consider when making performance calculations?,The friction coefficient is 0.28.,The braking action will be medium to good.,The runway will be wet.,Aquaplaning conditions.,A
Meteorology,3988,"Refer to the following TAF extract:BECMG 1821 2000 BKN004 PROB30 BECMG 2124 0500 FG VV001What does the """"BECMG"""" data indicate for the 18 to 21 hour time frame?",The new conditions are achieved between 1800 and 2100 UTC,A quick change to new conditions between 1800 UTC and 1900 UTC.,Many short term changes in the original weather.,Many long term changes in the original weather.,A
Meteorology,3989,"Refer to the following TAF extract:BECMG 1821 2000 BKN004 PROB30 BECMG 2124 0500 FG VV001What does the abbreviation """"BKN004"""" mean?","5 - 7 oktas, ceiling 400 FT.","1 - 4 oktas, ceiling 400 FT.","4 - 8 oktas, ceiling 400 m.","1 - 4 oktas, ceiling 400 m.",A
Meteorology,3990,"Refer to the following TAF extract,BECMG 1821 2000 BKN004 PROB30 BECMG 2124 0500 FG VV001What does the abbreviation """"PROB30"""" mean?",Probability of 30%.,Conditions will last for at least 30 minutes.,The cloud ceiling should lift to 3000 FT.,Change expected in less than 30 minutes.,A
Meteorology,3991,What is the wind speed given in a METAR report based on?,The average speed of the previous 10 minutes,The average speed of the previous 30 minutes,The strongest gust in the previous hour,The actual speed at the time of recording,A
Meteorology,3992,What does the term SIGMET signify?,A SIGMET is a warning of dangerous meteorological conditions,"A SIGMET is a flight forecast, issued by the meteorological station several times daily",A SIGMET is a brief landing forecast added to the actual weather report,A SIGMET is an actual weather report at an aerodrome and is generally issued at half- hourly intervals,A
Meteorology,3993,What does the term TREND signify?,It is a brief landing forecast added to the actual weather report,It is the actual weather report at an aerodrome and is generally issued at half-hourly intervals,It is a warning of dangerous meteorological conditions,"It is a flight forecast, issued by the meteorological station several times daily",A
Meteorology,3994,Which of the following phenomena should be described as precipitation at the time they are observed?,SN,BCFG,FZFG,HZ,A
Meteorology,3995,Which of the following phenomena should be described as precipitation at the time they are observed?,#NAME?,VA,BR,MIFG,A
Meteorology,3996,Which of the following phenomena should be described as precipitation at the time they are observed?,DZ,SA,TS,SQ,A
Meteorology,3997,Which of the following statements is an interpretation of the SIGMET ?LSAW SWITZERLAND 0307 SIGMET 2 VALID 030700/031100 LSSW mod to sev cat fcst north of alps btn fl 260 and fl 380 / stnr / intsf =,Moderate to severe clear air turbulence to be expected north of the Alps. Intensity increasing. Danger zone between FL 260 and FL 380,Zone of moderate to severe turbulence moving towards the area north of the Alps. Intensity increasing. Pilots advised to cross this area above FL 260,Severe turbulence observed below FL 260 north of the Alps. Pilots advised to cross this area above FL 380,Moderate to strong clear air turbulence of constant intensity to be expected north of the Alps,A
Meteorology,3998,Which of the following statements is an interpretation of the SIGMET ?SIGMET VALID 121420/121820 embd ts obs and fcst in w part of athinai fir / mov e / intst nc =,Thunderstorms must be expected in the western part of the Athens FIR. The thunderstorm zone is moving east. Intensity is constant,Thunderstorms have formed in the eastern part of the Athens FIR and are slowly moving west,Athens Airport is closed due to thunderstorms. The thunderstorm zone should be east of Athens by 1820 UTC,"The thunderstorms in the Athens FIR are increasing in intensity, but are stationary above the western part of the Athens FIR",A
Meteorology,3999,Refer to the following TAF for Zurich.LSZH 261019 20018G30KT 9999 -RA SCT050 BKN080 TEMPO 23012KT 6000 -DZ BKN015 BKN030 BECMG 1518 23020G35KT 4000 RA OVC010=The lowest visibility forecast at ETA Zurich 1430 UTC is:,6 km.,6 NM.,4 km.,10 km.,A
Meteorology,4000,Refer to the following TAF for Zurich.LSZH 061019 20018G30KT 9999 -RA SCT050 BKN080 TEMPO 23012KT 6000 -DZ BKN015 BKN030 BECMG 1518 23020G35KT 4000 RA OVC010=The lowest cloud base forecast at ETA Zurich (1200 UTC) is:,1500 FT.,1000 FT.,1500 m.,5000 FT.,A
Meteorology,4001,The following weather reportEDDM 241322 VRB03KT 1500 HZ OVC004 BECMG 1517 00000KT 0500 FG VV002 TEMPO 2022 0400 FG VV001is a :,9 hour TAF.,24 hour TAF.,SPECI.,METAR.,A
Meteorology,4002,"In METAR messages, the pressure group represents the",QNH rounded down to the nearest hPa.,QFE rounded to the nearest hPa.,QNH rounded up to the nearest hPa.,QFE rounded down to the nearest hPa.,A
Meteorology,4003,"What is the meaning of the abbreviation """"SCT"""" ?",3 - 4 oktas,1 - 2 oktas,5 - 7 oktas,1 - 4 oktas,A
Meteorology,4004,Refer to TAF below.EGBB 261812 28015G25KT 9999 SCT025 TEMPO 1822 29018G35KT 5000 SHRASN BKN010CB PROB30 TEMPO 1821 1500 TSGR BKN008CB BECMG 2124 26010KTFrom the TAF above you can assume that visibility at 2055Z in Birmingham (EGBB) will be :,"not less than 1,5 km but could be in excess of 10 km.",a maximum 5 km.,"a minimum of 1,5 km and a maximum of 5 km.",more than 10 km,A
Meteorology,4005,Which of the following meteorological phenomena can rapidly change the braking action of a runway?,#NAME?,MIFG,FG,HZ,A
Meteorology,4006,Which of the following phenomena can produce a risk of aquaplaning?,#NAME?,FG,BCFG,SA,A
Meteorology,4007,Which of these four METAR reports suggests that rain is most likely in the next few hours?,23015KT 8000 BKN030 OVC070 17/14 Q1009 BECMG 4000 =,34004KT 9999 SCT040 SCT100 m05/m08 Q1014 NOSIG =,16002KT 0100 FG SCT300 06/06 Q1022 BECMG 1000 =,05016G33KT 8000 OVC015 08/06 Q1028 NOSIG =,A
Meteorology,4008,Which of these four METAR reports suggests that a thunderstorm is likely in the next few hours?,1350Z 21005KT 9999 SCT040CB SCT100 26/18 Q1016 TEMPO 24018G30 TS =,1350Z 16004KT 8000 SCT110 OVC220 02/m02 Q1008 NOSIG =,1350Z 34003KT 0800 SN VV002 m02/m04 Q1014 NOSIG =,1350Z 04012KT 3000 OVC012 04/03 Q1022 BECMG 5000 =,A
Meteorology,4009,"In which of the following METAR reports, is the probability of fog formation in the coming night the highest?",1850Z 15003KT 6000 SCT120 05/04 Q1032 BECMG 1600 =,1850Z 21003KT 8000 SCT250 12/m08 Q1028 NOSIG =,1850Z 06018G30KT 5000 OVC010 04/01 Q1024 NOSIG =,1850Z 25010KT 4000 RA BKN012 OVC030 12/10 Q1006 TEMPO 1500 =,A
Meteorology,4010,Look at this TAF for Zurich AirportTAF LSZH 211322 22018G35KT 9999 SCT012 BKN030 BECMG 1315 25025G45KT TEMPO 1720 4000 +SHRA BKN025TCU BECMG 2022 25015KT T1815Z T1618Z =Which of these statements best describes the weather most likely to be experienced at 1500 UTC?,"Meteorological visibility 10 kilometres or more, main cloudbase 3000 feet, wind 250°, temperature 18°C.","Meteorological visibility 4000 metres, gusts up to 25 knots, temperature 18°C.","Meteorological visibility 10 kilometres or more, main cloudbase 1200 feet, gusts up to 45 knots.","Severe rainshowers, meteorological visibility 4000 metres, temperature 15°C, gusts up to 35 knots.",A
Meteorology,4011,Refer to the TAF for Zurich AirportTAF LSZH 250716 00000KT 0100 FG VV001 BECMG 0810 0800 VV002 BECMG 1012 23005KT 2500 BKN005 TEMPO 1316 6000 SCT007 =Which of these statements best describes the weather that can be expected at 1200 UTC?,"Meteorological visibility 2,5 kilometres, cloudbase 500 feet, windspeed 5 knots","Meteorological visibility 800 metres, wind from 230°, cloudbase 500 feet","Meteorological visibility 800 metres, vertical visibility 200 feet, calm","Meteorological visibility 6 kilometres, cloudbase 500 feet, windspeed 5 knots",A
Meteorology,4012,"Which of the following weather reports could be, in accordance with the regulations, abbreviated to """"CAVOK""""?",15003KT 9999 BKN100 17/11 Q1024 NOSIG =,24009KT 6000 RA SCT010 OVC030 12/11 Q1007 TEMPO 4000 =,29010KT 9999 SCT045TCU 16/12 Q1015 RESHRA NOSIG =,04012G26KT 9999 BKN030 11/07 Q1024 NOSIG =,A
Meteorology,4013,"Which of the following weather reports could be, in accordance with the regulations, abbreviated to """"CAVOK""""?",27019G37KT 9999 BKN050 18/14 Q1016 NOSIG =,34004KT 7000 MIFG SCT260 09/08 Q1029 BECMG 1600 =,00000KT 0100 FG VV001 11/11 Q1025 BECMG 0500 =,26012KT 8000 SHRA BKN025 16/12 Q1018 NOSIG =,A
Meteorology,4014,Which of the following statements is an interpretation of the METAR ?25020G38KT 1200 +TSGR BKN006 BKN015CB 23/18 Q1016 BECMG NSW =,"Gusts of 38 knots, thunderstorm with heavy hail, dew point 18°C","Mean wind speed 20-38 knots, meteorological visibility 1200 metres, temperature 23°C","Broken, cloudbase 600 feet and 1500 feet, temperature 18°C","Wind 250°, thunderstorm with moderate hail, QNH 1016 hPa",A
Meteorology,4015,Which of the following statements is an interpretation of the METAR ?00000KT 0200 R14/0800U R16/P1500U FZFG VV001 m03/m03 Q1022 BECMG 0800 =,"RVR for runway 14 800 metres, vertical visibility 100 feet, calm, meteorological visibility improving to 800 metres in the next 2 hours","Meteorological visibility 200 metres, RVR for runway 16 1500 metres, temperature -3°C, vertical visibility 100 metres","Meteorological visibility 200 feet, RVR for runway 16 more than 1500 metres, vertical visibility 100 feet, fog with hoar frost","Meteorological visibility for runway 14 800 metres, fog with hoar frost, RVR for runway 16 more than 1500 metres",A
Meteorology,4016,Given the following METAR: EDDM 250850Z 33005KT 2000 R26R/P1500N R26L/1500N BR SCT002 OVC003 05/05 Q1025 NOSIG,Visibility is reduced by water droplets,There is a distinct change in RVR observed,Runway 26R and runway 26L have the same RVR,RVR on runway 26R is increasing,A
Meteorology,4017,Which of the statements is true concerning squall lines ?,For severe squall lines a SIGMET is issued,Severe squall lines only occur in the tropics,For severe squall lines a TAF is issued,Severe squall lines always move from northwest to southeast,A
Meteorology,4018,The validity of a TAF is,stated in the TAF,2 hours,between 6 and 9 hours,9 hours from the time of issue,A
Meteorology,4019,If CAVOK is reported then,no low drifting snow is present,no clouds are present,low level windshear has not been reported,any CB's have a base above 5000 FT,A
Meteorology,4020,Runway visual range can be reported in,a METAR,a TAF,a SIGMET,both a TAF and a METAR,A
Meteorology,4021,SIGMET information is issued as a warning for significant weather to,all aircraft,light aircraft only,VFR operations only,heavy aircraft only,A
Meteorology,4022,A SPECI is,an aviation selected special weather report,an aviation routine weather report,a warning for special weather phenomena,a forecast for special weather phenomena,A
Meteorology,4023,On the European continent METARs of main airports are compiled and distributed with intervals of,0.5 hour,1 hour,2 hours,3 hours,A
Meteorology,4024,"The RVR, as reported in a METAR, is always the",value representative of the touchdown zone,"average value of the A-, B- and C-position","highest value of the A-, B- and C-position","lowest value of the A-, B- and C-position",A
Meteorology,4025,"At a weather station, at 0600 UTC, the air temperature and dew point are respectively: T = - 0,5°C,Td = -1,5°C.In the METAR message transmitted by this station, the """"temperature group"""" will be:",M00/M01,M01/M02,00/M01,M01/M01,A
Meteorology,4026,Compare the following TAF and VOLMET reports for Nice:TAF 240716 VRB02KT CAVOK =0920Z 13012KT 8000 SCT040CB BKN100 20/18 Q1015 TEMPO TS =What can be concluded from the differences between the two reports ?,That the weather at Nice is clearly more volatile than the TAF could have predicted earlier in the morning,That the weather conditions at 0920 were actually predicted in the TAF,That the weather in Nice after 0920 is also likely to be as predicted in the TAF,"That the VOLMET speaker has got his locations mixed up, because there is no way the latest VOLMET report could be so different from the TAF",A
Meteorology,4027,"Marseille Information gives you the following meteorological information for Ajaccio and Calvi for 1600 UTC :Ajaccio: wind 360°/2 kt, visibility 2000 m, rain, BKN stratocumulus at 1000 FT, OVC altostratus at 8000 FT, QNH 1023 hPa.Calvi: wind 040°/2 kt, visibility 3000 m, mist, FEW stratus at 500 FT, SCT stratocumulus at 2000 FT, OVC altostratus at 9000 FT, QNH 1023 hPa.The ceilings (more than 4 oktas) are therefore:",1000 FT at Ajaccio and 9000 FT at Calvi,1000 FT at Ajaccio and 500 FT at Calvi,8000 FT at Ajaccio and 9000 FT at Calvi,1000 FT at Ajaccio and 2000 FT at Calvi,A
Meteorology,4028,ATIS information contains,meteorological and operational information,only meteorological information,operational information and if necessary meteorological information,only operational information,A
Meteorology,4029,"(For this question use annex 050-2432A)At which airport, is the following weather development taking place? TAF 060716 25006KT 8000 BKN240 BECMG 0710 OVC200 BECMG 1013 23010KT 8000 OVC100 BECMG 1316 23014KT 6000 RA SCT030 OVC050 =",EDDL,LFPO,LOWW,LEMD,A
Meteorology,4030,(For this question use annex 050-2545A)What wind is forecast at FL 390 over Paris ?,210/40,240/20,030/40,190/40,A
Meteorology,4031,(For this question use annex 050-2547A)What is the average temperature at FL 160 between Oslo and Paris ?,-19°C,-23°C,-15°C,-25°C,A
Meteorology,4032,"(For this question use annex 050-2548A)What is the temperature deviation in degrees Celsius, from the International Standard Atmosphere overhead Frankfurt ?",ISA -4°C,ISA -12°C,ISA +12°C,ISA +4°C,A
Meteorology,4033,(For this question use annex 050-2549A)What is the speed of the front located over France ?,15 kt,25 kt,10 kt,30 kt,A
Meteorology,4034,(For this question use annex 050-2550A)Flight Munich to London. What is the direction and maximum speed of the jet stream affecting the route between Munich and London ?,220° / 120 kt,050° / 120 km/h,050° / 120 kt,230° / 120 m/sec,A
Meteorology,4035,(For this question use annex 050-2554A)Flight Shannon to London. What amount and type of cloud is forecast for the eastern sector of the route between Shannon and London at FL 220 ?,Well separated cumulonimbus,Overcast nimbo layered cumulonimbus,Scattered towering cumulus,Scattered castellanus,A
Meteorology,4036,(For this question use annex 050-2510A)In what height range and at what intensity could you encounter turbulence in CAT area n°2?,"From FL 220 to FL 400, moderate","From FL 240 to FL 370, light","From below FL 130 to FL 270, light","From FL 250 to FL 320, moderate",A
Meteorology,4037,(For this question use annex 050-2511A)At what flight level is the jet stream core that is situated over nothern Scandinavia ?,FL 280,FL 330,FL 360,FL 300,A
Meteorology,4038,"(For this question use annex 050-2512A)At which position could you encounter thunderstorms, and what is the maximum height of the CB clouds?","Position B, FL 270.","Position A, FL 200.","Position C, FL 200.","Position D, FL 290.",A
Meteorology,4039,(For this question use annex 050-2513A)At what approximate flight level is the tropopause over Frankfurt?,FL 330,FL 300,FL 350,FL 240,A
Meteorology,4040,(For this question use annex 050-2522A)Select from the map the wind for the route Zurich - London at FL 280.,220 / 60,250 / 80,040 / 60,160 / 90,A
Meteorology,4041,(For this question use annex 050-2523A)What is the average wind at FL 160 between Zurich and Rome ?,020/50,050/40,200/45,350/40,A
Meteorology,4042,(For this question use annex 050-2529A)The temperature at FL 330 overhead London will be,-45°C,-39°C,-33°C,-57°C,A
Meteorology,4043,"How may the correct wind speed be found, for a level, which is between two upper air chart levels? (e.g. wind at FL 250, when the 500 hPa and the 300 hPa chart are available).","By interpolation of the wind information available from the two charts, while also considering the maximum wind information found on the Significant Weather Chart.",By simple interpolation of wind information available from the two charts.,By reading wind direction and speed from the next higher chart.,By reading wind direction and speed from the 300 hPa chart.,A
Meteorology,4044,Why are indications about the height of the tropopause not essential for flight documentation in the tropics?,The tropopause is generally well above the flight level actually flown.,The meteorological services are unable to provide such a chart.,The temperatures of the tropical tropopause are always very cold and therefore not important.,Tropopause informations are of no value.,A
Meteorology,4045,"(For this question use annex 050-2493A)Over Madrid, what intensity of turbulence and icing is forecast at FL 200 ?","Moderate turbulence, moderate icing","Moderate turbulence, light icing","Severe turbulence, moderate icing","Severe turbulence, severe icing",A
Meteorology,4046,"(For this question use annex 050-2496A)Which airport, at 1200 UTC, has the lowest probability of precipitation?",LSZH,ESSA,ENFB,EFHK,A
Meteorology,4047,(For this question use annex 050-2503A)Over Paris at what height would you expect to find the tropopause according to the map?,30000 FT,33000 FT,15000 FT,28000 FT,A
Meteorology,4048,(For this question use annex 050-2504A)What is the optimum flight level between Rome and Paris according to the significant weather chart?,FL 220,FL 340,FL 160,FL 360,A
Meteorology,4049,"(For this question use annex 050-2505A)Flight Zurich to Rome, ETD 1600 UTC, ETA 1800 UTC. At what flight level would you first expect to encounter clear air turbulence on the climb out from Zurich?",FL 220,FL 160,FL 320,FL 140,A
Meteorology,4050,(For this question use annex 050-2506A)What is the approximate height of the tropopause between Munich and Helsinki?,FL 340,FL 280,FL 300,FL 390,A
Meteorology,4051,(For this question use annex 050-2509A)You are flying from Munich to Amsterdam. Which of the following flight levels would you choose in order to avoid turbulence and icing?,FL 260,FL 320,FL 180,FL 140,A
Meteorology,4052,"(For this question use annex 050-2053A)What is the wind direction and speed at 3 000 FT overhead position """"Q"""" at 0600 UTC?",270° 30 kt.,270° 15 kt.,240° 25 kt.,240° 20 kt.,A
Meteorology,4053,(For this question use annex 050-2433A) What weather conditions are expected at Paris airport (LFPO) around 0550 UTC?,23014KT 3000 +RA SCT008 OVC025 15/13 Q1004 NOSIG =,26012KT 9999 SCT025 SCT040 14/09 Q1018 TEMPO 5000 SHRA =,22020G36KT 1500 TSGR SCT004 BKN007 BKN025CB 18/13 Q1009 BECMG NSW =,20004KT 8000 SCT110 SCT250 22/08 Q1016 NOSIG =,A
Meteorology,4054,"(For this question use annex 050-2555A)Over Amsterdam, what amount and general type of cloud would you expect at FL 160 ?",Mainly 5 to 8 oktas of stratiform cloud in layers,4 oktas broken cumulus,Isolated cumulonimbus only,5 to 7 oktas towering cumuliform cloud and with moderate turbulence,A
Meteorology,4055,(For this question use annex 050-2556A)To what extent is Munich covered by clouds ?,5 to 8 oktas,1 to 4 oktas,5 to 7 oktas,3 to 5 oktas,A
Meteorology,4056,(For this question use annex 050-2558A)What OAT would you expect at FL 200 over Geneva ?,-24°C,-20°C,-16°C,-28°C,A
Meteorology,4057,(For this question use annex 050-3030A)To which aerodrome is the following TAF most applicable ?TAF 231019 24014KT 6000 SCT030 BKN100 TEMPO 1113 25020G38KT 2500 +TSRA SCT008 BKN025CB BECMG 1315 28012KT 9999 SCT025 TEMPO 5000 SHRA BKN020 BECMG 1719 27008KT 9999 SCT030,LOWW,LFPG,LEMD,EKCH,A
Meteorology,4058,(For this question use annex 050-4362A)At which airport is the following weather development taking place?TAF 231322 24014G32KT 4000 +TSRA SCT005 BKN015 BKN020CB BECMG 1416 29012KT 9999 BKN030TCU SCT100 TEMPO 8000 SHRA BKN025TCU BECMG 1922 27012KT 9999 SCT030 OVC220 =,EINN,ESSA,LSZH,EKCH,A
Meteorology,4059,(For this question use annex 050-4363A)Which of the following weather conditions would be expected at Athens Airport (LGAT) at around 1450 UTC?,21002KT 6000 BR SCT040 29/16 Q1026 NOSIG =,16002KT 0200 R33L/0600N FG VV001 12/12 Q1031 BECMG 0800 =,26014KT 8000 BKN090 17/12 Q1009 BECMG 4000 =,23018G35KT 9999 SCT035 10/04 Q0988 NOSIG =,A
Meteorology,4060,(For this question use annex 050-4364A)Which airport is most likely to have fog in the coming night?,LSZH,ENFB,EKCH,ESSA,A
Meteorology,4061,(For this question use annex 050-4365A)Select from the map the average wind for the route Zurich - Rome at FL110.,230/10,200/30,040/10,250/20,A
Meteorology,4062,(For this question use annex 050-4366A)Select from the map the average temperature for the route Zurich - Rome at FL 110.,-9°C,-12°C,-6°C,+5°C,A
Meteorology,4063,"(For this question use annex 050-4367A)Look at the chart. Assuming a normal vertical temperature gradient, at what altitude will the freezing level above Shannon be found?",FL 60,FL 20,FL 140,FL 120,A
Meteorology,4064,(For this question use annex 050-4368A)Select from the map the average wind for the route Frankfurt - Rome at FL 170.,230/40,200/50,050/40,030/35,A
Meteorology,4065,"(For this question use annex 050-4369A)Assuming a normal vertical temperature gradient, at what altitude will the freezing level above Tunis be found?",FL 100,FL 20,FL 180,FL 260,A
Meteorology,4066,(For this question use annex 050-4370A)What is the mean temperature deviation from ISA for the Frankfurt - Rome route?,4°C colder than ISA,4°C warmer than ISA,10°C colder than ISA,10°C warmer than ISA,A
Meteorology,4067,(For this question use annex 050-4371A)Select from the map the average wind for the route Athens - Geneva at FL 160.,240/40,210/25,260/40,050/35,A
Meteorology,4068,(For this question use annex 050-4372A)Select from the map the average temperature for the route Athens - Geneva at FL 150.,-14°C,-21°C,-11°C,-27°C,A
Meteorology,4069,(For this question use annex 050-4373A)What is the deviation of the temperature at FL 140 above Copenhagen compared to ISA?,8°C colder than ISA,4°C warmer than ISA,8°C warmer than ISA,12°C colder than ISA,A
Meteorology,4070,(For this question use annex 050-4374A)Select from the map the average wind for the route Zurich - Hamburg at FL 240.,230/20,020/20,200/15,260/25,A
Meteorology,4071,(For this question use annex 050-4375A)Select from the map the average temperature for the route Zurich - Lisboa at FL 200.,-33°C,-30°C,-41°C,-49°C,A
Meteorology,4072,(For this question use annex 050-4376A)Select from the map the average wind for the route Shannon - Lisboa at FL 290.,360/80,030/70,190/75,340/90,A
Meteorology,4073,(For this question use annex 050-4377A)Select from the map the average temperature for the route Geneva -Stockholm at FL 260.,-47°C,-51°C,-55°C,-63°C,A
Meteorology,4074,"(For this question use annex 050-4378A)On which of the following routes can you expect icing to occur, on the basis of the chart?",Rome - Frankfurt,Hamburg - Oslo,Tunis - Rome,Copenhagen - Helsinki,A
Meteorology,4075,"8/8 stratus base 200 FT/AGL is observed at sunrise at an aerodrome in the north of France, the QNH is 1028 hPa and there is a variable wind of 3 kt.What change in these clouds is likely at 12:00 UTC in summer and winter?","Winter: OVC base 500 FT/AGL, summer SCT base 3000 FT/AGL.","Winter: clear sky, summer BKN CB base 1500 FT/AGL.","Winter: BKN base 2500 FT/AGL, summer BKN base 3500 FT/AGL.","Winter: SCT base 3000 FT/AGL, summer OVC base 500 FT/AGL.",A
Meteorology,4076,"(For this question use annex 050-4379A)Looking at the chart, at what altitude above Frankfurt would you expect the tropopause to be located?",FL 310,FL 350,FL 250,FL 280,A
Meteorology,4077,"(For this question use annex 050-4380A)If you are flying from Zurich to London at FL 220, what conditions can you expect at cruising altitude?",Scattered thunderstorms,"Flight largely in cloud, no turbulence",Prolonged severe turbulence and icing throughout the flight,CAT for the first half of the flight,A
Meteorology,4078,(For this question use annex 050-4381A)Which of the following statements is true?,The front to the north of Frankfurt is moving north-east at about 5 kt,The jet stream above Italy has a maximum speed of 120 km/h,Thunderclouds have formed over the Iberian peninsula extending to some 25000 meters,There is no significant cloud above Rome,A
Meteorology,4079,(For this question use annex 050-4382A)On which of these routes would you not have to worry about turbulence at FL 340?,Shannon - Hamburg,Zurich - Rome,Zurich - Athens,Rome - Berlin,A
Meteorology,4080,"(For this question use annex 050-4383A)If you are flying from Zurich to Stockholm at FL 240, what conditions can you expect at cruising altitude?","Largely free of cloud, moderate icing half way along the route","Cloud most of the way, little chance of CAT",Scattered thunderstorms,Out of cloud throughout the flight,A
Meteorology,4081,"(For this question use annex 050-4384A)Judging by the chart, what windspeeds can you expect at FL 340 above Rome?",145 kt,340 kt,95 kt,140 km/h,A
Meteorology,4082,"(For this question use annex 050-4385A)Judging by the chart, on which of these routes can you expect to encounter moderate and locally severe CAT at FL 300?",Zurich - Rome,London - Zurich,Zurich - Copenhagen,Paris - Bordeaux,A
Meteorology,4083,"(For this question use annex 050-4386A)If you are flying from Zurich to Shannon at FL 340, where will your cruising altitude be?",Constantly in the stratosphere,Constantly in the troposhere,First in the troposphere and later in the stratosphere,In the stratosphere for part of time,A
Meteorology,4084,(For this question use annex 050-4387A)Which of these statements is true?,Scattered thunderstorms can be expected over France,Freezing level above Madrid is higher than FL 120,The front to the north of London is moving south,Turbulence is likely to be encountered at FL 410 over Madrid,A
Meteorology,4085,(For this question use annex 050-4388A)On which of these routes would you not need to worry about icing at FL 180?,Hamburg - Stockholm,Zurich - Madrid,Zurich - Hamburg,Zurich - Vienna,A
Meteorology,4086,A pilot is warned of severe icing at certain flight levels by information supplied in,SWC and SIGMET,TAF and METAR,METAR and SIGMET,TAF and SIGMET,A
Meteorology,4087,What units are used to report vertical wind shear?,kt/100 FT.,kt.,m/100 FT.,m/sec.,A
Meteorology,4088,Which of the following weather reports is a warning of conditions that could be potentially hazardous to aircraft in flight ?,SIGMET.,ATIS.,SPECI.,TAF.,A
Meteorology,4089,In which of the following circumstances is a SIGMET issued ?,Marked mountain waves.,Fog or a thunderstorm at an aerodrome.,Clear ice on the runways of an aerodrome.,A sudden change in the weather conditions contained in the METAR.,A
