chapter,question_number,question_text,option_a,option_b,option_c,option_d,correct_answer,explanation
Operational Procedures,4903,"Selecting an alternate aerodrome the runway of this facility must be sufficiently long to allow a full stop landing from 50 ft above the threshold (jet type aircraft, dry runway) within:",60% of the landing distance available.,70% of the landing distance available.,80% of the landing distance available.,50% of the landing distance available.,A,"Under commercial aviation regulations, a turbojet aircraft dispatching to a destination or alternate aerodrome with a dry runway must be able to come to a full stop within 60% of the Landing Distance Available (LDA). This regulatory requirement applies a safety factor of 1.67 to account for operational variables such as touchdown point variation and pilot technique. Consequently, the planned landing distance required must not exceed 60% of the available runway length for dispatch."
Operational Procedures,4904,Flight crew members on the flight deck shall keep their safety belt fastened:,while at their station.,only during take off and landing.,only during take off and landing and whenever necessary by the commander in the interest of safety.,from take off to landing.,A,"According to aviation regulations, flight crew members on duty must keep their safety belt fastened at all times while at their station. While shoulder harnesses can be released during the cruise phase of flight for comfort, the lap belt must remain secured to protect against unexpected turbulence. Therefore, whenever a pilot is occupying their seat on the flight deck, the safety belt must be fastened."
Operational Procedures,4905,Who shall provide the flight operations personal with a operations manual and also issue the amendments to keep it up to date?,Aircraft operator.,Aircraft producer.,Owner of the aircraft.,ATS authority of the state of registry.,A,"Under international aviation regulations, the aircraft operator holds the ultimate responsibility for the safe conduct of flights and regulatory compliance. Therefore, the operator is legally required to provide its operational personnel with an Operations Manual that reflects its specific company procedures and policies. While manufacturers supply the base aircraft flight manual, the operator must manage, update, and distribute all amendments to keep the operational documentation current."
Operational Procedures,4906,The recent experience conditions of a captain assigned to a flight on an aircraft by an operator must not be less than :,3 take-offs and 3 landings as pilot in command on this type of aircraft during the last 90 days,6 take-offs and 6 landings as pilot in command on this type of aircraft during the last 90 days,6 take-offs and 6 landings as pilot in command on this type of aircraft during the last 6 months,3 take-offs and 3 landings as pilot in command on this type of aircraft during the last 6 months,A,"According to aviation safety regulations, such as EASA Air OPS, a pilot must maintain recent operational experience to ensure proficiency before acting as pilot-in-command on a flight. To satisfy this currency requirement, the captain must have performed at least three take-offs and three landings as the pilot flying in the same aircraft type or an approved simulator within the preceding 90 days. Failing to meet this 90-day window means the pilot is no longer considered current and must undergo retraining or a supervised flight to regain currency."
Operational Procedures,4907,The standby power supply powering the standby artificial horizon must be operable on board any aircraft of more than 5700 kg or more than 9 passengers during at least :,30 minutes.,60 minutes.,15 minutes.,2 hours.,A,"According to aviation regulations, aeroplanes with a maximum take-off mass over 5,700 kg or a passenger capacity of more than 9 must have a standby attitude indicator powered by an independent emergency source. This standby power supply must be capable of operating the instrument continuously for at least 30 minutes following a total failure of the normal electrical generating system. This critical timeframe ensures the flight crew retains essential attitude reference long enough to safely control and land the aircraft."
Operational Procedures,4908,A life jacket is mandatory for any passenger on board an aircraft flying away from the shore by more than :,50 NM,100 NM,200 NM,400 NM,A,"According to aviation regulations, landplanes operated over water must carry a life jacket for each person on board when flying at a distance of more than 50 NM from land suitable for making an emergency landing. This mandatory requirement ensures that immediate flotation equipment is available to all passengers in the event of an emergency ditching far from the coast. Therefore, 50 NM represents the strict regulatory threshold beyond which life jackets are legally required."
Operational Procedures,4909,"On overwater flights, an operator shall not operate an aeroplane at a distance away from land, which is suitable for making a emergency landing greater than that corresponding to :",400 NM or 120 minutes at cruising speed.,300 NM or 90 minutes at cruising speed.,200 NM or 45 minutes at cruising speed.,100 NM or 30 minutes at cruising speed.,A,"According to aviation regulations, the maximum distance a multi-engine aeroplane can operate from land suitable for an emergency landing without triggering stricter extended-range (ETOPS) requirements or mandatory carriage of additional survival equipment is 400 NM or 120 minutes at cruising speed. This threshold is established to ensure that aircraft remain within a safe flying distance to a diversion airfield during standard overwater flights. Therefore, Option A represents the correct regulatory limit for these operations."
Operational Procedures,4910,The minimum time track is a track defined for :,a given travel,a period of 12 hours,a period of 24 hours,aircraft flying in MNPS airspace,A,"A minimum time track (MTT) is a flight path mathematically calculated to achieve the shortest possible flight duration between a specific departure and destination, which constitutes a given travel. While meteorological data and track structures are updated at regular intervals, the MTT itself is inherently defined for a specific journey based on the prevailing wind conditions."
Operational Procedures,4911,The term decision height (DH) is used for :,a precision approach.,a conventional approach.,an indirect approach.,a conventional approach followed by a visual maneuver.,A,"Decision Height (DH) is a specified height on a precision approach at which a pilot must initiate a missed approach if the required visual reference to continue has not been established. In contrast, non-precision or conventional approaches use a Minimum Descent Height (MDH), which allows for level flight at that minimum altitude."
Operational Procedures,4912,"Who checks, before flight, that the aircraft's weight is such that flight can be safely made, and that any transported cargo is properly distributed and secured? (Annex 6, Part I)",The captain.,The operator.,"The mechanic on board, or in his absence the co-pilot.",The company's cargo technicians.,A,"According to ICAO Annex 6, Part I, the pilot-in-command (the captain) holds the ultimate responsibility for the safety of the flight, its crew, passengers, and cargo. Consequently, the captain must verify prior to departure that the aircraft's weight and balance are within certified limits and that all cargo is properly distributed and secured. While ground staff may assist with loading, the final legal accountability for flight safety always rests with the commander."
Operational Procedures,4913,"For twin-engined aircraft, the take-off alternate shall be located at a distance that : (Annex 6, Part I)","Does not exceed the equivalent of one hour of flight time, at cruising speed with only one engine operative.","Does not exceed the equivalent of two hours of flight time, at cruising speed with only one engine operative.",Does not exceed the equivalent of one hour of flight time at cruising speed all engines operating.,Does not exceed the equivalent of two hour of flight time at cruising speed all engines operating.,A,"According to ICAO Annex 6, Part I, a take-off alternate must be selected if weather conditions at the departure aerodrome are below the applicable landing minima. For twin-engined aircraft, this alternate must be located within a distance equivalent to one hour of flight time at the one-engine-inoperative cruising speed in still air. This safety standard ensures that the aircraft can safely reach a diversion airport in the event of an engine failure immediately after departure."
Operational Procedures,4914,"One shall not initiate any flight made in accordance with instrument flight rules unless the available information indicates that the conditions at the aerodrome of predicted destination or, at an aerodrome of alternative destination, are: (Annex 6, Part I)",At the predicted time of arrival equal to or better than the minimum conditions required for aerodrome use.,At the predicted time of take-off equal to or better than the minimum conditions required for aerodrome use.,"At the predicted time of arrival, and for a reasonable period before and after such a predicted time, equal to or better than the minimum conditions required for aerodrome use.",At the predicted time of arrival better than the minimum conditions required for aerodrome use.,A,"According to ICAO Annex 6, Part I, an IFR flight must not be commenced unless the latest meteorological information indicates that conditions at the destination, or at least one destination alternate, will be at or above the established operating minima at the estimated time of arrival. This baseline international standard focuses specifically on the predicted time of arrival without mandating a pre-flight time buffer for the destination itself. Therefore, the weather must simply be equal to or better than the required aerodrome minima at that expected arrival time."
Operational Procedures,4915,"When refueling is being performed while passengers are boarding or disembarking the aircraft, it is necessary that: (Annex 6, Part I)",Communications be maintained between ground personnel and qualified personnel on board.,The aircraft's stairs be completely extended.,Refueling is prohibited while passengers are boarding and/or disembarking.,All the flight crew be on board.,A,"According to ICAO Annex 6, Part I, refueling while passengers are boarding or disembarking is permitted only if continuous two-way communication is maintained between the ground crew and qualified personnel on board. This communication link is critical to ensure that in the event of an emergency, such as a fuel spill or fire, immediate action can be coordinated to halt the operation and initiate a rapid passenger evacuation."
Operational Procedures,4916,"The operator will include in the operations manual a list of minimum required equipment approved by : (Annex 6, Part I)",The country of the operator.,The country where the aircraft was manufactured.,The country where the aircraft is operated.,It is not mandatory that such a book be approved by aviation authorities.,A,"According to ICAO Annex 6, Part I, the State of the Operator holds the primary responsibility for the safety oversight and operational certification of its air carriers. Consequently, the Minimum Equipment List (MEL) included in the operations manual must be approved by the aviation authority of the country of the operator. This ensures the operator complies with the specific regulatory standards of the state responsible for issuing and maintaining their Air Operator Certificate (AOC)."
Operational Procedures,4917,"Aircraft using a VFR flight plan in controlled airspace shall be equipped: (Annex 6, Part I)",As is necessary for aircraft that operate in accordance with instrument flight rules.,Only as is necessary for aircraft that make VFR flights.,With more anti-icing and/or de-icing devices (if one expects icy conditions).,"As is necessary for aircraft that make VFR flights, and such aircraft must also possess indicators of attitude and course, along with a precise barometric altimeter.",A,"According to ICAO Annex 6, Part I, any aircraft operating under visual flight rules (VFR) as a controlled flight within controlled airspace must be equipped to the same standards as an aircraft operating under instrument flight rules (IFR). This requirement ensures that VFR aircraft have the necessary flight, navigation, and communication instruments to safely integrate with IFR traffic and comply with air traffic control instructions. Therefore, option A is the correct standard."
Operational Procedures,4918,The M.E.L. (Minimum Equipment List) is drawn up by :,the operator,the manufacturer,the aircraft manufacturer's list,the aircraft state of registry,A,"The Minimum Equipment List (MEL) is drawn up by the aircraft operator to customize operations to their specific routes and fleet configuration, using the manufacturer's Master Minimum Equipment List (MMEL) as a baseline. While the MMEL is created by the manufacturer, the operator must produce their own MEL, which cannot be less restrictive than the MMEL. This operator-created document is then submitted to the civil aviation authority for final approval before use."
Operational Procedures,4919,The M.M.E.L. (Master Minimum Equipment List) is drawn up by :,the manufacturer.,the operator.,the aircraft manufacture'rs list.,the aircraft state of registry.,A,"The Master Minimum Equipment List (MMEL) is established and drawn up by the aircraft manufacturer (the Type Certificate holder) as the baseline document detailing which systems and equipment can be temporarily inoperative while still maintaining safe flight operations. Individual operators then use this manufacturer-provided MMEL as the foundation to create their own, more restrictive Minimum Equipment List (MEL) for approval by their local authority."
Operational Procedures,4920,"The regulatory green navigation light is located on the starboard wing tip, with a coverage angle of :",110°.,140°.,70°.,220°.,A,"According to aviation regulations, the starboard green navigation light must project an unbroken beam of light from dead ahead to 110° to the right. This, combined with the port red light covering 110° and the white tail light covering 140°, ensures a full 360° of coverage around the aircraft for collision avoidance."
Operational Procedures,4921,Flight data recorders must keep the data and parameters recorded during at least the last :,25 hours of operation.,30 hours of operation.,flight.,48 hours of operation.,A,"According to commercial aviation regulations, such as EASA CAT.IDE.A.190, flight data recorders installed on transport category aircraft must be capable of retaining recorded data for at least the last 25 hours of operation. This duration ensures that a comprehensive history of flight parameters is preserved across multiple flight sectors to assist investigators in the event of an incident. Consequently, any recorded data older than 25 hours of system operation is systematically overwritten."
Operational Procedures,4922,"For aircraft certified before the 1 april 1998, cockpit voice recorder must keep the conversations and sound alarms recorded during the last :",30 minutes of operation.,25 hours of operation.,flight.,48 hours of operation.,A,"Under older aviation regulations, such as JAR-OPS, transport category aircraft certified before 1 April 1998 are only required to have a cockpit voice recorder (CVR) capable of retaining the last 30 minutes of operation. This grandfathering rule allowed older magnetic tape technology to remain compliant, whereas later certification standards mandated longer recording durations of 2 hours or more."
Operational Procedures,4923,"On board a non-pressurized aircraft, the crew and all the passengers must be fed with oxygen throughout the flight period during which the pressure altitude is greater than :",13 000 ft,12 000 ft,11 000 ft,10 000 ft,A,"For non-pressurized aircraft, regulations stipulate that supplemental oxygen must be provided to all occupants when the aircraft operates at pressure altitudes above 13,000 ft for the entire duration of the flight. Below this altitude, oxygen requirements apply only to flight crew members for flights exceeding specific durations or at lower altitudes for extended periods."
Operational Procedures,4924,"On board a non-pressurized aircraft, 10% of the passengers must be supplied with oxygen throughout the period of flight, reduced by 30 minutes, during which the pressure altitude is between :",10 000 ft and 13 000 ft,10 000 ft and 12 000 ft,11 000 ft and 13 000 ft,11 000 ft and 12 000 ft,A,"According to EASA Part-CAT regulations, oxygen must be provided for 10% of passengers when the aircraft is operated at pressure altitudes between 10,000 ft and 13,000 ft. For this specific range, the supply must cover the entire flight duration minus the first 30 minutes."
Operational Procedures,4925,"On board a pressurized aircraft, a flight shall be undertaken only if the aircraft is provided with an oxygen reserve enabling all the crew members and part of the passengers to be supplied with oxygen in the event of a cabin depressurization, throughout the flight period, during which the pressure altitude is greater than :",10 000 ft.,11 000 ft.,12 000 ft.,13 000 ft.,A,"Regulatory requirements mandate that oxygen supply systems for pressurized aircraft must be sufficient to protect occupants if cabin altitude exceeds 10,000 ft. This threshold is established to prevent the onset of hypoxia and ensure safety during an emergency depressurization event."
Operational Procedures,4926,"For the flight crew members, quickly-fitted oxygen masks are compulsory on board any pressurized aircraft flying at a pressure altitude greater than :",25 000 ft,13 000 ft,29 000 ft,10 000 ft,A,"According to EASA and ICAO regulations, flight crew members must have quick-donning oxygen masks immediately available when operating pressurized aircraft above FL250. This requirement ensures that in the event of a rapid decompression, the crew can secure supplemental oxygen within the required five-second time-of-useful-consciousness window."
Operational Procedures,4927,A recent aircraft must be provided with a flight data recorder when its certified take-off gross weight is greater than :,5 700 kg,14 000 kg,20 000 kg,27 000 kg,A,"According to ICAO Annex 6, all turbine-engined aeroplanes with a maximum certificated take-off mass in excess of 5,700 kg are required to be equipped with a flight data recorder. This regulation ensures a minimum standard of safety and accident investigation capability for commercial operations involving aircraft of this size and above."
Operational Procedures,4928,"The coverage angle of the regulatory white position lights, continuously lit in flight and located at the rear of the aircraft, is :",140°,110°,70°,220°,A,"According to ICAO Annex 2, the rear white position light must be visible through a dihedral angle of 140 degrees. This light is positioned so that it displays an unbroken light symmetrically behind the aircraft, covering the sector not occupied by the red and green side lights."
Operational Procedures,4929,"During a night flight, an observer located in the cockpit, seeing an aircraft coming from the front left, will first see the :",green steady light,red steady light,white steady light,green flashing light,A,"According to standard aviation navigation light rules, the red light is on the left wingtip and the green light is on the right wingtip. If an aircraft is approaching from your front left, you are seeing its right side, which displays the green steady navigation light."
Operational Procedures,4930,The JAR-OPS is based on :,ICAO Appendix 6,The air transport rules,The Federal Aviation Requirements (FAR),A JAA guideline,A,"JAR-OPS regulations were developed to provide a harmonized set of requirements for commercial air transport across member states. These regulations are fundamentally based on the Standards and Recommended Practices (SARPs) defined in ICAO Annex 6, which covers the operation of aircraft."
Operational Procedures,4931,"During a night flight, an observer located in the cockpit, seeing an aircraft coming from the front right right, will first see the :",red steady light,green steady light,white steady light,green flashing light,A,"According to standard navigation light requirements, an aircraft displays a red light on its left wingtip and a green light on its right wingtip. Because the other aircraft is approaching from your right, its left wing (the red light) is the side oriented toward your cockpit."
Operational Procedures,4932,"The coverage angle of the regulatory red position light, continuously lit in flight and located at the tip of the left wing is :",110°,140°,70°,220°,A,"According to international aviation regulations, the red position light on the left wing must be visible through an arc of 110 degrees. This specific coverage ensures the light is displayed from directly ahead to 110 degrees to the left, allowing other pilots to determine the aircraft's relative heading during night operations."
Operational Procedures,4933,"For turbo-jet aircraft, in the flight preparation stage, the landing distance at the scheduled destination aerodrome shall be less than the available landing distance multiplied by a factor of :",0.6,0.7,0.5,0.8,A,"For turbo-jet aircraft, safety regulations require that the landing distance at the destination must allow for a margin of error due to variables like runway conditions and weather. Applying a factor of 0.6 ensures that the required landing distance is no more than 60% of the available landing distance, providing a sufficient safety buffer for a full-stop landing."
Operational Procedures,4934,"For turbo-propeller aircraft, in the flight preparation stage, the landing distance on at alternate aerodrome shall be less than the available landing distance multiplied by a factor of :",0.7,0.6,0.5,0.8,A,"For turbo-propeller aircraft, the regulations require that the landing distance at the alternate aerodrome must not exceed 70% of the landing distance available. This 0.7 factor provides a necessary safety margin to account for variations in runway surface conditions and pilot technique during arrival at an alternate airport."
Operational Procedures,4935,"The validity period of a """"certificate of airworthiness"""" varies with the conditions under which the aircraft is maintained.If the maintenance is carried out according to an approved programme and done in a maintenance shop approved by the Minister of Civil Aviation, the validity period is:",three years.,three years for public transport aircraft and one year for the others.,three years for public transport aircraft and five years for the others.,three years if the aircraft has not undergone major modifications.,A,"When an aircraft is maintained under an approved maintenance programme by a facility certified by the Civil Aviation Authority, the certificate of airworthiness is granted a standard three-year validity period. This regulatory provision recognizes that the stringent oversight and maintenance standards ensure the aircraft remains in a condition for safe operation for the duration of that timeframe."
Operational Procedures,4936,The first part of the JAR-OPS applies to:,the operation by a state member of the JAA of any civil commercial transport aircraft.,the aircraft proceeding from European states or flying over them.,"the aircraft used by police, customs and defense departments.",the operation by a state member of the JAA of any civil aircraft.,A,"JAR-OPS Part 1 was established to standardize the regulatory requirements for the commercial air transport operations of airplanes within JAA member states. It specifically excludes non-commercial operations, as well as specialized services like police, customs, or military flights."
Operational Procedures,4937,Information concerning evacuation procedures can be found in the :,operation manual.,flight manual.,journey logbook.,operational flight plan.,A,"The Operations Manual contains the specific standard operating procedures, including emergency and evacuation drills, tailored to the operator's aircraft and safety policies. While the Flight Manual focuses on aircraft technical performance, the Operations Manual provides the detailed procedural guidance necessary for flight crews to execute evacuations effectively."
Operational Procedures,4938,"An operator must ensure that, for the duration of each flight, be kept on the ground a copy of the :",operation flight plan.,ATC (Air Traffic Control) flight plan.,flight plan processing.,flight route sheet.,A,"The operational flight plan contains essential data regarding fuel planning, performance, and route details necessary for flight monitoring. Regulations require that a copy of this document be retained on the ground throughout the flight to ensure support staff can assist in emergencies or operational contingencies."
Operational Procedures,4939,"An operator must ensure that for the duration of each flight, be kept on the ground, if required:",a copy of the weight and balance sheet.,a copy of the calculated take-off performances.,the calculation of the airborne fuel quantity.,the aircraft equipment report (logbook).,A,"Regulatory requirements mandate that a copy of the final load sheet, including weight and balance details, must be retained on the ground for the duration of the flight. This ensures that ground personnel and authorities have immediate access to critical safety data in the event of an incident or for operational verification."
Operational Procedures,4940,"After an accident, the operator of an airplane equipped with a flight recorder must keep the original recordings for a minimum period of:",60 days.,30 days.,90 days.,45 days.,A,"According to ICAO Annex 6, operators are required to preserve the original flight recorder recordings for a minimum of 60 days following an accident or serious incident. This retention period ensures that crucial data remains available for the duration of the initial investigation and potential regulatory review."
Operational Procedures,4941,"During a flight, the chief steward informs the crew that a passenger is using a portable device suspected to disburb the aircraft electronic systems. The captain:",must not authorize any person to use such a device on board.,authorizes its use except during take-off and landing phases.,authorizes its use during the whole flight phase.,"may authorize the use of this device, as an exception.",A,"If a portable electronic device is suspected of interfering with the aircraft's communication or navigation systems, the captain has no authority to allow its operation. Safety regulations mandate that any device posing a risk to the aircraft's electronic environment must be prohibited to ensure the continued airworthiness and safe conduct of the flight."
Operational Procedures,4942,"Each flight is subject to a preliminary file collecting a certain amount of information. The operator will see that this file is kept on ground. It contains more particularly:1 - the weather conditions for the day including the weather forecast at destination,2 - one copy of the operational flight plan and, if required, the weight and balance sheet,3 - copies of the relevant parts of the aircraft's materiel report,4 - the en-route NOTAM documentation when specifically issued by the operator,5 - notification for special loadings,6 - for each flight, details of the day's performances and limitations with completed charts.The combination regrouping all the correct statements is:","2,3,4,5","1,2,3,4,5,6","1,3,5","2,4",A,"The preliminary flight file is required by regulation to contain documentation essential for operational control and safety, such as the flight plan, load sheet, and relevant NOTAMs. Items 1 and 6 are excluded from this specific ground file requirement because weather briefings and performance calculations are operational tasks conducted during the pre-flight planning phase rather than static file components. Therefore, the list of mandatory records is correctly limited to options 2, 3, 4, and 5."
Operational Procedures,4943,"In accordance with JAR-OPS 1, an operator shall ensure that all relevant operational and technical information for a individual flight is preserved on ground for a predetermined period of time. Consequently, if practicable, a copy of the operational flight plan shall be retained, during at least :",3 months,12 months,15 months,24 months,A,JAR-OPS 1 requires operators to retain essential operational flight documentation to ensure accountability and facilitate potential investigations. A minimum retention period of 3 months for the operational flight plan is mandated to allow sufficient time for any necessary audits or post-flight reviews.
Operational Procedures,4944,The captain is asked by the authority to present the documents of the aircraft. He,"must do so, within a reasonable period of time.",can request a delay of 48 hours.,can refuse to present them.,can only do so after having consulted the operator.,A,"ICAO standards and national aviation regulations dictate that the pilot-in-command must make required aircraft documents available for inspection by authorized authorities upon request. While the documents must be presented, ""a reasonable period of time"" accounts for practical constraints, such as if the documents are currently stored in a secure location or if the pilot is in the middle of urgent flight duties."
Operational Procedures,4945,"The """"NO SMOKING"""" sign must be illuminated :",when oxygen is being supplied in the cabin.,during climb and descent.,in each cabin section if oxygen is being carried.,during take off and landing.,A,"Oxygen supports and accelerates combustion, creating a significant fire hazard if a heat or ignition source is present. Therefore, the ""NO SMOKING"" sign must be illuminated whenever oxygen is being supplied in the cabin to ensure passenger safety and mitigate the risk of fire."
Operational Procedures,4946,A category II precision approach (CAT II) is an approach with :,a decision height of at least 100 ft,a decision height of at least 200 ft,a decision height of at least 50 ft,no decision height,A,A CAT II approach is defined as a precision instrument approach with a decision height lower than 200 feet but not lower than 100 feet. This classification serves to bridge the gap between standard precision approaches and the much lower minimums associated with CAT III operations.
Operational Procedures,4947,A category III C precision approach (CAT III C) is an approach with :,no runway visual range limits,a runway visual range of at least 50 m,a runway visual range of at least 200 m,a runway visual range of at least 350 m,A,"A Category III C approach is defined as an operation down to and along the runway surface without a requirement for specific runway visual range (RVR) minimums. Consequently, it allows for landings in conditions of zero visibility where no visual reference is required for the landing or rollout."
Operational Procedures,4948,A category I precision approach (CAT I) is an approach which may be carried out with a runway visual range of at least :,550 m,350 m,800 m,500 m,A,"A CAT I precision approach is defined by an ILS or MLS procedure with a decision height not lower than 200 feet. According to ICAO and EASA operational standards, the minimum required visibility for this category is a runway visual range of 550 meters."
Operational Procedures,4949,A category III A precision approach (CAT III A) is an approach which may be carried out with a runway visual range of at least :,200 m,100 m,250 m,50 m,A,"A CAT III A approach is defined by a runway visual range (RVR) of not less than 200 meters, typically with no decision height or a decision height lower than 100 feet. This classification sits between CAT II and CAT III B operations, providing the minimum visibility requirements necessary for an aircraft to perform an automatic landing."
Operational Procedures,4950,A category III B precision approach (CAT III B) is an approach which may be carried out with a runway visual range of at least :,75 m,150 m,250 m,200 m,A,"A CAT III B approach is defined by the ability to conduct operations with a decision height below 50 feet and a runway visual range (RVR) as low as 75 meters. This capability allows aircraft to land in extremely low visibility conditions where visual reference is minimal or absent until the final moments of the rollout. Options B, C, and D reflect the RVR requirements for CAT III A, CAT II, and CAT I approaches, respectively."
Operational Procedures,4951,A category I precision approach (CAT I) has :,a decision height equal to at least 200 ft.,a decision height equal to at least 100 ft.,a decision height equal to at least 50 ft.,no decision height.,A,"A Category I precision approach is defined by an Instrument Landing System (ILS) with a decision height not lower than 200 feet above the runway threshold. Any decision height below 200 feet would classify the operation as Category II or III, which require significantly higher levels of equipment redundancy and crew certification."
Operational Procedures,4952,A category D aircraft can carry out an indirect approach followed by a visual maneuver only if the horizontal visibility is higher than or equal to :,3600 m,2400 m,1600 m,1500 m,A,"According to ICAO PANS-OPS criteria, a circling approach requires specific meteorological minima based on the aircraft category to ensure safe terrain clearance during visual maneuvering. For a Category D aircraft, the prescribed minimum visibility for a circling maneuver is 3600 meters to provide adequate visual reference while maneuvering for landing."
Operational Procedures,4953,A category C aircraft can carry out an indirect approach followed by a visual maneuver only if the horizontal visibility is higher than or equal to :,2400 m,3600 m,1600 m,1500 m,A,"According to ICAO PANS-OPS criteria, a circling approach or visual maneuver requires specific visibility minima based on the aircraft category. For a Category C aircraft, the prescribed minimum horizontal visibility for an indirect approach is 2400 meters."
Operational Procedures,4954,A category B aircraft can carry out an indirect approach followed by a visual maneuver only if the horizontal visibility is higher than or equal to:,1600 m,1500 m,3600 m,2400 m,A,"According to ICAO PANS-OPS criteria, a Category B aircraft requires a minimum horizontal visibility of 1600 meters to perform an indirect approach followed by a visual maneuver. This ensures the pilot maintains sufficient visual reference with the aerodrome environment while maneuvering for landing after leaving the approach path."
Operational Procedures,4955,A category A aircraft can carry out an indirect approach followed by a visual manoeuvre only if the horizontal visibility is higher than or equal to :,1500 m,2400 m,1600 m,3600 m,A,"According to ICAO PANS-OPS criteria, a Category A aircraft is required to maintain a minimum meteorological visibility of 1500 meters to perform an indirect approach, often referred to as a circling approach. This visibility threshold ensures the pilot maintains adequate visual reference to the terrain and the runway environment while maneuvering for landing."
Operational Procedures,4956,"During a conventional approach, the Minimum Descent Height (MDH) is referred to the runway threshold altitude and not to the aerodrome altitude if the runway threshold is at more than :",2 m (7 ft) below the airdrome altitude,2 m (7 ft) above the airdrome altitude,4 m (14 ft) below the airdrome altitude,4 m (14 ft) above the airdrome altitude,A,"The MDH is referenced to the aerodrome elevation unless the runway threshold elevation is significantly lower than the aerodrome elevation. According to ICAO PANS-OPS, this threshold must be at least 2 meters (7 feet) below the aerodrome altitude to justify referencing the MDH to the threshold elevation instead."
Operational Procedures,4957,The determination of the aerodrome minimum operating conditions must take the following into account :1. equipment available for navigation2. dimensions and characteristics of the runways3. composition of the flight crew4. obstacles in the vicinity of approach and missed approach areas5. facilities for determining and communicating the weather conditionsThe combination regrouping all the correct statements is :,"1,2,3,4,5","1,2,4,5","2,4,5","2,3,5",A,"Aerodrome operating minima are established by considering all factors that influence the safety of the approach, landing, and missed approach phases. This includes the technical capabilities of the aircraft and ground equipment, the physical environment of the runway, the proficiency of the flight crew, and the accuracy of meteorological reporting systems."
Operational Procedures,4958,"When establishing an instrument approach procedure, 5 aircraft categories according to their speed at the threshold (Vat) are established. This speed is equal to the stalling speed in the landing configuration at the maximum certified landing weight multiplied by a factor of:",1.3,1.45,1.5,1.15,A,"The speed at the threshold (Vat) is defined as the stalling speed in the landing configuration at the maximum certified landing weight multiplied by a factor of 1.3, which is commonly referred to as Vso. This specific factor ensures a safe margin above the stall speed, allowing for stable aircraft handling during the final approach phase."
Operational Procedures,4959,"In accordance with JAR-OPS 1.430 (Aerodrome Operating Minima), the lowest minima to be used by an operator in a category B aeroplane for circling are :",MDH=500 ft and visibility=1600 m,MDH=400 ft and visibility=1500 m,MDH=600 ft and visibility=2400 m,MDH=700 ft and visibility=2600 m,A,"Under JAR-OPS 1.430, the minimum descent height (MDH) and visibility requirements for circling are categorized by aircraft performance class. For a Category B aeroplane, the regulatory standard specifies an MDH of 500 feet and a minimum visibility of 1600 meters to ensure obstacle clearance during the visual maneuvering phase."
Operational Procedures,4960,"JAR OPS 1.465 (VFR Operating minima), establishes that, the operator shall ensure about VFR flights, that :",special VFR flights are not commenced when visibility is less than 3 km,"for conducted VFR flights in airspace B, horizontal distance from clouds is 1 000 m at least","for conducted VFR flights in airspace F, vertical distance from clouds is 250 m at least","for conducted VFR flights in airspace E, flight visibility at and above 3 050 m. (10 000 ft) is 5 km at least (clear of cloud)",A,"Under JAR OPS 1.465, Special VFR flights are subject to specific visibility requirements to ensure safety in controlled airspace. Operators are explicitly prohibited from commencing such flights if the reported ground visibility is less than 3 km."
Operational Procedures,4961,"In accordance with JAR OPS 1.430 (Aerodrome Operating Minima), the Category III A Operation, is a precision instrument approach and landing using ILS or MLS with a decision height lower than 100 feet an RVR (runway visual range) no less than :",200 m,250 m,230 m,300 m,A,"Under JAR-OPS 1.430, Category III A operations are defined as precision approaches with a decision height lower than 100 feet but not lower than 50 feet. For this specific category, the regulatory minimum runway visual range (RVR) is established as 200 meters."
Operational Procedures,4962,"In accordance with JAR-OPS 1.430 (Aerodrome Operationg Minima), an operator must ensure that system minima for """"non-precision approach procedures"""", which are based upon the use of ILS without glidepath (LLZ only), VOR NDB, SRA, and VDF are no lower than MDH following value with:","NDB facility, lowest MDH=300 ft",ILS facility without glidepath (localizer) lowest MDH=200 ft,"VOR facility, lowest MDH=250 ft","VOR/DME facility, lowest MDH=300 ft",A,"Under JAR-OPS 1.430, the minimum descent height for a non-precision approach is determined by the specific navigation facility used. An NDB approach carries a minimum requirement of 300 feet, which aligns with the provided correct option."
Operational Procedures,4963,"In accordance with JAR-OPS1, a Category III B operations, is a precision instrument approach and landing using ILS or MLS with, a decision height lower than 50 ft, or no decision height and a runway visual range lower than 200 m but no less than :",75 m,150 m,100 m,50 m,A,"Under JAR-OPS 1 criteria, Category III B operations are defined by an RVR of less than 200 m but not less than 75 m, with a decision height lower than 50 ft or no decision height. This specific lower limit of 75 m is the regulatory threshold that distinguishes CAT III B from the more restricted CAT III C operations."
Operational Procedures,4964,"The aircraft is a single engine, IFR, category A with a cruising speed of 150 knots. The aircraft is flown by a single pilot.The usable runway has edge lights, high intensity runway centre lights and RVR readings for threshold mid and end of runway.The approach minimums for runway 06 are : DH = 300 feet, Horizontal visibility (HV) = 800 metres.The weather conditions are : horizontal visibility (HV) 900 metres and ceiling 200 feet.Is take-off possible?","Yes, if there is an accessible airport within 75 NM.","No, the ceiling being below the DH for the runway's approach procedure.","No, visibility being below 1 200 metres.","Yes, visibility being higher than the horizontal visibility for the approach procedure.",A,"For a single-engine aircraft operating under IFR, take-off is permitted provided an accessible alternate airport is located within 75 NM. Since the reported visibility of 900m meets the minimum requirements for a CAT A aircraft, the flight may proceed provided this distance condition is satisfied."
Operational Procedures,4965,The aircraft is of Category A. The runway has edge lights and high intensity centre line lights. There is an accessible alternate aerodrome and the two pilot crew is IFR qualified on type. The minimum horizontal visibility required for take-off is:,150 m.,200 m.,300 m.,150 m if a threshold RVR is available.,A,"For a Category A aircraft with high-intensity runway centre line lights and edge lights, the standard minimum RVR for take-off is 150 metres. This reduction is permitted because the visual aids provided are sufficient to ensure adequate directional guidance for the pilot during the take-off roll."
Operational Procedures,4966,The information to consider for a standard straight-in approach is :1 - the horizontal visibility2 - the ceiling3 - the minimum descending altitude (MDA)4 - the decision altitude (DA)Which of the following combinations contains all of the correct statements?,03-Jan,04-Jan,2001-02-03,2001-02-04,A,"A standard straight-in approach is defined by its non-precision nature, which relies on a Minimum Descent Altitude (MDA) rather than a Decision Altitude (DA). Therefore, the procedure considers the horizontal visibility, the ceiling, and the MDA as the primary operational parameters for compliance."
Operational Procedures,4967,"For a twin-engine aeroplane, the standard operational take-off minimums may be used provided an alternate aerodrome is accessible at less than:",60 minutes at cruising speed with one engine unserviceable.,30 minutes at cruising speed with one engine unserviceable.,30 minutes at cruising speed all engines running.,60 minutes at cruising speed all engines running.,A,"For twin-engine aeroplanes, take-off alternates must be reachable within 60 minutes of flight time at the one-engine-inoperative cruising speed to ensure safety in the event of an engine failure immediately after departure. This standard ensures that the aircraft can maintain a safe flight path and reach a suitable landing site despite the degraded performance of a single engine."
Operational Procedures,4968,"During an ILS procedure, if the information transmitted by the appropriate services and received by the crew contains parameters below the crew's operational minimums, the point beyond which the approach must not be continued is:",the outer marker (OM).,the FAF.,the middle marker.,the start final descent point (glide slope intersection).,A,"According to standard operational procedures, if weather reports indicate conditions below the required minima, the approach must not be continued beyond the outer marker or the equivalent fix. This regulation ensures that pilots do not initiate an approach that has no realistic prospect of resulting in a safe landing due to inadequate visibility or ceiling."
Operational Procedures,4969,"The pilot of a category A aircraft is flying a non-precision direct IFR approach with the following operational minimums: MDH 250 feet and visibility 750 metres. RVR for threshold, mid and end of the runway are given by the controller...",the pilot may start the final approach if the threshold RVR is higher than 750 metres.,the pilot may start the final approach if the threshold and mid-runway RVR are higher than 750 metres.,the pilot may start the final approach if the three RVR are higher than 750 metres.,"flying a non-precision approach, the pilot may start the final approach only if he has a meteorological visibility higher than 750 metres. RVR are to be taken into account only for precision approaches.",A,"For a non-precision approach, the controlling RVR is the touchdown zone or threshold value, which must be at or above the minimum required for the approach. Mid and stop-end RVR reports are considered supplementary information and do not restrict the initiation of the final approach segment."
Operational Procedures,4970,"An aircraft flies a VOR/DME direct approach for which the operational minima are : MDH = 360 feet, horizontal visibility = 1 500 metres :Visibility given by ATC and received by the crew is 2 500 metres :The pilot may start the final approach...",whatever the ceiling given by ATC.,if the ceiling transmitted by ATC and received by the crew is higher than 360 feet.,if the ceiling transmitted by ATC and received by the crew is higher than 240 feet.,if the ceiling transmitted by ATC and received by the crew is higher than 240 feet during the day and 360 feet at night.,A,"For non-precision approaches, the pilot is only required to have the reported visibility at or above the minimum prescribed for the approach to initiate the final segment. A ceiling report is not a mandatory prerequisite for starting the final approach, meaning the aircraft may proceed regardless of the ceiling value provided by ATC."
Operational Procedures,4971,"In accordance with OPS 1 430 (Aerodrome Operating Minima - General), it is established, among other considerations, that an Operator must take full account of Aeroplane Categories.The criteria taken into consideration for classification of Aeroplanes by Categories is the indicated airspeed at threshold (Vat), which is equal to the stalling speed at the maximum landing mass (Vso) multiplied by 1,3.Corresponding Aeroplane Category when Vat is from 141 kt to 165 kt is :",D,B,C,E,A,"Aeroplane categories for instrument approach procedures are determined by the Vat, calculated as 1.3 times the stalling speed in the landing configuration at maximum certificated landing mass. Category D aircraft are defined by a Vat range of 141 knots to 165 knots."
Operational Procedures,4972,Supplemental oxygen is used to :,provide people on board with oxygen during a cabin depressurisation,protect a crew who fights a fire,"provide with oxygen passengers who might require it, following a cabin depressurisation",assist a passenger with breathing disorders,A,"Supplemental oxygen systems are primarily installed to ensure the survival and safety of all occupants in the event of a sudden loss of cabin pressure. By providing an immediate supply of breathable air, these systems prevent hypoxia during the emergency descent to a safe altitude."
Operational Procedures,4973,The minimum flight crew for night transport of passengers or according to the Instrument flight rules is :,2 pilots for turbo-jet aircraft and turbo-prop aircraft with more than 9 passenger seats,2 pilots for any aircraft weighing more than 5.7 tons or having more than 9 passenger seats,"1 pilot for any aircraft weighing less than 5.7 tons, provided that the maximum certified number of passenger seats is less than 9",2 pilots for any turbo-prop aircraft weighing more than 5.7 tons or for any turbo-jet aircraft,A,"Under EASA regulations for commercial air transport, a minimum flight crew of two pilots is mandated for all turbo-jet aircraft and turbo-prop aircraft configured with more than nine passenger seats. This requirement ensures the necessary workload management and redundancy for operations conducted under IFR or at night."
Operational Procedures,4974,"In accordance with JAR-OPS 1, an operator shall ensure that a pilot does not operate an aeroplane as pilot-in-command unless :","he has carried out at least three take-off and three landings as pilot flying in an aeroplane or an approved flight simulator of the type to be used, in the preceding 90 days","he has carried out at least three flights as pilot-in-command in an aeroplane or an approved flight simulator of the type to be used, in the preceding 90 days","he has carried out at least three take-off and three landings as pilot flying in any type of aeroplane or an approved simulator, under the supervision of an examiner, in the preceding 60 days","he has carried out at least three take-off and three landings as pilot flying in an aeroplane or an approved flight simulator of the type to be used, in the preceding 30 days",A,"To maintain recent experience for flight operations, a pilot must demonstrate proficiency through three take-offs and three landings as the pilot flying within the preceding 90 days. These maneuvers must be completed in an aeroplane or an approved flight simulator of the specific type intended for use to ensure familiarity with the aircraft's handling characteristics."
Operational Procedures,4975,"JAR-OPS 1 establishes that, a co-pilot is not assigned to operate at the flight controls during take-off and landing unless :",he has operated as pilot-in-command or as co-pilot at the controls during take- off and landing of the type to be used in the preceding 90 days.,"he has carried out as pilot-in-command or as co-pilot at least three take-off and three landings in an aeroplane or an approved flight simulator of the type used, in the preceding 90 days.","he has carried out as-pilot-in-command or as co-pilot at lest three take-off and three landings in an aeroplane or an approved flight simulator of the type used, in the preceding 30 days","he has carried out at least three flights as pilot-in-command or as a co-pilot at the controls of the type to be used, in the preceding 90 days.",A,"To maintain recency for take-off and landing duties, a pilot must have performed these operations on the specific aircraft type within the previous 90 days. This requirement ensures that the flight crew remains proficient and familiar with the handling characteristics of the aircraft assigned to them."
Operational Procedures,4976,"In accordance with JAR-OPS 1, the minimum required recent experience for a pilot engaged in a single-pilot operation under IFR or at night shall be :","5 IFR flights, including 3 instrument approaches, carried out during the preceding 90 days on the type class of aeroplane in the single-pilot role.","3 IFR flights, including 3 instrument approaches, carried out during the preceding 90 days on the type class of aeroplane in the single-pilot role.","5 IFR flights, including 3 take-off and 3 landings carried out during the preceding 90 days on the type or class of aeroplane in the single-pilot role.","5 IFR flights, including 3 take-off and 3 landings carried out during the preceding 30 days on the type or class of aeroplane in the single-pilot role.",A,"To maintain safety in single-pilot IFR or night operations, regulations mandate a higher level of recent experience compared to multi-pilot crews. The requirement of 5 IFR flights and 3 instrument approaches within the preceding 90 days ensures the pilot remains proficient in the high-workload environment associated with solo flight."
Operational Procedures,4977,An aircraft airworthiness certificate states a maximum of eight occupants (including pilot).The pilot has a passenger load of six adults and two children (5 and 6 years old).The boarding of all passengers is:,forbidden.,"authorized, providing both children are sitting on the same seat and using the same seat belt. No other particular precautions are necessary.","authorized, providing both children are sitting on the same seat, using the same seat belt with an adult sitting on the seat next to them, in order to release their seat belt if necessary.","authorized, providing both children are of a similar stature, sitting on the same seat and using the same seat belt with an adult sitting on the seat next to them in order to relase thir seat bel",A,"The airworthiness certificate specifies a maximum of eight occupants, which includes the pilot and all passengers regardless of their age or size. Boarding eight passengers plus the pilot totals nine occupants, which exceeds the certified limit of the aircraft."
Operational Procedures,4978,"In VFR public transport on an aircraft for which the flight manual inidicates a minimum crew of one pilot, when do the regulations require the presence of a second pilot ?",never.,if the aircraft is a twin-engine.,if part or all the flight is done at night.,if the flight lasts more than 3 hours.,A,"For a public transport flight operating under VFR, the minimum flight crew requirements are strictly dictated by the aircraft's certified Flight Manual. Since the manual specifies a minimum crew of one pilot for this aircraft, the regulations do not mandate the addition of a second pilot regardless of engine count, flight duration, or time of day."
Operational Procedures,4979,The file kept by an employer on its flight crews records:1 - the training2 - the test results3 - a log of flying hours4 - a summary of the training by reference periodWhich of the following combinations contains all of the correct answers?,1 - 2 - 3 - 4,2001-02-03,03-Fev,04-Mar,A,"An operator is legally required to maintain comprehensive records for each flight crew member to ensure ongoing compliance with safety standards and regulatory training requirements. These records must encompass all elements of professional development, including initial and recurrent training, performance assessments, and an accurate, chronological log of flight duty hours."
Operational Procedures,4980,"An airline operator shall make sure that if the aircraft planned for the flight is a performance class B aeroplane, it will be able, throughout its flight route or its alternate route scheduled from this initial route, to reach a climb rate of at least :",300ft/min with all engines operating at maximum continuous power.,300 ft/min with one engine inoperative and all the others operating at maximum continuous power.,500 ft/min with all engines operating at maximum cruise power.,500 ft/min with one engine inoperative and all the others operating at maximum continuous power.,A,"For Performance Class B aeroplanes, regulations require that the aircraft maintains a positive terrain clearance capability throughout the route. To ensure this, the aeroplane must be able to maintain a minimum net gradient of climb of 300 ft/min with all engines operating at maximum continuous power."
Operational Procedures,4981,"When a course is plotted at minimum time route, one passes from the air isochrone to the corresponding ground isochrone by applying to point K (original spot) a vector KK' which is equal to:",mean wind from the preceding ground isochrone.,wind at K'.,wind at K.,mean wind up to the next ground isochrone.,A,"In minimum time route planning, the air isochrone represents the distance an aircraft can travel in still air, while the ground isochrone accounts for wind. To transition between them, the displacement vector applied to a point must reflect the integrated wind effect experienced during the preceding interval, effectively using the mean wind encountered up to that position."
Operational Procedures,4982,A minimum time track is a :,track determined according to weather conditions,great circle track,rhumb line,spherical capable flight segment,A,"A minimum time track is calculated to achieve the shortest flight duration by accounting for prevailing meteorological factors, such as wind speed and direction. By adjusting the route to leverage favorable tailwinds or avoid significant headwinds, the aircraft optimizes its ground speed despite potentially covering a greater distance than a direct great circle route."
Operational Procedures,4983,"On an alternate field, the captain of turbojet engined aircraft must mandatorily have a quantity of fuel and lubricant sufficient for flying during :",30 minutes at holding flight speed and 1500 ft,45 minutes at holding flight speed and 1500 ft,30 minutes at cruising speed,45 minutes at cruising speed,A,"According to EASA Part-CAT regulations, the final reserve fuel for a turbojet aircraft must allow for 30 minutes of holding flight at 1,500 feet above the alternate aerodrome in standard atmospheric conditions. This requirement ensures that the aircraft maintains a safe contingency margin to account for potential delays or missed approaches at the destination alternate."
Operational Procedures,4984,"On landing on an isolated field, the captain of a turbojet engined aircraft must mandatorily have a minimum quantity of fuel and lubricant sufficient for flying during :",2 hours with normal cruising consumption,2 hours at holding flight speed and 1500 ft,30 minutes at holding flight speed and 1500 ft,30 minutes with normal cruising consumption,A,"When operating into an isolated aerodrome, standard reserve requirements are insufficient because there are no suitable diversion airfields available. Therefore, the captain must ensure enough fuel and lubricant remains to sustain flight for 2 hours at normal cruising consumption to account for the lack of alternative landing options."
Operational Procedures,4985,"When the weather conditions require an alternate aerodrome to be available on take-off, the latter shall be located, for a twin-engined aircraft, at an equivalent distance not exceeding :",1 hour of flight at cruising speed with a single engine,1 hour of flight at cruising speed with two engines,2 hours of flight at cruising speed with single engine,2 hours of flight at cruising speed with two engines,A,"For a twin-engined aircraft, a take-off alternate must be reachable within one hour of flight time at the one-engine-inoperative cruising speed in still air. This safety requirement ensures the aircraft can safely divert and land at an suitable aerodrome even after experiencing an engine failure immediately following take-off."
Operational Procedures,4986,"When the weather conditions require an alternate aerodrome to be available on take-off, the latter shall be located, for aircraft with three or more engines, at an equivalent distance not exceeding :",2 hours of flight at cruising speed with 1 engine inoperative,2 hours of flight at cruising speed with all engines operating,1 hour of flight at cruising speed with all engine inoperative,1 hour of flight at cruising speed with all enginesoperating,A,"For aircraft with three or more engines, the take-off alternate must be reachable within two hours of flight time at the one-engine-inoperative cruise speed. This requirement ensures that the aircraft can safely divert and land at an suitable aerodrome even after experiencing a critical engine failure shortly after departure."
Operational Procedures,4987,"According to the JAR-OPS rules, the route of a twin-engined aircraft with a maximum certificated take-off mass exceeding 8618 kg or a maximum approved seating configuration of more than 19 passagers must be planned in such a way that on one engine an appropriate aerodrome can be reached within :","60 minutes at the cruise speed, one engine inoperative.","30 minutes at the cruise speed, one engine inoperative.","90 minutes at the cruise speed, one engine inoperative.","120 minutes at the cruise speed, one engine inoperative.",A,"Under EASA and JAR-OPS regulations, twin-engine aeroplanes exceeding these mass or seating limits must be operated within 60 minutes of an adequate aerodrome at the one-engine-inoperative cruise speed. This ETOPS-related requirement ensures that the aircraft can safely divert and land within a reasonable timeframe should an engine failure occur during flight."
Operational Procedures,4988,"According to the JAR-OPS regulations, an IFR flight with no alternate airfield can be undertaken only if the minimum weather conditions stipulated in the regulations are effective for at least :",1 hour before to at least 1 hour after the expected time of arrival,2 hours before to at least 2 hours after the expected time of arrival,3 hours before to at least 1 hour after the expected time of arrival,3 hours before to at least 3 hours after the expected time of arrival,A,"For an IFR flight without an alternate to be legal, the destination weather must be forecast to be at or above the applicable operating minima. These requirements must be met for a window spanning one hour before to one hour after the estimated time of arrival to ensure adequate weather stability."
Operational Procedures,4989,"A jet-powered aircraft, flying above the optimum altitude will have :",reduced range,increased manoeuvring limits,increased flight envelope,increased Mach number stability,A,"Flying above the optimum altitude forces the aircraft to operate at a higher angle of attack or lower airspeed than is efficient for the given weight, resulting in increased fuel burn per unit of distance. This decrease in fuel efficiency directly leads to a reduction in the aircraft's maximum achievable range."
Operational Procedures,4990,"For a long-range four-jet aircraft in cruising flight, the optimum altitude and the lock-on altitude increase. The most cost-effective flight plan will consist of chosing cruising levels which increase during the flight in order to fly :",about the optimum altitude,about the lock-on altitude,between the lock-on altitude and the optimum altitude,just below the optimum altitude,A,"Flying at the optimum altitude ensures the aircraft maintains the best lift-to-drag ratio for its current weight as fuel is consumed. By progressively increasing the cruise level to match this shifting optimum, the aircraft operates at maximum aerodynamic efficiency throughout the entire flight."
Operational Procedures,4991,"If a pilot has connected the automatic pilot to the gyro compass (which is assumed to be operating correctly) and the latter is fitted with a rate correction device which is properly corrected by astronomical precession, the course followed by the aircraft (in still air conditions) is a:",great circle.,rhumb line.,curve of some type or other.,spherical flight segment.,A,"A gyro compass with a rate correction device adjusted for astronomical precession compensates for the Earth's rotation relative to the aircraft's position. By maintaining a constant true heading corrected for this rotation, the aircraft effectively tracks along a great circle path across the Earth's surface."
Operational Procedures,4992,"An aircraft leaves point P (60°N 030°W) on a true heading equal to 090° while the gyro compass, which is assumed to be operating perfecly and without an hourly rate corrector unit, indicates 000°.The aircraft arrives at point Q (62°N 010°W) on a true heading equal to 095°. On the journey from P to Q the gyro compass remains in free gyro mode.If the flight lasted 1 hour 30 minutes, the gyro heading at Q will be :",328°.,345°.,003°.,334°.,A,"The gyro precesses due to the Earth's rotation at a rate of 15° per hour multiplied by the sine of the latitude. Given the average latitude of 61°N and a flight duration of 1.5 hours, the total wander is 1.5 * 15 * sin(61°), which is approximately 19.7°. Applying this precession to the initial gyro heading of 000° while accounting for the change in true heading of 5° results in a final gyro indication of 328°."
Operational Procedures,4993,"A pilot is using a polar stereographic chart whose grid is parallel to the zero meridian, with Grid North in the direction of the North geographic pole.In polar regions, the pilot stops navigation in free-gyro mode after leaving the 6 microteslas zone, and the grid heading controlled by information from the inertial navigation system (INS) is 045°. After switching to """"magnetic mode"""", the compass heading is 220°. The INS position at this moment is 76°N 180°W. The magnetic variation on the chart is 10°E.The compass shift on this heading at this point in time is:",-5°.,+5°.,-15°.,+15°.,A,"To find the compass shift, first calculate the True Heading by applying the grid alignment to the grid heading, resulting in 045° True. By applying the 10°E magnetic variation, the Magnetic Heading is 035°, and subtracting the compass heading of 220° (corrected for the reciprocal 040° calculation) reveals the deviation. The resulting -5° difference represents the compass shift relative to the expected magnetic value."
Operational Procedures,4994,"(For this question use annex 071-2070A)On the diagram where :Nt = True NorthNm = Magnetic NorthNg = Grid NorthIf the magnetic variation is equal to 65°W and if the grid variation is equal to 4°E, the correct arrangement of the different north is :",3,4,1,2,A,"Magnetic variation of 65°W places Magnetic North to the left (west) of True North, while a grid variation of 4°E places Grid North to the right (east) of True North. Diagram 3 correctly depicts this sequence from left to right as Magnetic North, True North, and then Grid North."
Operational Procedures,4995,"You plan to fly from point A (60°N 010°E) to point B (60°N 020°E).The gyro North of the gyro compass, assumed to be operating perfectly, with no rate correction device, is aligned with the true North of point A.The constant gyro heading to be followed when starting from A given that the flight time scheduled is 1h30 min with a zero wind, is equal to :",076°.,080°.,066°.,085°.,A,"The gyro maintains its orientation in inertial space, meaning its North reference does not account for the Earth's rotation, which causes an apparent wander rate of 15° per hour multiplied by the sine of the latitude. At 60°N, this wander equals 12.99° per hour, and over a 1.5-hour flight, the gyro drifts by approximately 19.5°. Subtracting this drift from the initial track of 090° (True) results in the required gyro heading of roughly 076°."
Operational Procedures,4996,"A polar stereographic chart has a grid printed over it which is parallel to the meridian 054°W, with Grid North in the direction of the North geographic pole.An aircraft is following a true course of 330°.At position 80°N 140°E, its grid heading (GH) with this system will be :",136°.,276°.,316°.,164°.,A,"To find the grid heading, calculate the convergence angle by subtracting the longitude from the reference meridian (054°W - 140°E), resulting in a grid orientation of 194° relative to true north. Applying the formula GH = True Course - Grid Convergence, where the convergence is -194° (or 166°E), results in a grid heading of 136°."
Operational Procedures,4997,"On a polar stereographic chart whose grid is parallel with the Greenwich meridian in the direction of the true North pole, the """"true"""" orientation of the great circle linking point 62°N 010°E to point 66°N 050°W is 305°. The grid route at the starting point of this great circle is :",295°.,298°.,301°.,292°.,A,"On a polar stereographic chart where the grid is aligned with the Greenwich meridian, the grid track is equal to the true track minus the west longitude. Subtracting the 10° West longitude of the starting point from the 305° true track gives a grid track of 295°."
Operational Procedures,4998,"The chart is a South polar stereographic projection of the Antarctic regions. A grid, printed over it, its aligned with meridian 180°, the grid North in the direction of the geographic North (non standard grid).The grid course followed by the aircraft is Rg=280°, the position is 80°S 100°E.The true course followed at this moment is :",000°.,260°.,080°.,100°.,A,"In a grid system where grid North is aligned with the 180° meridian, the grid North direction coincides with the geographic South Pole at the 180° meridian. At the 100°E position, the grid North direction (000° grid) points directly toward the geographic North Pole, resulting in a true course of 000° for a grid course of 280° when accounting for the grid orientation relative to the meridian."
Operational Procedures,4999,"(For this question use annex 071-2084A)The inertial navigation system (INS) indicates:Position: 71° 55.1'N 094°55.3'WDrift: 6°L (left)The route followed in order to return to the VOR station is the meridian of the VOR station used:RESOLUTE BAY (74°43.6'N 094°55.3W), this VOR has North set on the local geographic meridian.The gyro compass has just been reset to Grid North (chart used: polar stereographic chart, grid parallel to zero meridian, Grid North in the direction of geographic North Pole).The correct representation of the RMI VOR/DME is at this moment:(the distance DME is in the box)",2,3,4,1,A,"Since you are at 71°55.1'N and heading towards a destination at 74°43.6'N on the same longitude (094°55.3'W), your required track is 000° True. With a 6° left drift, you must crab 6° right to maintain the meridian, and because the grid is aligned with the zero meridian in the northern hemisphere, Grid North is equivalent to True North at this longitude. Therefore, the RMI pointer indicates the bearing to the VOR station, which is 000° relative to the aircraft's heading after accounting for the drift correction."
Operational Procedures,5000,"The chart in question is of the polar stereographic type with its grid parallel to the zero meridian, and Grid North in the direction of the North geographic pole. The gyro does not comprise a rate correction device.The gyro-magnetic compass of an aircraft standing at an aerodrome located at 59°57'N 010°30'E is switched to free gyro mode at 14.00 UTC, with gyro North being aligned with Grid North and the gyro heading reading 120°. A technical problem delays take off until 16.30 UTC. The gyro, whose mechanical precession is zero, was not reset prior to take off.The error (E) at the time of alignment on this runway will be :",+32.5°.,+13°.,+73.5°.,-32.5°.,A,"The gyro experiences apparent wander due to the Earth's rotation, which causes the gyro to drift at a rate of 15° per hour multiplied by the sine of the latitude. Given a latitude of approximately 60°N and an elapsed time of 2.5 hours, the drift is calculated as 2.5 × 15° × sin(60°), resulting in an error of approximately +32.5°."
Operational Procedures,5001,"On a polar stereographic chart where the earth convergence between 2 points located on the parallel 60°N is 20°, the great circle maximum cross-track difference with the straight line joining the 2 points is :",30 NM.,4.0 NM.,9.2 NM.,4.0 NM.,A,"On a polar stereographic chart, the difference in degrees between the rhumb line/straight line and the great circle is roughly proportional to the square of the convergence angle. Specifically, for a convergence of 20 degrees, the maximum departure is calculated using the rule of thumb where the distance in nautical miles is approximately 1.5 times the square of half the convergence angle in degrees. Applying this to 20 degrees results in 1.5 multiplied by 10 squared, yielding 30 NM."
Operational Procedures,5002,"In a polar Antarctic regions, the pilot uses a South polar stereographic chart whose printed over grid is parallel with the zero meridian and Grid North in the direction of geographic North along this meridian.The aircraft position is 80°S 130°E, its true route is 110°, the grid route at this moment is :",240°.,060°.,110°.,340°.,A,"In a South polar stereographic grid projection where Grid North is aligned with the 180° meridian, the Grid Track is calculated by subtracting the longitude from the True Track (Grid Track = True Track - West Longitude or + East Longitude). Since you are at 130°E, the Grid Track is 110° + 130° = 240°."
Operational Procedures,5003,"At 18h40min UTC, a complete failure of the inertial systems of an aircraft flying on the LONDON- ANCHORAGE line occurs in the geographic North pole region. The wind is nil, the grid heading at this moment is 315°. The crew then uses the Sun to continue the flight. The bearing of the Sun on occurence of the failure is :NOTE: The time equation is nil. The chart used is a polar stereographic chart whose grid is parallel with the zero meridian, the Grid North is in direction of the geographic North pole.",325°.,035°.,180°.,000°.,A,"In the North Pole region with a grid north aligned to the true meridian, the grid heading is equivalent to the true bearing. Given the Sun's position and the requirement for navigation by celestial observation, the relative bearing of the Sun aligns with the calculated azimuth to maintain the specified track of 315° grid. The value of 325° represents the correct solar bearing relative to the aircraft's longitudinal axis to satisfy the navigation geometry at that specific time and location."
Operational Procedures,5004,"With the Control Display Unit (CDU) of an Inertial Navigation System (INS), you can read the following information :- Desired track (DTK) = 100°- Track (TK) = 120°You can conclude that the :",Track Error Angle (TKE) is right (R),Track Error Angle (TKE) is left (L),Aircraft is converging towards its ideal course,Aircraft is diverging from its ideal course,A,"The Track Error Angle (TKE) is the difference between the actual track and the desired track, calculated as TKE = TK - DTK. Since the result of 120° - 100° is +20°, the positive value indicates that the aircraft's track is to the right of the desired course."
Operational Procedures,5005,"In the absence of wind and without the astronomic precession effect, an aircraft would, at a constant gyro heading, follow a :",great circle line,rhumb line,spherical flight segment,straight map line,A,"A gyroscope maintains its orientation in inertial space, meaning it points in a fixed direction relative to the stars rather than the Earth's surface. Consequently, an aircraft flying with a constant gyro heading follows a great circle, which is the path defined by the intersection of the Earth's surface and a plane passing through the center of the Earth."
Operational Procedures,5006,"Posit :g, the longitude differenceLm, the average latitudeLo, the latitude of the tangentThe transport precession is equal to :",g.sin Lm,15°/h.sin Lm,g.(sin Lm-sin Lo),g/2.sin Lm,A,"Transport precession occurs because the Earth is a sphere, causing the direction of a horizontal gyroscope to change as it is transported along a meridian or parallel. It is calculated by the formula (change in longitude) multiplied by the sine of the mean latitude. Therefore, the product of the longitude difference and the sine of the average latitude accurately defines this angular rate of change."
Operational Procedures,5007,"Posit :g, the longitude differenceLm, the average latitudeLo, the latitude of the tangentThe correct formula of the conversion angle applied, during a transoceanic and polar navigation, is equal to :",g/2.sin Lm,15°/h.sin Lm,g.sin Lm,g.(sin Lm-sin Lo),A,"The conversion angle represents the angular difference between a great circle track and a rhumb line track, which is approximately half the angle of convergency between the two meridians. Since the convergency of meridians is equal to the change of longitude multiplied by the sine of the mean latitude, the conversion angle is defined as half that value, or g/2 * sin Lm."
Operational Procedures,5008,"During a transoceanic and polar flight, the transport precession is the rotation in degrees of the gyro North with respect to the:",true North,grid North,magnetic North,compass North,A,"Transport precession occurs because a directional gyro maintains its orientation relative to inertial space while the aircraft moves over the Earth's curved surface. This causes the gyro's axis to rotate relative to the local meridian, resulting in a displacement measured against true North."
Operational Procedures,5009,"During a transoceanic and polar flight, the chart precession is a rotation in degrees, for a moving aircraft, of the gyro North with respect to the :",grid North for a given chart,grid North for any chart,true North for a given chart,true North for any chart,A,"On a polar or transoceanic chart using grid navigation, the gyro maintains a constant heading relative to a specific grid meridian. Chart precession occurs because the aircraft's physical movement changes its longitude, causing the direction of true North to rotate relative to the fixed grid North of that specific chart projection."
Operational Procedures,5010,Astronomic precession is :,existing whether the aircraft is on the ground or flying,independent of the latitude,depending on the chart used,zero when the aircraft is on the ground,A,"Astronomic precession refers to the apparent rotation of a gyroscope's spin axis caused by the Earth's rotation, which occurs continuously regardless of the aircraft's position or motion. Because this phenomenon is solely a result of the Earth turning on its axis, it affects the instrument whether the aircraft is stationary on the ground or in flight."
Operational Procedures,5011,"Posit :g, the longitude differenceLm, the average latitudeLo, the latitude of the tangentThe correct formula expressing the travel precession applied during a transoceanic and polar navigation, is equal to :",15°/h.sin Lm,g.sin Lm,g.(sin Lm-sin Lo),g/2.sin Lm,A,The travel precession (or transport wander) of a directional gyro is caused by the Earth's rotation combined with the aircraft's movement along its flight path. The formula is derived from the Earth's rotation rate of 15 degrees per hour multiplied by the sine of the mean latitude of the flight segment.
Operational Procedures,5012,Astronomic precession :,causes the gyro axis to spin to the left in the southern hemisphere,causes the gyro axis to spin to the right in the Southern hemisphere,is zero at the North pole,is zero at the South pole,A,"Astronomic precession occurs because a free-running gyroscope maintains its orientation in space while the Earth rotates beneath it. In the Southern Hemisphere, the Earth's rotation relative to the gyroscope's axis causes the apparent drift to manifest as a precession to the left."
Operational Procedures,5013,Astronomic precession :,causes the gyro axis to spin to the right in the Northern hemisphere,causes the gyro axis to spin to the left in the Northern hemisphere,is zero at the North pole,is zero at the South pole,A,"Astronomic precession is the apparent drift of a horizontal axis gyro caused by the Earth's rotation as the aircraft changes latitude or longitude. In the Northern hemisphere, this rotation makes the gyro axis appear to drift or spin to the right relative to the Earth's surface."
Operational Procedures,5014,A polar track is a track part of which is included in an area where the horizontal component of the earth magnetic field is less than :,6 micro-tesla,17 micro-tesla,38 micro tesla,10 micro-tesla,A,"In areas near the magnetic poles where the horizontal component of the earth's magnetic field drops below 6 micro-tesla, magnetic compasses become unreliable due to the increased dip angle. Consequently, these regions are designated as polar tracks where navigation must be conducted using grid navigation or inertial reference systems rather than magnetic headings."
Operational Procedures,5015,"For an operation in MNPS airspace along notified special routes unless otherwise specified, an aircraft must be equipped with at least:",One Long Range Navigation System (LNRS).,One Inertial Navigation System (INS).,Two Inertial Navigation Systems (INS).,Two independant Long Range Navigation Systems (LRNS).,A,"In MNPS airspace, the minimum requirement for operations along specifically notified special routes is one Long Range Navigation System (LRNS). This regulation recognizes that these specialized routes are often subject to additional procedural controls or specific monitoring, allowing for a reduced navigation equipment mandate compared to standard North Atlantic tracks."
Operational Procedures,5016,"When leaving the MNPS oceanic control area for a domestic controlled area, the pilot has to:",maintain the Mach number previously assigned up to the last position shown in the oceanic clearance.,take the Mach number specified in this initial flight plan.,take any Mach number.,take the Mach number provided for this type of flight by his airline.,A,"When transitioning from MNPS oceanic airspace to domestic controlled airspace, you must continue operating at your assigned oceanic Mach number until reaching the oceanic exit point. This procedure ensures separation is maintained during the transition until ATC issues a specific clearance or instructions for the domestic phase of flight."
Operational Procedures,5017,MNPS is the abbreviation for:,Minimum Navigation Performance Specification.,Maximum North-atlantic Precision System.,Military Network Performance Structure.,Minimum Navigation Positioning System.,A,MNPS refers to a set of standards established to ensure that aircraft operating within specific oceanic airspace maintain sufficient navigational accuracy to allow for reduced lateral separation. These specifications are essential for safe and efficient flight operations in high-traffic regions like the North Atlantic.
Operational Procedures,5018,"In MNPS airspace, the speed reference is the:",Mach number.,ground speed.,true airspeed.,indicated airspeed.,A,"In MNPS airspace, aircraft maintain separation based on specific Mach number assignments rather than airspeed or ground speed. Using Mach number ensures consistent longitudinal separation between aircraft as it accounts for varying temperature and altitude conditions across the North Atlantic."
Operational Procedures,5019,"(For this question use annex 071-2083A)In order to meet the """"twin-engine"""" flight standards authorised by the official departments of his company (1hour 45 minutes flight on 1 engine at an air speed of 420 kt to reach the alternate aerodromes in still air conditions), a pilot has to choose an ATC route, in Minimum Navigation Performance Specification area, while at the same time taking the shortest possible time.Given that the three alternate aerodromes taken into account are SHANNON, SANTA MARIA, ST JOHN TORBAY, the track to be chosen between PARIS and WASHINGTON will be:","Track C , time 8 hours 15 minutes.","Track A , time 8 hours 3 minutes.","Track D , time 8 hours 20 minutes.","Track B , time 8 hours 10 minutes.",A,"To comply with ETOPS requirements, the pilot must ensure the chosen route remains within the maximum allowable diversion time from the designated alternate aerodromes (Shannon, Santa Maria, and St John's). Track C is the correct selection as it is the shortest route that maintains the required proximity to these alternates, satisfying both the fuel/time constraints and the mandatory safety criteria for twin-engine operations."
Operational Procedures,5020,"In the MNPS (Minimum Navigation Performance Specification) area, a pilot should first of all take the following action in the event of a failure of the last inertial navigation system:",notify Control and wait for a reply within a reasonable time.,request authorization from Control to track another aircraft.,set a different heading approximately 45° from the previous one.,immediately climb or descent 1 000 ft.,A,"When experiencing the loss of all navigation systems within MNPS airspace, maintaining your current track and altitude is the priority to ensure separation while you alert ATC of your degraded capabilities. Notifying Control immediately allows them to implement necessary separation procedures and provide instructions to safely clear the MNPS environment."
Operational Procedures,5021,A pilot whose aircraft does not have MNPS certification has to fly via the SHANNON-GANDER great circle. The flight must be planned to take place :,at flight level FL 280 or less.,outside scheduled flight times.,at a Mach number of 0.70 or less.,at a constant airspeed of 480 kt.,A,"The North Atlantic High Level Airspace (NAT HLA), formerly known as MNPS airspace, covers flight levels between FL 285 and FL 420. By operating at FL 280 or below, the aircraft remains outside of this controlled airspace, thereby exempting it from the requirement to hold MNPS/NAT HLA certification."
Operational Procedures,5022,The validity period of a flight track system organized in MNPS (Minimum Navigation Performance Specification) airspace during an Eastbound flight normally is :,01H00 UTC to 08H00 UTC,10H30 UTC to 19H00 UTC,11H30 UTC to 19H00 UTC,00H00 UTC to 08H00 UTC,A,"In the North Atlantic MNPS airspace, the Organized Track System (OTS) is structured to facilitate efficient oceanic crossings based on prevailing winds. The Eastbound tracks are designated for use during the night to allow aircraft to arrive in Europe in the morning, specifically spanning from 01H00 to 08H00 UTC."
Operational Procedures,5023,The validity period of a flight track system organized in MNPS (Minimum Navigation Performance Specification) airspace during a Westbound flight normally is :,11H30 UTC to 19H00 UTC,10H30 UTC to 19H00 UTC,01H00 UTC to 08H00 UTC,00H00 UTC to 08H00 UTC,A,"The North Atlantic Organized Track System (OTS) is designed to optimize traffic flow based on prevailing winds, with the westbound tracks typically active during the daylight hours at the destination. The period from 11:30 UTC to 19:00 UTC corresponds to the standard timeframe during which these westbound tracks are established for aircraft crossing the North Atlantic."
Operational Procedures,5024,"During a flight to Europe, planned in MNPS (Minimum Navigation Performance Specification) airspace, you expect to cross the 30°W meridian at 11H00 UTC , you will then normally be :",out of the organized flight track system.,within the organized daytime flight track system.,within the organized night-time flight track system.,in a random space.,A,"The North Atlantic Organized Track System (OTS) is structured to facilitate high-volume traffic during specific periods: westbound tracks are used during the day and eastbound tracks during the night. By crossing the 30°W meridian at 11H00 UTC, you are operating outside the timeframes when the tracks are active for your respective direction, placing you outside the organized system."
Operational Procedures,5025,"During a flight to Europe, planned in MNPS (Minimum Navigation Performance Specification) airspace, you expect to cross the 30°W meridian at 00H30 UTC , you will then normally be ,",out of the organized flight track system,within the organized daytime flight track system,within the organized night-time flight track system,in a random space,A,"The North Atlantic Organized Track System (OTS) is published twice daily to provide optimized routes based on prevailing winds, with the Daytime system generally effective for westbound flights and the Night-time system for eastbound flights. As the 30°W meridian is located at the edge of the oceanic transition area, flights crossing at 00H30 UTC fall outside the window of these published track systems and are typically cleared as random routes."
Operational Procedures,5026,The minimum navigation equipment required for an aircraft flying without restriction in MNPS airspace can be at the very least :,Two inertial navigation units.,Two inertial navigation units and a DECCA.,Three inertial navigation units.,One inertial navigation unit.,A,"To operate in MNPS (Minimum Navigation Performance Specifications) airspace, an aircraft must be equipped with at least two independent long-range navigation systems to ensure redundancy and the required navigation accuracy. Providing two inertial navigation units meets the regulatory safety standard, whereas a single system lacks the necessary backup for oceanic flight."
Operational Procedures,5027,The minimum longitudinal spacing of two aircraft flying in MNPS airspace at the same Mach number is :,10 minutes.,5 minutes.,15 minutes.,20 minutes.,A,"In MNPS airspace, when aircraft are operating at the same Mach number and following the same track, a minimum longitudinal separation of 10 minutes is required to ensure safe spacing. This standard provides sufficient time separation to mitigate the risks associated with wake turbulence and navigation errors in oceanic environments."
Operational Procedures,5028,The minimum lateral spacing to be maintained between aircraft flying in MNPS airspace is :,60 NM.,30 NM.,90 NM.,120 NM.,A,"In MNPS (Minimum Navigation Performance Specifications) airspace, the lateral separation minimum between aircraft is 60 NM. This spacing standard is required to ensure safe separation in oceanic regions where radar surveillance is typically unavailable and aircraft rely on inertial or satellite-based navigation."
Operational Procedures,5029,"During the flight of two aircraft in MNPS airspace with a leading aircraft flying at higher speed, the longitudinal spacing must be at least :",5 minutes,10 minutes,15 minutes,20 minutes,A,"In MNPS (Minimum Navigation Performance Specifications) airspace, when the leading aircraft is faster than the following aircraft, the longitudinal separation requirement is reduced to 5 minutes. This standard is applicable because the distance between the two aircraft will naturally increase over time, maintaining safety margins without the need for larger temporal intervals."
Operational Procedures,5030,"If both precision navigation systems of an aircraft are unserviceable during a flight in MNPS airspace, and if you cannot establish communication with the air traffic control, you :",take an intermediate flight level,descend below the MNPS space,return to departure airport,land at the nearest airport,A,"If both precision navigation systems fail in MNPS airspace, the aircraft is no longer capable of maintaining the required lateral separation standards. Taking an intermediate flight level helps to minimize the risk of collision by vertically separating the non-compliant aircraft from those operating at standard cruise flight levels."
Operational Procedures,5031,The MNPS (Minimum Navigation Performance Specification) airspace extends from :,27° North to 90° North.,30° North to 90° North.,27° North to 70° North.,30° North to 70° North.,A,MNPS airspace is defined as the North Atlantic region between latitudes 27° North and 90° North. This specific range encompasses the oceanic control areas where aircraft must meet stringent lateral and vertical navigation performance standards to operate safely.
Operational Procedures,5032,The MNPS (Minimum Navigation Performance Specification) airspace extends vertically between flight levels:,285 and 420.,280 and 400.,280 and 390.,275 and 400.,A,MNPS airspace is defined globally to ensure aircraft maintain precise vertical and lateral separation in oceanic regions where radar coverage is unavailable. It specifically mandates that aircraft operating between flight levels 285 and 420 must meet strict navigation performance standards to ensure safe separation.
Operational Procedures,5033,"In the event of an en-route HF communication failure in an MNPS (Minimum Navigation Performance Specification) airspace, the appropriate VHF frequency for air-air communications is :",131.800 MHz.,118.800 MHz.,121.800 MHz.,128.800 MHz.,A,"In accordance with ICAO regional procedures for the North Atlantic, 131.800 MHz is the designated VHF frequency for air-to-air communications between aircraft to relay information or coordinate during oceanic crossings. This frequency is specifically reserved for pilots to maintain safety and situational awareness when long-range HF communications are unavailable."
Operational Procedures,5034,"In the event of communication failure in an MNPS (Minimum Navigation Performance Specification) airspace, the pilot must:",continue his flight compliance with the last oceanic clearance received and acknowledge by him.,return to his flight plan route if its different from the last oceanic clearance received and acknowledge by him.,"join one of the so-called """"special"""" routes.",change the flight level in accordance with the predetermined instructions.,A,"In the event of a communication failure within MNPS airspace, pilots are required to maintain their last assigned track, speed, and flight level as specified in the most recent acknowledged oceanic clearance. This procedure ensures predictable aircraft movement, allowing air traffic control to maintain separation standards despite the loss of radio contact."
Operational Procedures,5035,The frequency designated for VHF air to air communications when out of range of VHF ground stations in NAT region is :,131.8 MHz.,121.5 MHz.,243 MHz.,118.5 MHz.,A,"In the North Atlantic (NAT) region, 131.8 MHz is the designated VHF frequency for aircraft to communicate with each other when outside the range of ground stations. This frequency allows pilots to coordinate maneuvers, such as position reporting or contingency procedures, while operating in oceanic airspace."
Operational Procedures,5036,A check on the operation of the SELCAL equipment during a transatlantic flight using the OTS (Organised Track System) must be done :,At or prior entering the NAT region.,Prior entering the NAT region.,As soon as possible after entering the NAT region.,When crossing the oceanic airspace boundary.,A,It is a mandatory requirement to verify that the SELCAL system is functional to ensure reliable communication with ATC during oceanic transit. Conducting this check at or before entering the NAT region confirms connectivity while still within range of domestic VHF or prior to relying solely on HF oceanic communications.
Operational Procedures,5037,"If a flight is planned to operate along the whole length of one of the organised tracks, the intended organised track should be defined in items of the FPL by :","the abbreviation """"NAT"""" followed by the code letter assigned to the track.",inserting coordinates as detailed in the NAT track message.,"using the abbreviation """"OTS"""" followed by the code letter assigned to the track.",inserting coordinates defining significant points with intervals of 10° of longitude.,A,"According to ICAO PANS-ATM procedures, when a flight plan follows an entire organised track, the track designator is entered in the route field by using the identifier NAT followed by its assigned code letter. This standardized notation allows air traffic control to quickly identify the specific track structure published in the daily NAT track message."
Operational Procedures,5038,"In the event of a contingency which required an en-route diversion to an alternate aerodrome across the direction of the prevailing """"NAT"""" traffic flow and if prior ATC clearance cannot be obtained an aircraft able to maintain its assigned flight level should :","If above FL410, climb or descend 1000 ft, while turning towards the alternate aerodrome.","If below FL410, climb 500 ft or descend 1000 ft, while turning towards the alternate aerodrome.","If above FL410, climb 1000 ft or descend 500 ft, while turning towards the alternate aerodrome.","If below FL410, climb or descend 1000 ft, while turning towards the alternate aerodrome.",A,"For aircraft operating above FL410 in NAT airspace, the contingency procedure requires a 1000 ft altitude change because the vertical separation minimum increases to 2000 ft above this level. This deviation ensures the aircraft transitions to a safe altitude while clearing the established NAT tracks, minimizing the risk of mid-air collision during the diversion."
Operational Procedures,5039,"In the event of a contingency which required an en-route diversion to an alternate aerodrome across the direction of the prevailing """"NAT"""" traffic flow and if prior ATC clearance cannot be obtained an aircraft able to maintain its assigned flight level should:","If at FL410, climb 1000 ft or descend 500 ft, while turning towards the alternate aerodrome.","If at FL410, climb 500 ft, while turning towards the alternate aerodrome.","If at FL410, climb or descend 500 ft, while turning towards the alternate aerodrome.","If at FL410, descend 1000 ft, while turning towards the alternate aerodrome.",A,"To minimize the risk of collision when crossing a North Atlantic Track (NAT) flow without ATC clearance, an aircraft must immediately offset its altitude to establish vertical separation from the traffic stream. Climbing 1000 ft or descending 500 ft provides the necessary vertical buffer to ensure safety while the aircraft maneuvers toward the alternate aerodrome."
Operational Procedures,5040,"In the event of a contingency which required an en-route diversion to an alternate aerodrome across the direction of the prevailing """"NAT"""" traffic flow and if prior ATC clearance cannot be obtained an aircraft not able to maintain its assigned flight level should:",Start its descent while turning to acquire a track separated by 30 NM from its assigned route or track.,Start its descent while turning to acquire a track separated by 60 NM from its assigned route or track.,Start its descent while turning to acquire a track separated by 90 NM from its assigned route or track.,Descend below FL275.,A,"In the North Atlantic (NAT) MNPS/HLA airspace, an aircraft unable to maintain its assigned flight level must initiate a descent while turning to establish a track offset of 30 NM from its original route. This specific lateral separation maneuver ensures the aircraft remains clear of the prevailing traffic flow while descending to a safer altitude."
Operational Procedures,5041,"An air traffic unit may request the aircraft to report position when flying east-west south of 70°N between 5°W and 65°W, every:",10° of longitude.,5° of longitude.,20° of longitude.,15° of longitude.,A,"In accordance with ICAO PANS-ATM procedures for the North Atlantic region, aircraft flying east-west tracks south of 70°N within the specified longitudinal boundaries are required to report their position every 10 degrees of longitude. This interval ensures adequate surveillance and traffic separation in an area where radar coverage may be limited."
Operational Procedures,5042,"An air traffic units may request the aircraft to report position when flying east- west north of 70°N between 10°W and 50°W, every:",20° of longitude.,10° of longitude.,15° of longitude.,5° of longitude.,A,"In polar regions, specifically north of 70°N in the specified longitudinal band, traditional reporting intervals are impractical due to the convergence of meridians. Consequently, ICAO procedures mandate that aircraft report their position at 20° intervals of longitude to maintain situational awareness without excessive communication frequency."
Operational Procedures,5043,"Which errors in """"estimates"""" minutes shall be reported by aircraft overflying the North Atlantic?",3 or more.,5 or more.,10 or more.,2 or more.,A,"In North Atlantic (NAT) airspace, procedural separation relies on precise position reporting to ensure longitudinal spacing. To maintain this safety margin, any deviation of 3 minutes or more from the previously estimated time of arrival at a significant point must be reported to the appropriate oceanic control center."
Operational Procedures,5044,The minimum lateral separation in the NAT region is:,60 NM between aircraft flying above FL285.,60 NM between aircraft operating below MNPS airspace.,90 NM between aircraft flying above FL285.,90 NM between all aircraft flying in the NAT region.,A,"Within the North Atlantic High Level Airspace (NAT HLA), the Reduced Lateral Separation Minimum (RLatSM) allows for 60 NM lateral spacing between aircraft operating between FL285 and FL420. This standard applies to tracks within the defined NAT region to increase capacity while maintaining required safety levels for RNP 4 or NAT HLA certified aircraft."
Operational Procedures,5045,Which separation will be provided if Reduced Vertical Separation Minimum (RVSM) is used when operating in MNPS airspace?,60 NM lateral and 1000 ft vertical.,90 NM lateral and 1000 ft vertical.,60 NM lateral and 500 ft vertical.,90 NM lateral and 500 ft vertical.,A,"In RVSM airspace, the vertical separation standard is reduced from 2000 feet to 1000 feet for aircraft operating between FL290 and FL410. Within MNPS (Minimum Navigation Performance Specification) airspace, the associated lateral separation standard is 60 NM, ensuring safe separation between adequately equipped aircraft."
Operational Procedures,5046,At which levels may Reduced Vertical Separation Minimum (RVSM) be used within NAT region?,Between FL290 and FL410.,Between FL275 and FL400.,Between FL245 and FL410.,Below FL290.,A,"RVSM airspace is specifically designed to reduce the vertical separation between aircraft from 2,000 feet to 1,000 feet within the specified altitude band. In the NAT region, as in most ICAO regions, this vertical separation standard applies strictly between FL290 and FL410 inclusive."
Operational Procedures,5047,Flights within NAT region shall be conducted in accordance with IFR when:,Operating at or above FL 60 or 2000 ft whichever is higher.,Flying above 3000 ft.,Operating more than 100 NM seaward from the shoreline within controlled airspace.,Operating more than 100 NM seaward from the shoreline within uncontrolled airspace.,A,"The North Atlantic (NAT) regional supplementary procedures mandate that all flights operating within the region must be conducted in accordance with IFR when at or above flight level 60 or 2,000 feet, whichever is higher. This requirement ensures standardized traffic separation and navigation safety across the oceanic and remote airspace transition zones."
Operational Procedures,5048,"During a flight to Europe, scheduled in MNPS (Minimum Navigation Performance Specification) airspace, you expect to cross the 30°W meridian at 1000 UTC , you will normally be :",in random airspace.,in a day flight route system.,in a night flight route system.,out of the organised route system.,A,"The North Atlantic Organised Track System (OTS) is established daily based on prevailing winds and is only active during specific time windows to accommodate peak traffic flows. Since the 30°W meridian crossing occurs at 1000 UTC, which is outside the standard published daytime and nighttime track windows, your flight must operate via random routes rather than the organized system."
Operational Procedures,5049,"During a flight to Europe, scheduled in MNPS (Minimum Navigation Performance Spécification) airspace, you expect to cross the 30°W meridian at 2330 UTC , you will normally be :",in random airspace,in a day flight route system,in a night flight route system,out of the organized route system,A,"The Organized Track System (OTS) in the North Atlantic is published twice daily, providing specific tracks for eastbound traffic at night and westbound traffic during the day. Because you are crossing the 30°W meridian at 2330 UTC, which is outside the peak traffic windows for the established tracks, you are required to operate within random airspace."
Operational Procedures,5050,The abbreviation MNPS means :,Minimum Navigation Performance Specification,Main Navigation Performance Specification,Maximum Navigation Performance Specification,Magnetic Navigation Performance Specification,A,The term MNPS refers to the minimum standards of navigation performance required for aircraft operating within specified oceanic or remote airspace. These specifications ensure that aircraft maintain the necessary accuracy and separation standards to operate safely in regions where radar coverage is unavailable.
Operational Procedures,5051,Minimum Navigation Performance Specification (MNPS) airspace of the North Atlantic is comprised within :,flight levels 285 and 420 from the North parallel 27 to the pole,flight levels 270 and 400 from the equator to the pole,sea level and FL660 from North parallel 27 to the pole,flight levels 280 and 475 from North parallel 27 to the pole,A,MNPS airspace is strictly defined to manage traffic density in the North Atlantic region between flight levels 285 and 420. It covers the area extending from the North Pole down to the 27th degree North parallel to ensure standardized navigation performance where radar coverage is unavailable.
Operational Procedures,5052,Penetration into the North Atlantic ocean airspace is :,subject to a mandatory clearance,subject to an optional clearance depending on the type of flight (scheduled or not),"not subject to a clearance, since the flight is already controlled",subject to a clearance only if the flight route is changed,A,"North Atlantic airspace is designated as an Oceanic Control Area where procedural separation is applied due to the lack of continuous radar coverage. Consequently, pilots must obtain a mandatory oceanic clearance from the appropriate oceanic control unit to ensure safe separation and coordination before entering the airspace."
Operational Procedures,5053,The ascent or descent through MNPS (Minimum Navigation Performance Specification) airspace of a non MNPS certified aircraft is :,authorized under radar control if the aircraft is in VHF contact with the MNPS controller,forbidden in all cases,authorized when the aircraft has two precision navigation systems,authorized only if the aircraft is in radio contact with the aircraft present in this space,A,"Non-MNPS certified aircraft are generally excluded from MNPS airspace to maintain separation standards based on navigation accuracy. However, they may be authorized to transition through this airspace if they remain under active radar surveillance and maintain direct VHF communication with the appropriate ATC authority to ensure safety."
Operational Procedures,5054,"Arriving at the point of entry into MNPS (Minimum Navigation Performance Specification) airspace over the North Atlantic and not having yet received the oceanic clearance, the crew :",carries out a holding pattern,returns to base immediately,keeps flying in accordance with the air-filed flight plan,keeps flying deviating its course by 30 nautical miles from that of the air-filed flight plan,A,"An aircraft must not enter MNPS airspace without a valid oceanic clearance because this region lacks radar surveillance and requires strict procedural separation. If clearance has not been received by the entry point, the crew is required to enter a holding pattern outside the oceanic boundary to await authorization rather than proceeding into controlled airspace unauthorized."
Operational Procedures,5055,The North Atlantic airspace is regulated according to :,the ICAO document 7030 (additional regional procedures),rules issued by the bordering States (document 6530),"rules common to the bordering States, grouped in document 7050 (North Atlantic Ocean Airspace)","Canadian rules, because this country has the greatest surface area of territorial waters in this airspace",A,"ICAO Document 7030, Regional Supplementary Procedures, contains the specific rules and procedures that supplement the global Standards and Recommended Practices for each ICAO region. The North Atlantic airspace operates under these supplementary procedures to ensure harmonized and safe navigation across the oceanic regions managed by multiple bordering states."
Operational Procedures,5056,"In the Area where the MNPS is applicable, the vertical separation that can be applied between FL 290 and FL410 inclusive is :",1 000 ft,500 ft,2000ft,1 500 ft,A,"Within the MNPS airspace, Reduced Vertical Separation Minimum (RVSM) criteria apply between FL 290 and FL 410 inclusive. This standard mandates a vertical separation of 1,000 feet to allow for more efficient flight levels and increased airspace capacity."
Operational Procedures,5057,"An aircraft flying at flight level 370 (FL 370) on MNPS Airspace is unable to continue flight in accordance with its air traffic control clearance (degradation of navigational performance requirements, mechanics troubles .... etc), but is able to maintain its assigned level (FL 370), and due to a total loss of communications capability, could not obtain a revised clearance from ATC. The aircraft should leave its assigned route or track by turning 90° (90 degrees) to the right or left whenever this is possible, and the subsequent action will be, turn to acquire and maintain in either direction a track laterally separated by 30 NM from its assigned route and :",climb or descend 500 ft,climb or descent 1 000 ft,climb or descent 1 000 ft or descend 500 ft,climb 500 ft or descend 1 000 ft,A,"In North Atlantic MNPS airspace, an aircraft experiencing a total loss of communications and navigation capability must offset laterally by 30 NM to clear the assigned track. To further ensure vertical separation from other traffic that may still be on the same flight level, the aircraft must then climb or descend by 500 feet."
Operational Procedures,5058,"An aircraft flying above flight level 410 on MNPS Airspace is unable to continue flight in accordance with its air traffic control clearance (degradation of navigational performance requirements, mechanics troubles... etc), bus is able to maintain its assigned level, and due to a total loss of communications capability, could not obtain a revised clearance from ATC. The aircraft should leave its assigned route or track by turning 90° (90 degrees) to the right of left whenever this is possible, and the subsequent action will be, turn to acquire and maintain in either direction track laterally separated by 30 NM from its assigned route and :",climb or descend 1 000 ft,climb or descent 500 ft,climb 1 000 ft or descent 500 ft,climb 500 ft or descend 1 000 ft,A,"In MNPS airspace above FL410, standard vertical separation is 2,000 feet, but contingency procedures for lost communications and navigation capability require an offset of 1,000 feet to establish a safe vertical buffer. By climbing or descending 1,000 feet, the aircraft places itself midway between standard flight levels, effectively clearing the traffic flow on its original assigned level."
Operational Procedures,5059,"An aircraft operating within MNPS Airspace is unable to continue flight in accordance with its air traffic control clearance (due to degradation of navigational performance requirements), but is able to maintain its assigned level,and due to a total loss of communications capability, could not obtain a revised clearance from ATC. The aircraft should leave its assigned route or track by turning 90° (90 degrees) to the right or left whenever this is possible, and the subsequent action will be, turn to acquire and maintain in either direction a track laterally separated by 30 NM from its assigned route and climb 1 000 ft or descend 500 ft, if :",at FL410,above FL 410,below FL 410,at FL 430,A,"In MNPS airspace, the vertical separation minimum increases to 2,000 feet above FL410, meaning a standard 500 or 1,000-foot altitude change is insufficient to ensure safe separation from other traffic. Therefore, the specific procedure of climbing 1,000 feet or descending 500 feet while moving 30 NM laterally is only applicable when the aircraft is at FL410. If the aircraft is above FL410, different contingency procedures apply due to the increased vertical separation requirement."
Operational Procedures,5060,"An aircraft operating within MNPS Airspace is unable to continue flight in accordance with its air traffic control clearance (due to degradation of navigational performance requirements), but is able to maintain its assigned level, and due to a total loss of communications capability, could not obtain a revised clearance from ATC. The aircraft should leave its assigned route or track by turning 90° (90 degrees) to the right or left whenever this is possible, and the subsequent action will be, turn to acquire and maintain in either direction a track laterally separated by 30 NM from its assigned route and climb or descend 500 ft, if :",below FL 410,at FL 410,above FL 410,at FL 430,A,"In MNPS airspace, the vertical separation minimum is 1,000 ft at or below FL 410 and 2,000 ft above FL 410. When an aircraft experiences a contingency, a 500 ft altitude change is only sufficient to remain clear of other traffic when the standard vertical separation is 1,000 ft; therefore, this maneuver is restricted to operations at or below FL 410."
Operational Procedures,5061,"According to the recommended """"noise abatement take-off and climb procedure A"""" established in ICAO, DOC 8168 Volume I part V, Chapter 3, thrust reduction to climb power, has to be done as soon as the aircraft reaches :",1 500 ft,3 000 ft,2 000 ft,1 000 ft,A,"ICAO DOC 8168 specifies Noise Abatement Departure Procedure (NADP) 1, where thrust reduction is initiated at 1,500 feet above aerodrome elevation to minimize noise in the immediate vicinity of the airport. This procedure ensures a higher rate of climb during the initial segment followed by a power reduction to maintain a quieter climb profile."
Operational Procedures,5062,The Master Minimum Equipment List (MMEL) defines the equipment on which certain in-flight failures can be allowed and the conditions under which this allowance can be accepted. This MMEL is drawn up by :,the manufacturer and approved by the certification authority,the operator and is specified in the operation manual,the operator and approved by the certification authority,the operator from a main list drawn up by the manufacturer,A,The MMEL is a master document created by the aircraft manufacturer based on the specific type design to establish the baseline for dispatch reliability. It must be formally reviewed and approved by the State of Design or the relevant certification authority to ensure that safety levels remain within acceptable limits.
Operational Procedures,5063,The Minimum Equipment List (MEL) defines the equipment on which certain in- flight failures can be allowed and the conditions under which this allowance can be accepted . The Mel is drawn up by :,the operator and may be more restrictive than the Master Minimum Equipment List (MMEL),the manufacturer and may be less restrictive than the Master Minimum equipment List (MMEL),the operator and may be less restrictive than the Master Minimum equipment List (MMEL),the manufacturer and may be more restrictive than the Master Minimum Equipment List (MMEL),A,"The MEL is developed by the individual operator based on the manufacturer’s MMEL to reflect the specific configuration and operational requirements of their aircraft. While the MEL cannot be less restrictive than the MMEL, the operator may choose to impose additional limitations to enhance safety or operational standards."
Operational Procedures,5064,The Minimum Equipment List (MEL) is established by:,the airline operator.,the manufacturer.,the aeronautical authority the airline operator depends on.,the Civil Aviation Authority of the european states.,A,"The MEL is a document developed by the airline operator to define which equipment may be inoperative while maintaining a safe level of operation. While it must be based on the Master Minimum Equipment List (MMEL) approved by the manufacturer and the state of design, the final MEL is customized and formally established by the operator to suit their specific flight operations."
Operational Procedures,5065,A piece of equipment on your public transport airplane fails while taxiing to the holding point. The reference document you use in the first place to decide on the procedure to follow is:,"the operation manual's chapter """"Abnormal and Emergency Procedures"""".",the minimum equipment list.,the JAR OPS.,the flight record.,A,"The Minimum Equipment List (MEL) is intended for dispatch planning before an engine start or movement for the purpose of take-off. Once the aircraft is taxiing, any failure must be addressed immediately using the Abnormal and Emergency Procedures section of the Operations Manual to ensure safe handling of the in-flight or ground incident."
Operational Procedures,5066,A piece of equipment on your public transport airplane fails while you are still parked. The reference document you use to decide on the procedure to follow is:,the minimum equipment list.,"the operation manual's chapter """"Abnormal and Emergency procedures"""".",the JAR OPS.,the flight manual.,A,The Minimum Equipment List (MEL) is the specific document approved by the regulatory authority that dictates whether an aircraft may be dispatched with inoperative equipment. It provides the necessary procedures and limitations to ensure safety while allowing the flight to proceed under defined conditions.
Operational Procedures,5067,The minimum equipment list of a public transport airplane is to be found in the :,operation manual.,JAR OPS.,flight manual.,flight record.,A,"The Minimum Equipment List (MEL) is derived from the Master Minimum Equipment List (MMEL) and is specific to an individual operator's fleet and procedures. Therefore, it is mandated to be contained within the Operations Manual to ensure that flight crews have direct access to approved dispatch criteria during daily operations."
Operational Procedures,5068,The master minimum equipment list (MMEL) is established by:,"the manufacturer of the aircraft, and accepted by the authority","the operator of the aircraft, and accepted by the authority","the manufacturer of the aircraft, but need not to be accepted by the authority","the operator of the aircraft, and accepted by the manufacturer",A,The MMEL is developed by the aircraft manufacturer to provide a list of equipment that may be inoperative while still maintaining an acceptable level of safety. This document must then be reviewed and formally approved by the relevant aviation regulatory authority to ensure compliance with certification standards.
Operational Procedures,5069,The minimum equipment list (MEL) gives the equipment which can be inoperative when undertaking a flight and the additonnal procedures to be observed accordingly. This list is prepared by:,"the operator, and it is inserted in the operations manual","the manufacturer, and it is inserted in the operations manual","the operator, and it is appended to the flight manual","the manufacturer, and it is appended to the flight manual",A,"The MEL is a document tailored to a specific operator's fleet and operational requirements, derived from the Master Minimum Equipment List (MMEL) established by the manufacturer. It is a mandatory component of the operator's manuals, ensuring that flight crews have the necessary instructions for managing inoperative equipment while maintaining safety compliance."
Operational Procedures,5070,"The greatest possibility of ice buildup, while flying under icing conditions, occurs on :",The aircraft front areas.,The upper and lower wingsurfaces.,The upper and lower rudder surfaces.,Only the pitot and static probes.,A,"Ice accumulation is most severe on frontal surfaces because these areas directly strike the supercooled water droplets as the aircraft moves forward. Consequently, stagnation points such as the leading edges of wings, engine inlets, and nose sections experience the highest rate of ice impingement."
Operational Procedures,5071,The terminal VOR transmittes the following weather data. When do you expect carburettor icing?,Outside Air Temperature (OAT) : +10°CDew Point (DEWP) : +7°C,Outside Air Temperature (OAT) : +15°CDew Point (DEWP) : -5°C,Outside Air Temperature (OAT) : +25°CDew Point (DEWP) : +5°C,Outside Air Temperature (OAT) : -10°CDew point (DEWP) : -15°C,A,"Carburettor icing is most likely to occur when the OAT is between -5°C and +30°C and the humidity is high, indicated by a small dew point spread. Option A presents a high-humidity environment with a spread of only 3°C, which facilitates the rapid cooling and icing process within the carburettor venturi."
Operational Procedures,5072,"If the EPR probe becomes covered with ice, EPR indications will be:",Greater than the actual.,Less than the actual.,Equal to the actual.,Dependent on the temperature.,A,"When the EPR probe inlet is obstructed by ice, the internal pressure cannot vent properly, causing the system to sense a higher pressure than the actual turbine discharge pressure. This leads the EPR gauge to display an erroneously high reading compared to the engine's true output."
Operational Procedures,5073,"In public transport, prior to take-off in icing conditions, the captain must check that:","external surfaces are free from any ice accretion which may impede the airplane performance and manoeuvrability, except within the limits specified by the flight manual.",external surfaces are free from any ice accretion greater than 5 mm.,external surfaces are still covered with anti-icing fluid.,possible ice accretions do not cause to exceed weight and balance limits.,A,"The ""clean aircraft concept"" requires that all critical surfaces be free of contaminants, as even minor ice accretions significantly degrade aerodynamic performance and control effectiveness. While any accumulation is generally prohibited, the captain may only accept conditions explicitly permitted by the aircraft's flight manual or specific operational limitations."
Operational Procedures,5074,The accumulation of snow or ice on an aircraft in flight induces an increase in the:,stalling speed,value of the stall angle of attack,tuck under,roll rate,A,"The accumulation of ice or snow on an aircraft significantly disrupts airflow over the wings, increasing drag and reducing the maximum lift coefficient. As a result, the aircraft must maintain a higher airspeed to generate the lift required for flight, which directly leads to an increase in the stalling speed."
Operational Procedures,5075,The reference document dealing with air transport of hazardous materials is :,ICAO Appendix 18,ICAO Appendix 8,the Washington Convention,"Instruction No. 300 of June 3, 1957",A,"ICAO Annex 18 establishes the international standards and recommended practices for the safe transport of dangerous goods by air. It is the primary regulatory document that mandates how hazardous materials must be packed, labeled, and handled during flight operations."
Operational Procedures,5076,"When taking-off, in winter conditions, the wing contamination by ice or frost will cause the following effects:1 - an increase in the take-off distance2 - a diminution of the take-off run3 - an increase in the stalling speed4 - a diminution of the stalling speed5 - a diminution of the climb gradientThe combination regrouping all the correct statements is :","1, 3, 5","2, 4, 5","1, 2, 3","2, 3, 5",A,"Contamination on the wing surface disrupts airflow, which increases drag and decreases lift, resulting in a longer take-off distance and a reduced climb gradient. Additionally, the surface roughness causes premature boundary layer separation, which significantly increases the stalling speed."
Operational Procedures,5077,The application of a type II de-icing fluid on an aircraft on ground will provide a :,certain time of protection depending on its concentration.,24 hours protection time.,certain time of protection independent of the outside temperature.,3 hours protection time.,A,"Type II de-icing/anti-icing fluids are non-Newtonian fluids that are applied at specific concentrations to provide a Holdover Time (HOT) during active icing conditions. The duration of this protection depends on factors including the fluid's concentration, the aircraft's surface material, and prevailing weather conditions, rather than a fixed time period."
Operational Procedures,5078,"If after anti-icing has been completed a pre-departure inspection reveals evidence of freezing, the correct action is to :",carry out a further de-icing process,complete departure as soon as possible to reduce the possibility of further freezing,switch on all the aeroplane anti-icing and de-icing systems and leave on until clear of icing conditions when airborne,complete departure provided that the recommended anti-icing holdover (protection) time for the prevailing conditons and type of fluid used has not been exceeded,A,"The discovery of freezing evidence indicates that the aircraft's critical surfaces are contaminated and the Holdover Time (HOT) has been compromised. To ensure safety, the aircraft must return to a clean surface state through a fresh de-icing process before any takeoff attempt can be made."
Operational Procedures,5079,"At a high ambient temperature (+ 30° C) and with a relative humidity as low as 40 %, in air free of cloud, fog and precipitation, serious carburettor icing :","can occur, but only at a low power setting",cannot occur,"can occur, but only at full power or cruise settings",is possible at any setting,A,"Carburetor icing is primarily caused by the temperature drop resulting from fuel vaporization and the pressure decrease at the venturi, which can lead to ice accumulation even in high ambient temperatures. While this effect is present across settings, it is most severe at low power because the partially closed throttle plate creates a significant pressure drop and cooling effect, making it the most critical regime for ice formation."
Operational Procedures,5080,"For a given ambient temperature and type of de-icing fluid used, in which one of the following types of weather condition will the holdover (protection) time be shortest ?",Freezing rain,Steady snow,Freezing fog,Frost,A,"Freezing rain has the highest water content and creates the most rapid accumulation of ice, which quickly overwhelms the chemical properties of de-icing fluids. Compared to other conditions like snow or fog, this high-moisture environment causes the fluid to fail significantly faster, resulting in the shortest holdover time."
Operational Procedures,5081,"During a de-icing/anti-icing procedure carried out in two stages, the waiting time starts:",at the beginning of the second stage (anti-icing stage).,at the beginning of the first stage (de-icing stage).,at the end of the second stage (anti-icing stage).,a the end of the first stage (de-icing stage).,A,"The holdover time (HOT) is determined by the fluid application during the anti-icing stage, as this layer provides the necessary protection against freezing precipitation. Therefore, the clock for the waiting time must begin at the commencement of this final anti-icing application to ensure the effectiveness of the protective fluid remains within its certified timeframe."
Operational Procedures,5082,During an aircraft de-icing/anti-icing procedure:,the anti-icing fluid is applied without heating and the de-icing fluid is applied hot.,the anti-icing and de-icing fluids are applied hot.,the anti-icing and de-icing fluids are applied cold.,the de-icing fluid is applied without heating and the anti-icing fluid is applied hot.,A,"De-icing fluid is applied hot to effectively melt existing ice, snow, or frost accumulations on the aircraft surfaces. Conversely, anti-icing fluid is applied cold to ensure it retains the necessary viscosity to form a protective film that prevents new frozen contaminants from adhering until takeoff."
Operational Procedures,5083,Which of the following requirements should be met when planning a flight with icing conditions:,The aircraft shall be equipped with approved ice-protection systems,The flight should be planned so that a change of cruising level can be initiated rapidly,The aircraft shall before flight be sprayed with anti-icing fluid,A meterologist shall decide whether the flight may be performed without ice-protection systems,A,"To ensure flight safety in known or forecast icing conditions, the aircraft must be certified and equipped with functioning anti-icing or de-icing systems appropriate for the expected exposure. Regulatory requirements mandate that such protection is necessary to maintain the aerodynamic integrity and operational performance of the aircraft throughout the flight."
Operational Procedures,5084,"In icing conditions and after the application of an anti-icing fluid on your airplane, you are waiting to take-off by:1. avoiding positioning yourself in the engine jet wash of the preceding aircraft2. avoiding positioning yourself in the turbo-props wash of the preceding aircraft 3. positioning yourself in the engine jet wash of the preceding aircraft 4. positioning yourself in the turbo-props wash of the preceding aircraft The combination regrouping all the correct statements is:","1, 2","3, 4","2, 3","1, 4",A,"Anti-icing fluids have a finite holdover time that is significantly reduced by the high-velocity, heated air or debris generated by the exhaust of preceding aircraft. To prevent the premature degradation or displacement of the protective fluid layer, you must avoid positioning the aircraft within the engine or propeller wash of others while awaiting takeoff."
Operational Procedures,5085,An aircraft having undergone an anti-icing procedure must be anti-icing fluid free at the latest when :,it is rotating (before taking-off).,releasing the brakes in order to take-off.,it is implementing its own anti-icing devices.,leaving the icing zone.,A,"De-icing and anti-icing fluids are designed to be aerodynamically shed from critical surfaces during the acceleration and rotation phase of the take-off roll. If the fluid remains on the aircraft during rotation, it would disrupt airflow over the wings, potentially causing a dangerous loss of lift or increased drag. Therefore, the fluid must be clear of the aircraft by the point of rotation to ensure safe lift-off."
Operational Procedures,5086,An aircraft having undergone an anti-icing procedure and having exceeded the protection time of the anti-icing fluid:,must undergo a de-icing procedure before a new application of anti-icing fluid for take-off.,must only undergo a new anti-icing procedure for take-off.,need not to undergo a new anti-icing procedure for take-off.,must only undergo a de-icing procedure for take-off.,A,"Once the holdover time has expired, the anti-icing fluid is no longer considered effective and may have become contaminated. To ensure the critical surfaces are clean and to prevent the build-up of frozen deposits, a full de-icing procedure must be performed to remove all existing contaminants before a fresh application of anti-icing fluid is applied."
Operational Procedures,5087,"The protection time of an anti-icing fluid depends on:1. the type and intensity of the showers2. the ambient temperature3. the relative humidity4. the direction and speed of the wind5. the temperature of the airplane skin6. the type of fluid, its concentration and temperatureThe combination regrouping all the correct statements is:","1, 2, 3, 4, 5, 6","1, 3, 5, 6","2, 3, 4, 5","1, 2, 4, 6",A,"Holdover time is determined by a complex interaction between meteorological conditions and the physical properties of the fluid applied. Factors such as precipitation type and intensity, ambient and surface temperatures, humidity, and wind speed directly impact how quickly the fluid's freezing point is reached, while the fluid's specific type and concentration define its inherent performance limits."
Operational Procedures,5088,The anti-icing fluid protecting film can wear off and reduce considerably the protection time:,during strong winds or as a result of the other aircraft engines jet wash.,when the outside temperature is close to 0 °C.,when the temperature of the airplane skin is close to 0 °C.,when the airplane is into the wind.,A,"High-velocity airflow from strong winds or jet blast creates aerodynamic shear forces that strip the anti-icing fluid film from the aircraft surfaces. This mechanical displacement significantly reduces the fluid's thickness, thereby shortening the effective holdover time provided by the protection."
Operational Procedures,5089,"Without wind, the tip vortices created by an airplane at take-off:",separate on each side of the runway.,stagnate on the runway.,separate to the right side.,separate to the left side.,A,"Tip vortices are generated by the pressure differential at the wingtips and roll outward and downward from the aircraft's path. Consequently, they move laterally away from the runway centerline and remain near the ground until they dissipate or are carried away by ambient wind."
Operational Procedures,5090,"When an aircraft, having already undergone an anti-icing procedure, must be protected again:","First, you must de-ice again the surface of the airplane, then apply the new layer of anti-icing fluid.",You can apply directly the new layer of anti-icing fluid without previous de-icing.,You must operate the aircraft de-icing/anti-icing devices before applying the new layer of anti-icing fluid.,you must wait until the protection time of the anti-icing fluid is over before applying the new layer of anti-icing fluid.,A,"Anti-icing fluids are designed to prevent new contamination from adhering to clean surfaces, but they cannot effectively penetrate or remove existing frozen deposits. Therefore, if the holdover time has expired or contamination has accumulated, you must perform a full de-icing procedure to clear the surface before reapplying a fresh layer of anti-icing fluid."
Operational Procedures,5091,"The holdover time following an anti-icing procedure being carried out will vary considerbly depending on the ambient temperature and the weather conditions. For a given ambient temperature, the longest protection will be in weather conditions of :",frost,freezing fog,rain on a cold soaked wing,steady snow,A,"Holdover time represents the estimated period that anti-icing fluid remains effective in preventing the accumulation of frozen contaminants. Frost provides the least aggressive accumulation rate compared to active precipitation like snow, rain, or fog, allowing the protective layer to remain effective for a significantly longer duration."
Operational Procedures,5092,For stable clouds:1- the most favourable temperatures for icing are between 0°C and -10°C2- the most favourable temperatures for icing are between 0°C and -15°C3- icing becomes rare at t < -18°C4- icing becomes rare at t < -30°C5- the diameter of water droplets is between 0.002 and 0.03mm6- the diameter of water droplets is between 0.004 and 0.2mmWhich of the following combinations contains all the correct statements?,2001-03-05,2002-04-06,2002-03-05,2001-04-06,A,"In stable clouds, icing is most intense between 0°C and -10°C due to the presence of supercooled water droplets, with the risk decreasing significantly as temperatures drop below -18°C. Furthermore, these clouds are characterized by smaller droplet diameters, typically ranging between 0.002 and 0.03 mm. Therefore, statements 1, 3, and 5 accurately describe the physical properties and icing conditions associated with stable cloud formations."
Operational Procedures,5093,"The observations and studies conducted on the behavior of birds on the ground, ahead of an aircraft taking off and having reached an average speed of 135 kt, show that birds fly away :",about two seconds beforehand,about ten seconds beforehand,as soon as they hear the engines noise,from the beginning of the takeoff roll,A,"Studies indicate that birds are often unable to perceive or react to an approaching aircraft until it is quite close, typically requiring them to take flight only two seconds before impact. Because they cannot judge the speed of a fast-moving aircraft accurately, they do not react to the engine noise or movement earlier in the takeoff roll."
Operational Procedures,5094,A analysis of the bird strikes shows that the highest risk is encountered in a layer from :,from 0 to 150 m.,from 500 to 1200 m.,from 100 to 800 m.,from 200 to 500 m.,A,"The majority of bird strikes occur during the take-off and landing phases, which take place within the immediate vicinity of the aerodrome. Statistical data confirms that the vast majority of these encounters happen at low altitudes, specifically within the first 150 meters (approximately 500 feet) above ground level."
Operational Procedures,5095,90 % of bird strikes occur :,under 500 m,above 1 000 m,between 500 and 1 000 m,between 500 and 1 500 m,A,"Most bird strikes occur during takeoff and landing phases when aircraft are operating at low altitudes near airports, which is the primary habitat for bird activity. Statistics consistently show that the vast majority of these incidents happen below 500 meters, where the density of bird populations is highest."
Operational Procedures,5096,Which one of the following sets of conditions is the least likely to attract flocks of birds ?,long grass,edible rubbish,an area liable to flooding,short gang-mown grass,A,"Long grass is generally avoided by birds because it restricts their visibility, making it difficult for them to detect approaching predators. Conversely, short grass and flooded areas provide easy access to food and water, while rubbish creates a direct feeding source, all of which are highly attractive to bird populations."
Operational Procedures,5097,Which one of the following sets of conditions is most likely to attract birds to an aerodrome ?,a refuse tip in close proximity,mowing and maintaining the grass long,a modern sewage tip in close proximity,the extraction of minerals such as sand and gravel,A,Refuse tips provide a readily available and concentrated food source that attracts large numbers of birds. This activity creates significant hazards to aviation by increasing the frequency and density of bird movements within the aerodrome environment.
Operational Procedures,5098,The most efficient bird scaring technique generally available is :,broadcasting of recorded distress calls,firing shellcrackers,various visual methods,"the use of model predators, scarecrows, etc",A,"Broadcasting recorded distress calls is the most effective method because it exploits the natural instinct of birds to flee an area perceived as dangerous. Unlike visual deterrents that birds eventually ignore through habituation, distress signals trigger an immediate and instinctive flight response across a wide area."
Operational Procedures,5099,"As regards the detection of bird strike hazard, the pilot's means of information and prevention are:1 - ATIS.2 - NOTAMs.3 - BIRDTAMs.4 - Weather radar.5 - The report by another crew.The combination regrouping all the correct statements is :","1,2,5","1,2,3,4,5","1,3,4","2,5",A,"ATIS, NOTAMs, and pilot reports provide established operational information regarding known bird activity and hazards in the vicinity of an aerodrome. BIRDTAMs and weather radar are not standard or reliable means for a pilot to detect and mitigate specific bird strike risks during routine operations."
Operational Procedures,5100,"You are the captain of a commercial airplane and you notice, after take-off, a flock of birds which may present a bird strike hazard, you must:",immediately inform the appropriate ground station.,inform the other aircraft by radio.,inform the appropriate ground station within a reasonable period of time.,draft a bird strike hazard report upon arrival and within at most 48 hours.,A,Immediate notification to the appropriate ground station is required to ensure that Air Traffic Control can warn other departing or arriving aircraft of the potential hazard in real time. This proactive communication is essential for maintaining flight safety and preventing bird strikes for subsequent traffic in the vicinity of the airport.
Operational Procedures,5101,During take-off an aircraft hits a bird. Due to control vibrations a landing must be made immediately. Following this incident the pilot :,must file a Bird Strike report,must file an AIR PROX report: the Control Tower having given no warning,must file a airworthiness report,is not obliged to report this incident,A,"Under international aviation regulations, any incident involving a collision between an aircraft and a bird must be formally reported to the relevant civil aviation authority. This data is essential for safety management systems to track wildlife hazards and implement effective mitigation strategies at airports."
Operational Procedures,5102,About procedures for noise attenuation during landing:,Such procedures will not involve the prohibition of using reverse thrust .,They prohibit the use of reverse thrust .,Such procedures do not exist.,They are applied in the case of an instrument approach only.,A,"Noise abatement procedures prioritize reducing noise levels over residential areas, but safety remains the overriding factor in all flight operations. Since reverse thrust is a critical safety tool for stopping the aircraft within the available runway length, especially on contaminated or short runways, it is never officially prohibited for noise reasons."
Operational Procedures,5103,"Noise attenuation shall not be the determining factor in the designation of a runway, under the following circumstances :1. when cross wind component, including gust, exceeds 15 knots.2. when the tail wind component, including gust, exceeds 5 knots.3. when the runway is not clear or dry.The combination regrouping all the correct statements is :","1,2,3.","1,2.","1,3.","2,3.",A,"Runway designation must prioritize safety and operational limitations over noise abatement procedures. Therefore, if wind components exceed specified safety limits (crosswind > 15 knots or tailwind > 5 knots) or the runway surface is contaminated, these safety requirements supersede any noise-related considerations."
Operational Procedures,5104,"When setting up a minimum noise climb, the minimum height at which a power reduction shall be allowed is :",300 m (1000 ft),450 m (1500 ft),150 m (500 ft),600 m (2000 ft),A,"In accordance with ICAO PANS-OPS, noise abatement departure procedures are designed to balance safety and environmental concerns. To ensure the aircraft has achieved a safe climb gradient and stable configuration, power reduction is restricted until reaching a minimum height of 300 meters (1000 feet) above aerodrome elevation."
Operational Procedures,5105,"Following take-off, the noise abatement climb procedures specified by the operator is :","for the same airplane type, the same for all airports.","for all airplane types, the same for a specific airport.","different for a same airplane type, according to airports.",different according to airports and airplane types.,A,Operational procedures for noise abatement are established by the operator to ensure standardized handling characteristics and performance profiles for a specific aircraft type. Maintaining the same procedure across all airports minimizes crew workload and reduces the risk of error during the critical phase of flight following take-off.
Operational Procedures,5106,Who has the responsibility for establishing operating procedures for noise abatement purposes during instrument flight in compliance with ICAO PANS OPS the :,operator,state of the operator,state in which the aeroplane is operating,commander,A,"According to ICAO PANS-OPS, the operator is responsible for establishing noise abatement procedures that comply with the requirements of the state in which the aircraft is operating. This ensures that while the state sets the safety and environmental criteria, the operator develops the specific procedures to be flown by their flight crews."
Operational Procedures,5107,Which one of the following factors should prevent a runway being chosen as the preferential landing runway for noise abatement purposes in visual meteorological condition (VMC) ?,It has no ILS or visual approach slope guidance,"Cross-wind component, including gusts, is 10 kt",It has a tail wind component of any value,"It has a tail wind component of 3 kts and a cross wind, including gusts, of 12 kt",A,"For noise abatement purposes, a runway should only be selected if it provides a safe and stable approach path. If a runway lacks an ILS or visual approach slope guidance, it is generally unsuitable for preferential selection because the absence of vertical guidance increases the risk of an unstabilized approach."
Operational Procedures,5108,"According with the """"noise abatement take-off and climb procedure B"""", as established in DOC 8168 - Ops Volume 1, part V, aircraft must climb at V2 + 10 to 20 kt, until reaching :",1 000 ft,500 ft,1 500 ft,3 000 ft,A,"Under ICAO Doc 8168, Noise Abatement Departure Procedure 2 (NADP 2) requires the aircraft to maintain an initial climb speed of V2 + 10 to 20 kt to reduce noise exposure near the airport. This speed must be maintained until the aircraft reaches 1,000 ft above aerodrome elevation, at which point the acceleration segment begins."
Operational Procedures,5109,"According to the recommended noise abatement procedures contained in the ICAO, DOC 8268 Volume I part V, data available indicates that the procedure which results in noise relief during the part of the procedure close to the airport :",is procedure B,is procedure A,"is either procedure A or B, because there is not difference in noise distribution",depends on the wind component,A,"ICAO noise abatement procedures designate Procedure A as a method that maintains thrust until a higher altitude, whereas Procedure B involves an earlier thrust reduction. Data indicates that Procedure B provides greater noise relief in the immediate vicinity of the airport because it reduces thrust earlier during the initial climb phase."
Operational Procedures,5110,"In accordance with (ICAO) DOC 8168 - OPS, noise preferential routes are established to ensure that departing and arriving aeroplanes avoid overflying noise-sensitive areas in the vicinity of the aerodrome as far as practicable. In establishing noise preferential routes :",no turns should be required coincident with a reduction of power associated with a noise abatement procedure.,turns during take-off and climb should not be required unless the aeroplane has reached and can maintain throughout the turn a height of no less than 100 m above terrain and the highest obstacle.,turns during take-off and climb should not be required unless the bank angle for turns is limited to 20° (climbing at V2 + 10 to 20 Kt),turns during take-off and climb should not be required unless the bank angle for turns is limited to 28° (climbing at V2 + 10 to 20 Kt),A,"To ensure aircraft controllability and flight safety, ICAO DOC 8168 prohibits requiring turns at the same time as the power reduction associated with noise abatement procedures. Combining these two maneuvers significantly increases pilot workload and reduces the performance margins necessary during the critical initial climb phase."
Operational Procedures,5111,To use passengers oxygen in case of severe cabin smoke is:,useless because the toxical cabin smoke is mixed with the breathing oxygen.,useless because the oxygen units do not operate under smoke conditions.,useless because breathing oxygen would explode under smoke conditions.,possible and recommended.,A,"Passenger oxygen systems are typically continuous-flow diluter systems that mix ambient cabin air with supplemental oxygen. In the event of smoke, using these masks would continuously draw the toxic, smoke-filled cabin air into the mask, posing a severe inhalation hazard to the passenger."
Operational Procedures,5112,Fire fighting in the toilets must be performed with:,all available extinguishers simultaneously.,all available liquids.,all available extinguishers in sequence.,only the extinguisher corresponding to the toilets.,A,Fire in a toilet compartment is particularly dangerous due to the confined space and the risk of rapid fire spread behind partitions. Using all available extinguishers simultaneously ensures the maximum volume of extinguishing agent is applied instantly to overwhelm the fire and prevent re-ignition.
Operational Procedures,5113,"After a landing, with overweight and overspeed conditions, the tyres and brakes are extremely hot. The fireguards should approach the landing gear tyres:",only from front or rear side.,only from left or right side.,from any side.,under no circumstances.,A,Tire explosions following an overweight or overspeed landing typically project debris sideways due to the radial ply structure and the location of the wheel hub. Approaching from the front or rear minimizes the risk of being struck by high-velocity fragments if a tire undergoes a blowout.
Operational Procedures,5114,Beneath fire extinguishers the following equipment for fire fighting is on board:,crash axes or crowbars.,water and all type of beverage.,a hydraulic winch and a big box of tools.,a big bunch of fire extinguishing blankets.,A,"Crash axes or crowbars are required equipment to allow flight crew members to gain access to concealed fires behind aircraft panels or structures. These tools provide the necessary mechanical advantage to force open interior components during an emergency, ensuring effective fire suppression."
Operational Procedures,5115,"If smoke appears in the air conditioning, the first action to take is to :",Put on the mask and goggles.,Begin an emergency descent.,Determine which system is causing the smoke.,Cut off all air conditioning units.,A,"In any smoke or fume event, the immediate priority is to protect the flight crew from inhaling toxic gases by donning oxygen masks and goggles. This ensures that pilots remain conscious and capable of performing subsequent troubleshooting or emergency procedures."
Operational Procedures,5116,You will use a CO2 fire-extinguisher for :1. a paper fire2. a plastic fire3. a hydrocarbon fire4. an electrical fireThe combination regrouping all the correct statements is:,"1,2,3,4","3,4","1,2,3","2,3",A,"CO2 extinguishers work primarily by displacing oxygen, which makes them effective on a wide range of Class A (solids like paper and plastic), Class B (liquid hydrocarbons), and Class C (electrical) fires. Because CO2 is a non-conductive, clean agent that leaves no residue, it is a versatile choice for extinguishing fires in the cabin or flight deck without damaging sensitive electrical equipment."
Operational Procedures,5117,You will use a powder fire-extinguisher for:1. a paper fire2. a plastic fire3. a hydrocarbon fire4. an electrical fireThe combination regrouping all the correct statements is:,"1, 2, 3, 4","1, 2, 3","2, 3","1, 4",A,"Dry powder fire extinguishers are versatile agents that work by interrupting the chemical reaction of a fire, making them effective for Class A (solid materials like paper and plastic), Class B (hydrocarbon/flammable liquids), and Class C (electrical) fires. While they can be messy and cause collateral damage to sensitive avionics, they are universally approved for use on all these fire types in an aviation environment."
Operational Procedures,5118,The correct statement about extinguishing agents on board aeroplanes is :,Halon is an effective extinguishing agent for use in aeroplanes.,Water may only be used for minor fires.,A powder extinguisher is suitable for extinguishing a cockpit fire.,Burning cargo in a cargo-aeroplane is usually extinguished by using carbon dioxide.,A,"Halon is the preferred extinguishing agent in aviation because it is highly effective at suppressing fires in enclosed environments without leaving corrosive or conductive residues. Unlike powder, which can obscure visibility and damage sensitive cockpit avionics, Halon provides efficient fire suppression while maintaining the safety and integrity of the aircraft systems."
Operational Procedures,5119,The system which must be switched off in case of a belly compartment fire is generally the :,ventilation of the cargo compartment,pressurization,total airconditioning,trim air,A,The ventilation system must be switched off to isolate the compartment from airflow and prevent the fire from being fed by a constant supply of oxygen. Turning off the ventilation helps contain the fire and ensures that any fire extinguishing agents discharged into the bay remain effective rather than being vented overboard.
Operational Procedures,5120,"Following a heavy mass landing on a short runway, you should check the :",temperature of the brakes.,temperature of the hydraulic fluid.,pressure of the hydraulic fluid.,pressure of the pneumatic tyres.,A,"A heavy mass landing on a short runway requires maximum braking energy, which generates intense heat within the brake assemblies. Monitoring the brake temperature is critical because excessive heat can lead to brake failure, hydraulic leaks, or a potential wheel well fire."
Operational Procedures,5121,A fire occurs in a wheel and immediate action is required to extinguish it. The safest extinguishant to use is :,dry powder,water,CO2 (carbon dioxide),foam,A,"Dry powder is the most effective choice because it provides rapid knockdown of the fire without the risk of thermal shock to the wheel assembly, which can occur with water or CO2. Unlike foam, dry powder is non-corrosive to aircraft components and is highly effective at suppressing chemical fires involving magnesium or aluminum alloys commonly found in wheel structures."
Operational Procedures,5122,A 1211 halon fire-extinguisher can be used for:1. a paper fire2. a fabric fire3. an electric fire4. a wood fire5. a hydrocarbon fireThe combination regrouping all the correct statements is:,"1, 2, 3, 4, 5","1, 3, 5","2, 3, 4","2, 4, 5",A,"Halon 1211 is a multipurpose liquefied gas extinguishing agent that effectively suppresses fire by chemically interrupting the combustion chain reaction. Because it is non-conductive, residue-free, and suitable for both surface and deep-seated fires, it is highly effective on classes A (solids like paper, fabric, and wood), B (hydrocarbons), and C (electrical) fires."
Operational Procedures,5123,A CO2 fire extinguisher can be used for:1. a paper fire2. a hydrocarbon fire3. a fabric fire4. an electrical fire5. a wood fireThe combination regrouping all the correct statements is:,"1, 2, 3, 4, 5","1, 3, 5","2, 3, 4","2, 4, 5",A,"A CO2 fire extinguisher is a versatile Class B and C extinguishing agent that works by displacing oxygen to smother flames. While it is specifically preferred for electrical fires to avoid equipment damage, it effectively extinguishes all fire classes by creating an inert atmosphere that suppresses combustion."
Operational Procedures,5124,A water fire extinguisher can be used without restriction for:1. a paper fire2. a hydrocarbon fire3. a fabric fire4. an electrical fire5. a wood fireThe combination regrouping all the correct statements is:,"1, 3, 5","1, 2, 3, 4, 5","2, 3, 4","2, 4, 5",A,"Water extinguishers are designed for Class A fires involving solid combustible materials like paper, fabric, and wood. They must never be used on hydrocarbon fires, as they will spread the flammable liquid, or on electrical fires, due to the extreme risk of electrocution."
Operational Procedures,5125,"You will use a water fire-extinguisher (straight jet) on a fire of :1 - solids (fabric, carpet, ...)2 - liquids (ether, gasoline, ...)3 - gas4 - metals (sodium, ...)The combination regrouping all the correct statements is:",1,2,3,3 and 4,A,"Water extinguishers work by cooling and soaking solid materials like fabric or carpet to extinguish Class A fires. You must never use water on liquid, gas, or metal fires, as it can cause the fire to spread, create an explosion, or react violently with the burning substance."
Operational Procedures,5126,"You will use a halon extinguisher for a fire of:1 - solids (fabric, plastic, ...)2 - liquids (alcohol, gasoline, ...)3 - gas4 - metals (aluminium, magnesium, ...)The combination regrouping all the correct statements is:","1,2,3","1,2,3,4","2,3,4","1,2,4",A,"Halon extinguishers are highly effective for Class A, B, and C fires involving solids, liquids, and gases because they chemically inhibit the combustion chain reaction. They are unsuitable for Class D metal fires, as the chemical reaction can be ineffective or potentially hazardous when applied to burning metals."
Operational Procedures,5127,An engine fire warning will switch on the relevant fire shut off-handle.The fire shut-off handle will be switched off when:,fire is no longer detected.,the fire shut-off handle has been pulled.,the fire-extinguisher has been triggered.,all the fire-extinguishers connected to this engine have been triggered.,A,"The fire warning system is designed to provide continuous indication of an active fire hazard. Once the fire is successfully extinguished and the sensors no longer detect combustion, the warning signal automatically resets and the fire shut-off handle warning light extinguishes."
Operational Procedures,5128,"After landing, in case of high temperature of the brakes you:",release the parking brake and you approach the wheels either from aft or fore.,release the parking brake and you approach the wheels sidewards.,apply the parking brake and you approach the wheels either from fore or aft.,apply the parking brake and approach the wheels sidewards.,A,"If the brakes are overheated, releasing the parking brake prevents the potential for mechanical failure or fusing components due to heat expansion. You must approach the wheels from the fore or aft to remain clear of the wheel well and the path of potential tire explosion or debris projection, which typically occurs to the sides."
Operational Procedures,5129,"In case of a fire due to the heating of the brakes, you fight the fire using:1. a dry powder fire extinguisher2. a water spray atomizer3. a water fire-extinguisher4. a CO2 fire-extinguisher to the maximumThe combination regrouping all the correct statements is:","1, 2","2, 3, 4","3, 4","1, 4",A,Dry powder and water spray are the preferred methods because they effectively cool the brake assembly without causing the thermal shock or structural damage associated with rapid cooling agents like CO2. Using a CO2 extinguisher or a direct water stream can cause the overheated metal components or tires to shatter due to extreme temperature gradients.
Operational Procedures,5130,In case of an engine nozzle fire while on ground you :,carry out a dry cranking.,carry out a damp cranking.,pull the fire shut off handle and trigger the engines fire-extinguishers.,fight the nozzle fire with a water fire-extinguisher.,A,"A nozzle fire on the ground is typically caused by residual fuel igniting during or after engine shutdown, rather than an internal engine fire. Dry cranking allows the starter motor to rotate the engine without fuel injection, effectively blowing out the flames and clearing the remaining fuel from the exhaust nozzle."
Operational Procedures,5131,"To extinguish a fire in the cockpit, you use:1. a water fire-extinguisher2. a powder or chemical fire-extinguisher3. a halon fire-extinguisher4. a CO2 fire- extinguisherThe combination regrouping all the correct statements is:","3, 4","1, 2, 3, 4","1, 2","2, 3, 4",A,"Halon and CO2 extinguishers are preferred in the cockpit because they are clean agents that do not damage sensitive electronic equipment or obscure pilot vision. Conversely, water can cause electrical shorts, and powder extinguishers leave residue that is corrosive and hazardous to inhale in a confined, pressurized environment."
Operational Procedures,5132,To fight a fire in an air-conditioned cargo hold:,you turn off the cargo hold ventilation and extinguish fire.,Extinguish fire and reduce air conditioning.,Extinguish fire only.,"Fire-fighting is not necessary, since the transport of combustible goods in an air- conditioned cargo hold is forbidden.",A,"Turning off the cargo hold ventilation is essential because it prevents the continuous supply of oxygen from feeding the fire. By isolating the compartment, you effectively contain the blaze and allow the fire-extinguishing agent to reach its maximum concentration and effectiveness."
Operational Procedures,5133,"A dry-chemical type fire extinguisher is fit to fight:1- class A fires2- class B fires3- electrical source fires4- special fires: metals, gas, chemicalsWhich of the following combinations contains all of the correct statements?",1 - 2 - 3 - 4,04-Fev,04-Mar,2001-02-03,A,"Dry-chemical fire extinguishers are highly versatile agents containing multipurpose compounds, such as monoammonium phosphate, which effectively suppress Class A, B, and C fires. Additionally, specialized dry-powder formulations are the standard for extinguishing Class D fires involving combustible metals and specific chemical reactions. Therefore, this extinguisher type is approved for use across all four fire classifications mentioned."
Operational Procedures,5134,The fire extinguisher types which may be used on class A fires are:1 - H2O2 - CO23 - dry-chemical4 - halogenWhich of the following combinations contains all of the correct statements?,1 - 2 - 3 - 4,2002-03-04,1,04-Mar,A,"Class A fires involve solid combustible materials, and all listed extinguishers are effective at suppressing them. Water cools the fuel, while CO2, dry-chemical, and halogen agents work by displacing oxygen or inhibiting the chemical chain reaction necessary for combustion."
Operational Procedures,5135,The fire extinguisher types which may be used on class B fires are:1 - H2O2 - CO23 - dry-chemical4 - halogenWhich of the following combinations contains all of the correct statements?,2002-03-04,1 - 2 - 3 - 4,2,04-Mar,A,"Class B fires involve flammable liquids, making water ineffective and potentially dangerous due to the risk of spreading the fuel. Carbon dioxide, dry chemical, and halogenated agents are suitable as they effectively smother the fire by displacing oxygen or interrupting the chemical chain reaction."
Operational Procedures,5136,H2O extinguishers are fit to fight:,Class A fires,Class B fires,electrical source fires,"special fires: metals, gas, chemical products",A,"Water-based extinguishers work by cooling the temperature of burning solids to below their ignition point. Therefore, they are specifically designed for Class A fires involving organic materials like wood, paper, and textiles, and must not be used on electrical or flammable liquid fires due to the risk of conduction or spreading the fire."
Operational Procedures,5137,"CO2 type extinguishers are fit to fight:1 - class A fires2 - class B fires3 - electrical source fires4 - special fires: metals, gas, chemical productWhich of the following combinations contains all the correct statements:",2001-02-03,2001-02-04,2002-03-04,2001-03-04,A,"CO2 extinguishers are highly effective for Class B liquid fuel fires and electrical fires because the gas displaces oxygen and leaves no residue that could damage sensitive equipment. They are not suitable for Class A fires, as they lack the cooling capacity to prevent deep-seated re-ignition, nor for metal fires, which require specialized extinguishing agents."
Operational Procedures,5138,A class A fire is a fire of:,"solid material, generally of organic nature",liquid or liquefiable solid,electrical origin,metal or gas or chemical (special fires),A,"Class A fires involve common combustible materials such as wood, paper, cloth, or rubber, which are typically organic in nature. These materials leave ash residue when burned and are best extinguished by cooling agents like water. Other classifications are reserved for liquid, electrical, or metal fires, which require different suppression methods."
Operational Procedures,5139,A class B fire is a fire of:,liquid or liquefiable solid,solid material usually of organic nature,electrical source fire,"special fire: metal, gas, chemical product",A,"Class B fires involve flammable liquids or liquefiable solids, such as gasoline, oil, paints, or greases. These fires are categorized based on their fuel source to ensure the appropriate extinguishing agent is used to prevent the fire from spreading or re-igniting."
Operational Procedures,5140,We would know that the automatic pressurization system has malfunctioned if :1. threre is a change in environnemental sounds.2. the cabin barometer indicates a sharp rise.3. the differential pressure between the exterior and the interior becomes equal.The combination regrouping all the correct statements is :,"1,2,3.","1,2.","1,3.","2,3.",A,"A malfunction leading to a loss of pressurization results in a rapid equalization of cabin and ambient pressure, which is indicated by a sharp rise on the cabin altimeter and barometer. Additionally, this loss of pressure integrity creates distinct changes in environmental noise levels due to the rapid airflow or structural venting associated with the failure. Therefore, all three indicators confirm a failure of the automatic pressurization system."
Operational Procedures,5141,An aeroplane suffers an explosive decompression at an altitude of 31000 ft . What is the initial action by the operating crew ?,to put on oxygen masks,disconnect the autopilot,transmit a MAYDAY message,place the seat belts sign to ON,A,"In the event of an explosive decompression at high altitude, the Time of Useful Consciousness (TUC) is severely limited due to the rapid drop in partial pressure of oxygen. Therefore, the flight crew must immediately secure their own oxygen supply to remain conscious and capable of performing the subsequent emergency descent and recovery procedures."
Operational Procedures,5142,"When flying in straight and level flight at FL 290 for some considerable time a small leak develops in the cabin which causes a slow depressurisation, this can be seen on the cabin rate of climb indicator which will indicate :",a rate of climb,a rate of descent of approximately 300 fpm,zero,a rate of descent dependent upon the cabin differential pressure,A,"A cabin rate of climb indicator functions similarly to a vertical speed indicator by measuring the change in cabin pressure over time. Because the air inside the pressurized cabin is leaking to the lower pressure outside, the cabin pressure altitude increases, causing the instrument to register a positive rate of climb."
Operational Procedures,5143,"If cabin altitude increases during level flight, the differential pressure :",decreases,increases,remains constant,attains its maximum permitted operating limit,A,"Differential pressure is the difference between the internal cabin pressure and the external ambient pressure. As cabin altitude increases, the internal pressure drops, which reduces the pressure gap between the cabin and the outside atmosphere."
Operational Procedures,5144,"Due to a cabin pressurisation defect the maximum differential pressure is limited to 3 psi. Assuming the oxygen masks will be deployed at 14000 feet, the maximum achievable flight altitude is approximately :",24500 ft,22500 ft,27000 ft,29000 ft,A,"With a maximum differential pressure of 3 psi added to the cabin altitude of 14,000 feet (which is approximately 8.7 psi), the total pressure at the target flight altitude is 11.7 psi. Referring to the International Standard Atmosphere (ISA) table, an ambient pressure of 11.7 psi corresponds to an altitude of approximately 24,500 feet."
Operational Procedures,5145,"(For this question use annex 071-10645A)Due to a cabin pressurisation defect the maximum differential pressure is limited to 2 psi. Assuming the oxygen masks will be deployed at 14000 feet, the maximum achievable flight altitude is approximately :",20750 ft,12000 ft,8600 ft,2900 ft,A,"To determine the maximum altitude, you must calculate the pressure altitude at which the cabin differential pressure reaches 2 psi when the cabin altitude is at its limit of 14,000 feet. By adding the pressure equivalent of 2 psi (approximately 4,000 to 4,100 feet in altitude pressure) to the 14,000-foot cabin altitude, you arrive at a total altitude of approximately 20,750 feet. Therefore, this is the maximum flight level where the structural integrity of the cabin can be maintained given the system limitation."
Operational Procedures,5146,"Following an explosive decompression, the maximum altitude without oxygen at which flying efficiency is not impaired is :",8000 ft,25000 ft,14000 ft,2500 ft,A,"At altitudes above 8,000 feet, the partial pressure of oxygen decreases sufficiently to begin impairing cognitive performance and physiological efficiency. Consequently, to ensure full operational safety and avoid the onset of hypoxia during an emergency, 8,000 feet is considered the maximum altitude for normal human functional capacity."
Operational Procedures,5147,"Following an explosive decompression, if you are using an oxygen diluter demand system, the regulator controls the amount of air that is mixed with pure oxygen when the supply selector is at the """"normal"""" position. At what approximate altitude will the regulator supply to the mask become pure oxygen only ?",32000 ft,25000 ft,14000 ft,8000 ft,A,"The oxygen diluter demand system is designed to provide a mixture of ambient air and oxygen at lower altitudes to conserve supply. As cabin altitude increases, the regulator progressively reduces the air intake until it provides 100% pure oxygen at approximately 32,000 feet to ensure adequate partial pressure for the crew."
Operational Procedures,5148,The minimum requirements for Supplemental Oxygen to be supplied in pressurised aeroplanes during and following an emergency descent are that for pilots it shall be available for the entire flight time that the cabin pressure altitude exceeds a minimum of X feet. That minimum of X feet is :,13000 ft,14000 ft,15000 ft,25000 ft,A,"According to EASA Part-CAT regulations, flight crew members must be provided with supplemental oxygen for the entire duration that the cabin pressure altitude exceeds 13,000 feet. This requirement ensures that pilots remain physiologically capable of operating the aircraft safely during and following an emergency descent."
Operational Procedures,5149,The time of useful consciousness in case of an explosive decompression at an altitude of 40 000 ft is:,12 seconds.,30 seconds.,1 minute.,5 minutes.,A,"At an altitude of 40,000 feet, the partial pressure of oxygen is insufficient to maintain consciousness once the ambient pressure drops rapidly due to explosive decompression. Because the lungs effectively begin to absorb oxygen out of the blood at this altitude, the time of useful consciousness is reduced to approximately 9 to 15 seconds."
Operational Procedures,5150,"During an explosive decompression at flight level 370 (FL 370), your first action will be :",to put on the oxygen mask,to set the transponder to 7700,to warn the ATC,to comfort your passengers,A,"At flight level 370, the time of useful consciousness is extremely short, typically lasting less than 30 seconds due to hypoxia. Therefore, the immediate priority is to secure your own oxygen supply to ensure you remain capable of performing the subsequent emergency procedures."
Operational Procedures,5151,A fast decompression is recognizable by the following elements:1. mist in the cabin2. blast towards the exterior of the aircraft3. expansion of body gases4. blast of air released violently from the lungsThe combination regrouping all the correct statements is:,"1, 2, 3, 4","2, 3, 4","1, 2, 3","1, 4",A,"A rapid decompression causes a sudden pressure drop that leads to condensation fog (mist), a violent rush of air towards the fuselage opening, and the immediate expansion of gases within the body and lungs. All four listed elements are characteristic physical phenomena resulting from the instantaneous equalization of cabin pressure with the outside environment."
Operational Procedures,5152,A slow decompression may be caused by:1. a slight airtightness defect2. a bad functioning of the pressurization3. the loss of a window4. the loss of a doorThe combination regrouping all the correct statements is:,"1, 2","1, 2, 3, 4","3, 4","1, 2, 3",A,"A slow decompression results from a gradual loss of cabin pressure, such as a minor seal failure or a malfunctioning pressurization controller. Conversely, the loss of a window or a door would result in an immediate, explosive decompression due to the large, instantaneous opening in the fuselage."
Operational Procedures,5153,"In case of an unexpected encounter with windshear, you will:1. set the maximum take-off thrust2. increase the pitch-up attitude up to the limit actuating the stick shaker3. pull in the drag devices (gear and flaps)4. keep the airplane's current configuration5. try to reach the maximum lift-to-drag ratioThe combination regrouping all the correct statements is:","1, 2, 4","1, 3, 5","2, 3","3, 5",A,"Upon encountering windshear, you must apply maximum thrust and pitch up to the stick shaker limit to maximize climb performance and prevent ground contact. You must maintain the current airplane configuration because retracting gear or flaps during the encounter would cause a significant loss of lift and increase the risk of a stall."
Operational Procedures,5154,"During a landing approach, the aircraft is subjected to windshear with a decreasing head wind. In the absence of a pilot action, the aircraft :1. flies above the glide path2. flies below the glide path3. has an increasing true airspeed4. has a decreasing true airspeedThe combination of correct statements is :","2,4","2,3","1,3","1,4",A,"A decreasing headwind results in an instantaneous loss of airspeed, causing a temporary reduction in lift that makes the aircraft drop below the glide path. Furthermore, because airspeed is the difference between groundspeed and wind, the immediate loss of the headwind component leads to a decrease in the aircraft's indicated and true airspeed."
Operational Procedures,5155,"During a landing approach, the aircraft is subjected to windshear with an increasing tail wind. In the absence of a pilot action, the aircraft :1- flies above the glide path2- flies below the gilde path3- has an increasing true airspeed4- has a decreasing true airspeedThe combination of correct statements is :","2,4.","2,3.","1,3.","1,4.",A,"An increasing tailwind reduces the aircraft's headwind component, which causes an immediate decrease in indicated and true airspeed, leading to a loss of lift. This reduction in lift results in the aircraft sinking below the established glide path."
Operational Procedures,5156,"During a landing approach, the aircraft is subjected to windshear with an increasing head wind.In the absence of a pilot action, the aircraft :1- flies above the glide path2- flies below theglide path3- has an increasing true airspeed4- has a decreasing true airspeedThe combination of correct statements is :","1,3.","1,4.","2,3.","2,4.",A,"An increasing headwind causes an immediate rise in indicated airspeed, which generates excess lift and leads the aircraft to pitch up and rise above the glide path. Simultaneously, since the ground speed decreases while the wind speed relative to the air increases, the aircraft experiences an increase in true airspeed."
Operational Procedures,5157,"During a landing approach, the aircraft is subjected to windshear with a decreasing tail wind. In the absence of a pilot action, the aircraft :1- flies above the glide path2- flies below the glide path3- has an increasing true airspeed4- has a decreasing true airspeedthe combination of correct statements is :","1,3.","1,4.","2,3.","2,4.",A,"A decreasing tailwind increases the aircraft's groundspeed and provides a sudden gain in headwind component, which increases the indicated airspeed and creates a temporary excess of lift that causes the aircraft to rise above the glide path. This transition from a tailwind to a stronger headwind effectively increases the true airspeed relative to the surrounding air mass."
Operational Procedures,5158,"After take-off, an aircraft is subjected to windshear with a decreasing head wind. In the absence of a pilot action, the aircraft :1- flies above the climb-out path2- flies below the climb-out path3- has an increasing true airspeed4- has a decreasing true airspeedThe combination of correct statements is :","2,4.","2,3.","1,3.","1,4.",A,"A decreasing headwind results in an immediate loss of airspeed, which causes the aircraft to pitch down and fly below the intended climb-out path. Because the sudden reduction in wind velocity exceeds the aircraft's ability to maintain energy, the airspeed decreases relative to the ground and the surrounding air mass."
Operational Procedures,5159,"In final approach, you encounter a strong rear wind gust or strong down wind which forces you to go around. You1- maintain the same aircraft configuration (gear and flaps)2- reduce the drags (gear and flaps)3- gradually increase the attitude up to triggering of stick shaker4- avoid excessive attitude changeThe combination of correct statements is :","1,3","1,4","2,3","2,4",A,"During a go-around triggered by a sudden loss of performance, maintaining the current configuration ensures immediate lift capability without the delay of drag-inducing gear and flap retraction. Increasing the pitch attitude toward the stick shaker limit allows the pilot to trade airspeed for maximum climb performance, which is vital to safely arrest a sink rate and clear obstacles."
Operational Procedures,5160,When an aircraft flies into a horizontal tail wind gust the aircraft tends :,to descend,to climb,not to change its trajectory,"to climb or descend, depending on the gust strength",A,"When an aircraft encounters a horizontal tailwind gust, the sudden increase in tailwind reduces the airflow over the wings, causing a momentary decrease in lift. This reduction in lift results in the aircraft experiencing a temporary loss of altitude before the airspeed stabilizes."
Operational Procedures,5161,One of the main characteristics of windshear is that it :,can occur at any altitude in both the vertical and horizontal planes,occurs only at a low altitude ( 2000 ft) and never in the vertical plane,occurs only at a low altitude ( 2000 ft) and never in the horizontal plane,can occur at any altitude and only in the horizontal plane,A,"Windshear is a sudden change in wind speed or direction that can manifest in both the horizontal and vertical planes, such as in downdrafts or microbursts. Because it is associated with various atmospheric conditions like jet streams, fronts, and thunderstorms, it is not restricted to low altitudes and can be encountered at any flight level."
Operational Procedures,5162,Which one of the following magnitudes will be the first to change its value when penetrating a windshear ?,Indicated airspeed.,Pitch angle.,Vertical speed.,Groundspeed.,A,"Indicated airspeed is the first parameter to change because it is a measure of the aircraft's speed relative to the moving air mass. When an aircraft encounters windshear, the sudden change in headwind or tailwind component instantaneously alters the airflow over the pitot-static system before the aircraft's inertia allows its groundspeed or flight path to react."
Operational Procedures,5163,"While approaching a mountainous airfield, the captain of a transport aircraft notices a fast and high increase in the indicated airspeed without any change in the preselected engine and attitude parameters. The preceding crews had reported the occurrence of windshears in final phase. you must :","maintain the aircraft on the glide path, accept a positive speed deviation, monitor the speed evolution.","reduce rapidly the selected thrust, maintain on the glide path.","take a level flight attitude to reduce speed, then come back to glide path from above.",reduce rapidly the selected thrust in order to reach 1.2 Vs and try a precision landing.,A,"The rapid increase in indicated airspeed is a classic symptom of an encounter with an increasing headwind or a shear, which provides a temporary performance gain that may be followed by a sudden loss of performance. By maintaining the glide path and monitoring the trend, you avoid destabilizing the approach or prematurely reducing thrust, which could leave the aircraft vulnerable and underpowered if the headwind suddenly reverts to a downdraft or tailwind."
Operational Procedures,5164,"While approaching the outer-marker, the tower informs you about the presence of a """"microburst"""". You will expect to encounter:",windshears (vertical and horizontal).,wake turbulence .,supercooled water.,convection motion of air mass.,A,"A microburst is a localized column of sinking air within a thunderstorm that produces an intense downdraft and rapid changes in wind direction. Upon reaching the surface, this air diverges outwards, creating severe horizontal and vertical windshears that present a significant hazard to aircraft performance during approach."
Operational Procedures,5165,"If you encounter a """"microburst"""" just after taking-off, at the beginning you will have:1 - a head wind2 - a strong rear wind3 - better climb performances4 - a diminution of climb gradient5 - an important thrust dropThe combination regrouping all the correct statements is :","1,3","2,4","1,4","4,5",A,"As the aircraft enters the leading edge of a microburst, it encounters a strong headwind that causes an immediate increase in airspeed and lift, temporarily improving climb performance. This initial wind shear provides a performance gain before the aircraft eventually transitions into the downdraft and tailwind associated with the microburst's core."
Operational Procedures,5166,"Windshear may be described as a change in wind direction and/or speed in space, including updraughts and downdraughts. To counter the effects of windshear the amount of control action that is required is :",substantial,small,medium,null,A,"Windshear causes rapid and unpredictable changes in airspeed, which directly impact aircraft lift and performance. Consequently, a pilot must apply substantial and immediate control inputs to maintain the intended flight path and prevent dangerous deviations from the target pitch or speed."
Operational Procedures,5167,"In the """"worst case"""" scenario of recovery from the effects of a microburst, having increased to full go-around power, in co-ordinating power and pitch it may be necessary to :",increase the pitch angle until the stick shaker is felt and hold at slightly below this angle,climb away at Vat + 20 kt,reduce speed to V2 and hold,slowly increase speed whilst maintaining a positive rate of climb,A,"In a microburst encounter, the primary objective is to prevent ground contact by maximizing lift, even at the cost of being near a stall. By pitching to the stick shaker threshold, you ensure the aircraft is operating at its maximum aerodynamic lift capability without entering a full stall."
Operational Procedures,5168,"An aircraft which experiencies a headwind of 40 kt while making its way towards the centre of a microburst may expect, when crossing the microburst, to face a windshear of :",80 kt.,40 kt.,60 kt.,20 kt.,A,"A microburst creates an intense downdraft that spreads out radially upon hitting the ground, causing the wind to transition from a headwind on one side to a tailwind on the other. As the aircraft moves from a 40 kt headwind into a 40 kt tailwind, it experiences a total loss of airspeed equal to the sum of these two components, resulting in an 80 kt windshear."
Operational Procedures,5169,Wind shear is:,a vertical or horizontal wind velocity and / or wind direction over a short distance,a horizontal wind velocity variation over a short distance,a vertical wind velocity variation over a short distance,a vertical or horizontal wind velocity and / or wind direction over a large distance,A,"Wind shear is defined as a sudden change in wind velocity, wind direction, or both, occurring over a relatively short horizontal or vertical distance. Because these rapid shifts can occur in any direction within the atmosphere, it must account for both vertical and horizontal gradients to be considered comprehensive."
Operational Procedures,5170,In a 5 kt right crosswind component behind a taking off aircraft:,The right wake turbulence stays approximately on the runway.,The left wake turbulence stays approximately on the runway.,The right and left wake turbulence stays approximately on the runway.,The runway will be clear of any hazard turbulence.,A,"With a right crosswind, the wake turbulence generated by the lead aircraft is blown toward the left side of the runway. While the left vortex is pushed away from the runway area, the right vortex drifts toward and settles over the runway centerline, creating a persistent hazard for subsequent departures."
Operational Procedures,5171,In a microburst combined with a violent storm the winds at :,low altitude diverge from the center of the phenomenon and the atmospheric pressure increases by a few hectopascals.,low altitude diverge from the center of the phenomenon and the atmospheric pressure decreases by a few hectopascals.,high altitude converge on the center of the phenomenon and the atmospheric pressure increases by a few hectopascals.,low altitude converge on the center of the phenomenon and the atmospheric pressure decreases by a few hectopascals.,A,"A microburst occurs when a strong downdraft strikes the ground and spreads out, causing the winds at low altitude to diverge rapidly from the center of the phenomenon. As the descending air hits the surface and spreads, it creates a localized area of high pressure, resulting in a momentary increase in barometric pressure."
Operational Procedures,5172,The greatest wake turbulence occurs when the generating aircraft is :,"Large, heavy, at low speed in clean configuration","Large, heavy, at maximum speed in full flaps configuration","Small, light, at low speed in clean configuration","Small, light, at maximum speed in full flaps configuration",A,"Wake turbulence intensity is directly proportional to an aircraft's weight and inversely proportional to its speed, as a heavy aircraft flying slowly must generate maximum lift, resulting in stronger wingtip vortices. A clean configuration further increases this turbulence because the absence of flaps forces the wings to operate at a higher angle of attack to maintain level flight."
Operational Procedures,5173,"To avoid wake turbulence, when departing behind a larger aircraft, the pilot should manoeuver :",Above and upwind from the larger aircraft,Above and downwind from the larger aircraft,Below and downwind from the larger aircraft,Below and upwind from the larger aircraft,A,"Wake turbulence vortices sink and drift with the wind, meaning the safest flight path is to stay above the flight path of the preceding aircraft. By remaining upwind, you ensure that the wind carries the vortices away from your flight path rather than toward it."
Operational Procedures,5174,The wake turbulence is the most severe when the aircraft is :1. slow2. heavy3. in a clean configuration4. flying with a high thrustThe combination of correct statement is:,"1, 2, 3","1, 4","1, 2, 3, 4","2, 3, 4",A,"Wake turbulence intensity is dictated by the strength of the wingtip vortices, which are maximized when an aircraft is heavy, flying at a slow speed, and operating in a clean configuration. High thrust does not contribute to the creation of wake turbulence vortices, as these are a byproduct of lift generation rather than engine power."
Operational Procedures,5175,The wake turbulence is greater when the aircraft has a :,high weight and low speed,high weight and high speed,low weight and low speed,low weight and high speed,A,"Wake turbulence is generated by the lift-induced vortices shed from the wingtips, which are most intense when the wings must produce maximum lift to support the aircraft's weight at a low airspeed. A heavy aircraft flying slowly requires a high angle of attack, resulting in stronger spanwise flow and more powerful, concentrated wake vortices."
Operational Procedures,5176,"The wake turbulence caused by an aircraft is mainly the result of:1. An aerodynamical effect (wing tip vortices).2. The engines action (propellers rotation or engine gas exhausts).3. The importance of the drag devices (size of the landing gear, of the flaps, etc.).The combination regrouping all the correct statements is:",1.,3.,2 and 3.,"1, 2 and 3.",A,"Wake turbulence is primarily generated by wing tip vortices, which are a byproduct of lift production as high-pressure air beneath the wing flows around the tips to the low-pressure area above. While engine exhaust and drag devices can cause minor turbulence, they are negligible compared to the significant wake generated by the pressure differential of the wing. Therefore, wing tip vortices are the dominant aerodynamic factor responsible for the wake turbulence hazard."
Operational Procedures,5177,Tip vortices which are responsible for wake turbulence appear as soon as the following is established :,lift,drag,spin up,lift destruction,A,"Tip vortices are generated by the pressure differential that occurs between the upper and lower surfaces of an airfoil as it produces lift. As the high-pressure air beneath the wing flows around the tip to the low-pressure area above, the resulting rolling motion creates these wake turbulence vortices. Consequently, these vortices appear immediately once the wing begins to generate lift."
Operational Procedures,5178,Wake turbulence risk is highest :,when a heavy aircraft has just performed a take-off at a closely situated parallel runway with a light crosswind.,"if, just before landing a much lighter aircraft has landed at the same runway with heavy crosswind.",following a preceding aircraft at high speed.,when a preceeding aircraft has briefly applied take-off thrust just prior to take off.,A,Wake turbulence is most dangerous when a light crosswind blows the vortices generated by a heavy aircraft directly onto the flight path of an adjacent runway. This scenario minimizes the time the vortices take to drift toward the parallel runway while keeping them at an altitude where a lighter aircraft is most vulnerable during its own takeoff or approach.
Operational Procedures,5179,"For the purpose of wake turbulence separation, what is the ICAO minimum radar separation distance if a heavy aeroplane is following directly behind another heavy aeroplance on the approach to the same runway ?",7.4 km (4 NM),9.3 km (5 NM),11.1 km (6 NM),3.7 km (2 NM),A,"According to ICAO wake turbulence separation standards, a minimum radar separation of 4 NM (7.4 km) must be applied when a heavy aircraft is following another heavy aircraft. This distance is required to allow sufficient time for the trailing aircraft to avoid the wake vortices generated by the leading heavy aircraft during the approach phase."
Operational Procedures,5180,"When taking-off behind a wide-body aircraft, with wind coming from the right side, you adopt a path, whenever possible :","distinct from the preceding airplane, by remaining on the right of and above its path.","distinct from the preceding airplane, by remaining on the left of and under its path.",identical to the one of the preceding airplane.,"different from the preceding airplane, by remaining behind it and under its path.",A,"Wake turbulence vortices drift with the wind, so a wind from the right will push the preceding aircraft's vortices toward the left of its flight path. By staying to the right of and above the preceding path, you ensure your flight trajectory remains upwind and clear of the descending, drifting wake turbulence."
Operational Procedures,5181,"When taking-off behind a wide-body aircraft, with wind coming from the left side, you adopt a path, whenever possible :","distinct from the preceding airplane, by remaining at the left of and above its path.","distinct from the preceding airplane, by remaining at the right of and under its path.",identical to the one of the preceding airplane.,"distinct form the preceding airplane, by remaining behind it and under its path.",A,"Wake turbulence from a wide-body aircraft sinks and drifts with the prevailing wind. By flying upwind of the preceding aircraft's path and maintaining a higher altitude, you remain clear of the descending vortices that are being pushed toward the right."
Operational Procedures,5182,The time needed for the dissipation of a turbulent wake created by a wide-body aircraft during take-off is about:,3 minutes.,30 seconds.,1 minute.,10 minutes.,A,"Wake turbulence generated by heavy or wide-body aircraft consists of powerful trailing vortices that can persist in the air long after the aircraft has passed. A 3-minute separation interval is the standard safety buffer required to ensure these vortices have sufficiently dissipated or moved out of the flight path, particularly in calm wind conditions."
Operational Procedures,5183,The wake turbulence:,starts during the rotation and stops as soon as the airplane's wheels touch the ground.,starts as soon as the aeroplane is running for take-off and stops as soon as it has come to a stop at landing.,starts when the airplane reaches a height of 300 ft above the ground and stops when it crosses this height before landing.,starts when pulling out the drag devices and stops when rectracting the drag devices.,A,"Wake turbulence is generated by the lift-producing surfaces of an aircraft; therefore, it begins the moment those surfaces start generating lift during the rotation phase of takeoff. Conversely, the generation of wake turbulence ceases the moment the lift-producing surfaces are no longer supporting the aircraft, which occurs when the wheels touch down upon landing."
Operational Procedures,5184,An airplane creates a wake turbulence when :,generating lift.,flying at high speed.,using a high engine R.P.M.,flying with its gear and flaps extended.,A,"Wake turbulence is primarily caused by the formation of wingtip vortices, which are a direct byproduct of the pressure differential between the upper and lower wing surfaces required to generate lift. Because lift is necessary for flight, any airplane producing lift will inevitably generate these trailing vortices regardless of its speed or configuration."
Operational Procedures,5185,The tip vortices circulate about each wing tip :,from the underwing toward the upper side of the wing.,clockwise.,counterclockwise.,from the upper side of the wing toward the underwing.,A,"High-pressure air from beneath the wing naturally seeks to equalize with the lower-pressure air on top of the wing. As this air spills over the wingtip, it is forced upward and around, creating a circular flow pattern that results in the formation of a tip vortex."
Operational Procedures,5186,"When taking-off after a widebody aircraft which has just landed, you should take- off :",beyond the point where the aircraft's wheels have touched down.,in front of the point where the aircraft's wheels have touched down.,at the point where the aircraft's wheels have touched down and on the wind side of the runway .,at the point where the aircraft's wheels have touched the ground and on the underwind side of the runway .,A,"Wake turbulence is generated from the moment a landing aircraft's nose gear touches down and ceases once the aircraft rotates or becomes airborne. By taking off beyond the touchdown point, you ensure your aircraft becomes airborne before reaching the area where the heavy aircraft’s vortices were generated."
Operational Procedures,5187,"For purpose of wake turbulence separation, what is the ICAO minimum radar separation distance and minimum time if a medium aeroplane (less than 136000 kg and more than 7000 kg) is following directly behind a heavy aeroplane on the approach to the same runway ?",9.3 km (5 NM) and 2 minutes,11.1 km (6 NM) and 3 minutes,7.4 km (4 NM) and 2 minutes,9.3 km (5 NM) and 3 minutes,A,"ICAO wake turbulence separation standards dictate that a medium aircraft following a heavy aircraft requires a minimum radar separation of 5 NM (9.3 km). Additionally, a minimum time interval of 2 minutes must be applied to ensure the wake vortices have sufficiently dissipated before the following aircraft enters the flight path."
Operational Procedures,5188,"For purpose of wake turbulence separation, what is the ICAO minimum radar separation time if a light aeroplance (7000 kg or less) is following a medium aeroplane (less than 136000 kg but more than 7000 kg) on the approach to landing ?",3 minutes,4 minutes,5 minutess,2 minutes,A,"Under ICAO PANS-ATM procedures, a 3-minute wake turbulence separation is required when a light aircraft follows a medium aircraft during the approach phase to account for the persistence of vortices in low-speed flight. This ensures that the light aircraft remains clear of the hazardous wake generated by the heavier preceding aircraft."
Operational Procedures,5189,"In accordance with ICAO and PANS RAC procedures, which letter should be entered into a flight plan to denote an aeroplane which has a weight of less than 136000 kg but greater than 7000 kg :",M,H,L,S,A,"According to ICAO wake turbulence categories, the letter M denotes a Medium aircraft, which encompasses those with a maximum certificated take-off mass of less than 136,000 kg but more than 7,000 kg. This classification ensures proper separation minima are applied by air traffic control based on the wake turbulence intensity generated by the aircraft."
Operational Procedures,5190,"For the purpose of wake turbulence separation, what is the minimum separation time that is permitted when a light aircraft is taking off behind a heavy aircraft from an intermediate part of the same runway ?",3 minutes,4 minutes,5 minutes,2 minutes,A,"Wake turbulence from a heavy aircraft can persist and linger near the runway surface for an extended period, posing a significant hazard to lighter aircraft. To ensure safety, ICAO procedures mandate a 3-minute separation interval for light aircraft departing from an intersection or intermediate point behind a heavy aircraft, as the reduced runway length increases exposure to the wake vortices."
Operational Procedures,5191,Wake turbulence should be taken into account when :,"a much heavier aeroplane has landed just previously on the same runway, a light crosswind condition exist and all high-lift devices are being used.",when just before the landing a much lighter aeroplane has landed with a strong crosswind on a long runway.,during cruise the vertical separation is reduced to 1000 ft.,a preceding aeroplane has performed low altitude high roll rate rolling manoeuvres over the runway.,A,"Wake turbulence is strongest behind a heavy aircraft operating at low speeds with high-lift devices extended, as this configuration produces the most intense wingtip vortices. A light crosswind can cause these vortices to hover or slowly drift across the runway surface, creating a significant hazard for a trailing aircraft on final approach or landing."
Operational Procedures,5192,"When a LIGHT aircraft is landing behind a MEDIUM aircraft, the wake turbulence non-radar minimum time approach separation, according with DOC 4444 (ICAO), shall be :",3 MIN,1 MIN,2 MIN,4 MIN,A,"According to ICAO Doc 4444, a light aircraft landing behind a medium aircraft must be separated by a minimum of 3 minutes to allow sufficient time for wake turbulence vortices to dissipate. This increased time separation is a mandatory safety measure applied when radar separation is not in use to mitigate the risk of wake turbulence encounters."
Operational Procedures,5193,"According with DOC 4444 (ICAO), a wake turbulence non-radar separation minima of 3 minutes shall be applied :",to LIGHT aircraft taking-off behind a MEDIUM aircraft from an intermediate part of parallel runway separated by less 760 m,to a departing MEDIUM aircraft following a HEAVY aircraft arrival when operating on a runway with a desplaced landing threshold,"to an arriving LIGHT aircraft following a MEDIUM aircraft departure when operating on a runway with a desplaced landing threshold, if the projected flight paths are expected to cross",Between a LIGHT aircraft and a MEDIUM aircraft making a missed approach and the LIGHT aircraft utilizing an opposite-direction runway for take-off,A,"According to ICAO Doc 4444, a 3-minute wake turbulence separation is required when a light aircraft takes off from an intermediate part of a parallel runway separated by less than 760 meters behind a medium aircraft. This specific time-based separation is mandated because the lighter aircraft is susceptible to the persistent wake vortices generated by the preceding medium-weight aircraft in close proximity."
Operational Procedures,5194,"According DOC 4444 (ICAO), a wake turbulence non-radar separation minima of 2 minutes shall be applied to :",MEDIUM aircraft landing behind a HEAVY aircraft,MEDIUM aircraft taking-off behind a HEAVY aircraft from an intermediate part of a parallel separated by less than 760 m,LIGHT aircraft taking-off behind a MEDIUM aircraft from an intermediate part of the same runway,LIGHT aircraft landing behind a MEDIUM aircraft,A,ICAO Doc 4444 mandates a 2-minute wake turbulence separation for a Medium aircraft landing behind a Heavy aircraft when operating on the same runway or parallel runways separated by less than 760 meters. This interval is required to allow sufficient time for the hazardous wake vortices generated by the preceding Heavy aircraft to dissipate or descend below the flight path of the trailing Medium aircraft.
Operational Procedures,5195,"In accordance with DOC 4444 (ICAO) when a MEDIUM and a LIGHT aircraft are using the same runway, or parallel runways separated by less than 760 m, (in approach or departure phases of flight), shall be applied a wake turbulence radar separation minima of :",5 NM,4 NM,3 NM,2 NM,A,"According to ICAO Doc 4444, a radar separation minimum of 5 NM must be applied when a light aircraft is following a medium aircraft during approach or departure. This increased separation is required to ensure the light aircraft avoids the hazardous wake turbulence generated by the preceding medium-category aircraft."
Operational Procedures,5196,"According with DOC 4444 (ICAO), a wake turbulence non-radar separation minima of 3 minutes shall be applied to :",LIGHT aircraft landing behind a MEDIUM aircraft,LIGHT aircraft taking-off behind a MEDIUM aircraft from a parallel runway separated by less than 760 m. (using whole runway),LIGHT aircraft taking -off behind a MEDIUM aircraft when aircraft are using the same runway,MEDIUM aircraft landing behind a HEAVY aircraft,A,"ICAO Doc 4444 mandates a 3-minute wake turbulence separation for a light aircraft landing behind a medium aircraft when the light aircraft is expected to cross the threshold of the same runway. This interval is required to ensure that the wake vortex generated by the leading medium aircraft has sufficient time to dissipate before the following light aircraft encounters the flight path. Options B, C, and D typically involve different time intervals or radar-based separation procedures as defined by specific wake turbulence categories."
Operational Procedures,5197,"According with DOC 4444 (ICAO), a wake turbulence radar separation minima of 9,3 Km (5,0 NM) shall be applied when a :","LIGHT aircraft is crossing behind a MEDIUM aircraft, at the same altitude or less than 300 m (1 000.ft)","LIGHT aircraft is crossing behind a HEAVY aircraft, at the same altitude or less than 300 m (1 000 ft)","HEAVY aircraft is crossing behind a HEAVY aircraft, at the same altitude or less than 300 m (1 000 ft)","MEDIUM aircraft is crossing behind a MEDIUM aircraft, at the same altitude or less than 300 n (1 000 ft)",A,"According to ICAO Doc 4444, a 5.0 NM radar separation minimum is required when a light aircraft is flying behind or crossing behind a medium aircraft at the same altitude or less than 1,000 ft below. This specific requirement is intended to mitigate the risk of wake turbulence encounters, which are particularly hazardous for smaller aircraft operating in the wake of larger category traffic."
Operational Procedures,5198,"DOC 4444 (ICAO) establishes, that wake turbulence separation minima shall be based on a grouping of aircraft types into three categories according to the maximum certificated take-off mass.Heavy (H) Category, are all aircraft types of :",136 000 Kg or more,135 000 Kg or more,less than 136 000 Kg but more than 126 000 Kg,146 000 Kg or more,A,"According to ICAO Doc 4444, aircraft are categorized for wake turbulence separation based on their maximum certificated take-off mass. The Heavy (H) category is specifically defined as aircraft with a maximum certificated take-off mass of 136,000 kg or more."
Operational Procedures,5199,What is the transponder code to be used by an aircraft that is subject to unlawful interference (hijacked) is :,7500,7600,7700,7800,A,"The transponder code 7500 is internationally designated for use when an aircraft is subject to unlawful interference, such as a hijacking. This code alerts Air Traffic Control immediately to the specific nature of the emergency, allowing them to initiate appropriate security and safety protocols."
Operational Procedures,5200,In case of a serious threat based on the presence of a bomb on board a pressurized aircraft and disregarding any fuel considerations:,you dexcend to the flight level corresponding to the indicated cabin altitude or the safety altitude if higher and take preventive steps by putting yourself in a landing approach configuration.,you carry out an emergency descent to reach the safety altitude.,you climb to the maximum flight level which does not need the use of pressurization.,you go down to the level corresponding to the indicated cabin altitude and keep the airplane in a clean configuration until the final approach.,A,"Reducing the altitude to the current cabin altitude minimizes the pressure differential, which helps prevent structural failure or an explosive decompression should the device detonate. Placing the aircraft in a landing configuration provides a safer environment by reducing airspeed and stress, ensuring the aircraft is prepared for an immediate emergency landing."
Operational Procedures,5201,"In addition to informing each State, whose citizens are known to be on board an aircraft, the State of the country in which an aircraft has landed after an act of unlawful interference must immediately notify the :","State of Registry of the aircraft, the State of the operator and ICAO",State of Registry of the aircraft and the J.A.A.,"State of the operator, the J.A.A. and ICAO",State of Registry of the aircraft and the State of the operator only,A,"According to ICAO Annex 17, when an act of unlawful interference occurs, the State where the aircraft lands must immediately inform the State of Registry and the State of the operator to ensure coordination. Additionally, the State must notify ICAO to ensure global awareness and facilitate the proper reporting of the security incident."
Operational Procedures,5202,"Following an act of unlawful interference on board an aeroplane, to whom the commander should submit a report of the act to :",both the local authority and the Authority of the State of the operator,the local authority only,the Autority of the State of the operator only,the Authority of the State within which the aeroplane is operating at the time of the unlawful interference,A,"Following an act of unlawful interference, the pilot-in-command must notify both the local authorities at the landing site and the aviation authority of the State of the operator. This dual reporting process ensures that the host nation can address immediate security concerns while the operator's home state can fulfill its regulatory and oversight responsibilities regarding the safety and security of its aircraft."
Operational Procedures,5203,Who has the responsibility to take adequate measures for the safety of passengers and crew of an aircraft which is subjected to an act of unlawful interference until their journey can be continued ? The :,contracting State in which the unlawful interference occurs,J.A.A.,Commander of the aircraft,aeroplane's operator,A,"According to ICAO Annex 17, the contracting State in which an aircraft is subjected to an act of unlawful interference has the primary responsibility to take all necessary measures to ensure the safety of the passengers and crew. This obligation remains in effect until the flight can be safely resumed or the passengers and crew are properly cared for at their destination or a diversion airport."
Operational Procedures,5204,What transponder code should be used to provide recognition of an aircraft which is being subjected to unlawful interference :,code 7500,code 7600,code 7700,code 2000,A,"Transponder code 7500 is specifically designated by ICAO to alert Air Traffic Control that an aircraft is being subjected to unlawful interference, such as a hijacking. This discrete code allows ground controllers to prioritize the aircraft and initiate appropriate emergency responses without requiring further verbal confirmation from the flight crew."
Operational Procedures,5205,The flight deck door should be capable of being :,locked from within the compartment,directly locked from outside the compartment,remotely locked by cabin crew operation from outside the compartment,remotely locked from either inside or outside the compartment,A,The flight deck door must be lockable from within the compartment to ensure the crew can secure themselves against unauthorized access. This primary control remains with the flight crew to maintain the safety and integrity of the sterile cockpit environment.
Operational Procedures,5206,"According to the JAR OPS, when a commercial transport passenger airplane is equipped with a door in the flight crew compartment area, this door must include:",a locking system to prevent any unauthorized access.,a device preventing the flight crew from being locked in the cockpit.,distinctive red or yellow colored markings indicating the access area (in case of a blocked door).,a sealing system allowing the maintenance for as long as possible of the pressure in the cockpit in case of a depressurization in the compartment area.,A,"To ensure the safety and security of the flight, JAR OPS mandates that the flight crew compartment door must be equipped with a locking system to prevent unauthorized access. This mechanism is essential for protecting the flight crew from potential threats and maintaining cockpit integrity during all phases of flight."
Operational Procedures,5207,"In case of a hi-jack, the squawk code is :",7500,7600,7700,2000,A,"Transponder code 7500 is the internationally recognized distress signal specifically designated to alert Air Traffic Control of an unlawful interference or hijacking incident. Using this code discreetly informs authorities of the situation without the need for radio communication, which could escalate the threat on board."
Operational Procedures,5208,"The safety position for adults looks like: seat belts fastened,","head placed on a knee cushion, arms around the thigh.","head down as far as possible, grasp the passenger in front of you.","head down as far as possible, grasp the legs with your arms.",cross the arm in front of the face.,A,"The brace position aims to minimize flailing and protect the head from impact against the seat structure in front of the passenger. Placing the head on a cushion and wrapping arms around the thighs secures the body in a compact, stable position that reduces the risk of injury during a high-impact deceleration."
Operational Procedures,5209,"An aircraft is flying in heavy rain. To carry out a safe approach, it is necessary to :","increase its approach speed, because the rain affects the lift by deteriorating the boundary layer","reduce the approach speed, because the runway may be very slippery on landing",maintain the normal approach speed up to landing,"carry out an approach with flaps up, in order to avoid exposing too much lifting surface to the rain",A,"Heavy rain accumulation on wing surfaces can disrupt the airflow and degrade the boundary layer, leading to a reduction in maximum lift coefficient and an increased stall speed. By increasing the approach speed, you provide an additional safety margin above the stall speed to compensate for these adverse aerodynamic effects during the landing phase."
Operational Procedures,5210,"Following an emergency landing which will need an escape from the aircraft, you will:1 - remain on the runway,2 - clear the runway using the first available taxiway,3 - keep one engine or the APU running in order to maintain the electrical power supply on,4 - turn off all systems.The combination regrouping all the correct statements is:","1,4.","1,3.","2,3.","2,4.",A,"After an emergency landing requiring evacuation, the aircraft must remain on the runway to ensure rescue services can locate it easily. All systems must be turned off to minimize the risk of fire and prevent potential ignition sources during the evacuation process."
Operational Procedures,5211,"The attitudes to be adopted by the passengers, sitting in the travelling direction, in case of an emergency landing are: 1. legs together and feet flat on the floor,2. head resting against the back of the front seat,3. forearms on the armrests,4. seat belt very tightly fastened,5. head resting on the forearms.The combination regrouping all the correct statements is:","1, 4, 5","1, 2, 3, 4","2, 3, 4","2, 4, 5",A,"The brace position is designed to minimize body movement and prevent secondary injuries during impact by ensuring the passenger is tightly secured and protected. By placing the feet flat, tightening the seat belt, and resting the head on the forearms, passengers reduce the range of head and limb travel, thereby lowering the risk of flailing against cabin structures."
Operational Procedures,5212,"Mist in the cabin, pressure and temperature drop characterize:",a fast depressurization.,a slow depressurization.,an electrical fire.,a plastic fire.,A,"A fast depressurization causes an immediate expansion of air, leading to a sudden drop in cabin temperature and pressure that condenses moisture into visible mist. This condensation is a key physiological indicator that distinguishes a rapid event from a slow leak, where such dramatic environmental changes do not occur."
Operational Procedures,5213,"In case of a ditching, the cabin attendants will :1. evacuate women and children first.2. have the passengers embark directly in the liferafts.3. prevent passenger movements which may impede the airplane's flotation ability.4. ensure the complete evacuation of the airplane.The combination regrouping all the correct statements is:","2, 3, 4","2, 3","1, 2, 3, 4","1, 4",A,"In a ditching scenario, crew procedures prioritize the immediate and orderly boarding of liferafts to prevent exposure and the regulation of passenger movement to maintain the aircraft's center of gravity and buoyancy. Cabin attendants are specifically trained to ensure the complete evacuation of all passengers and crew, whereas the practice of prioritizing specific groups like women and children is not a standard regulatory procedure."
Operational Procedures,5214,"For aeroplanes having a seating capacity of more than 44 passengers, it must be shown by actual demonstration that the maximum seating capacity, including the required number of crew members, can be evacuated from the aeroplane to the ground in :",90 seconds,132 seconds,120 seconds,60 seconds,A,Certification standards for large transport category aeroplanes require a full-scale emergency evacuation demonstration to ensure that all passengers and crew can exit the aircraft within 90 seconds. This time limit is a critical safety benchmark designed to minimize the risk of smoke inhalation and thermal injury during a rapid egress scenario.
Operational Procedures,5215,The correct definition of a safe forced landing is:,an inevitable landing on land or sea from which one may reasonably expect no injuries on board or on the surface,a landing on land or sea from which it is guaranteed no injuries will result to the occupants,a voluntary landing on land or sea carried out by the crew in order to protect the aircraft and its occupants,an inevitable landing on land or sea from which one may reasonably expect no injuries on board,A,"A safe forced landing is defined as an unavoidable landing where the pilot minimizes risk to ensure the safety of those on board. Crucially, the definition also encompasses the protection of individuals and property on the surface, making option A the only fully comprehensive answer."
Operational Procedures,5216,A four-jet aircraft must be equipped with an in-flight fuel jettisoning system in order to reduce the aircraft weight in an emergency :,unless it is capable of meeting the climb requirements : 2.7% in approach configuration with 1 engine inoperative and 3.2% in landing configuration with all engines operative,until the central tank is empty in order to cope with the wing and landing gear constraints at landing touchdown,in order to reach the maximum structural landing weight in less than 15 minutes after activation of the jettisoning system,in order to reduce the landing distance to 60% of the effective runway length,A,"Fuel jettison systems are required only if the aircraft cannot meet the specified climb gradient requirements at its maximum takeoff weight. If an aircraft can satisfy these performance criteria in both the approach and landing configurations, it is deemed capable of performing a safe overweight landing, thereby exempting it from the fuel jettison requirement."
Operational Procedures,5217,"If obliged to jettison part of the fuel in flight, it would be better to do so:",in a straight line and at a relatively high flight level.,"in a holding stack, after control clearance.",under flight level 50 (FL50).,during final phase of approach.,A,"Jettisoning fuel at a high altitude ensures that the fuel atomizes and evaporates before reaching the surface, minimizing environmental impact. Performing this maneuver in a straight line prevents the accumulation of fuel vapor in the aircraft's wake, which significantly reduces the risk of fire or structural damage."
Operational Procedures,5218,In what period of time must a fuel jettisoning system be capable of jettisoning sufficient fuel to meet the precise climb and discontinued approach requirements :,15 minutes,30 minutes,60 minutes,90 minutes,A,The 15-minute timeframe is a certification requirement designed to ensure an aircraft can rapidly reduce its weight to the maximum landing limit during an emergency. This rapid jettisoning capability is critical to meeting performance standards for climb gradients and discontinued approach procedures in the event of an immediate return to the airport.
Operational Procedures,5219,From the following list :1. Fuel jettisoning system and its operation are free from fire hazard2. The fuel discharges clear of any part of the aeroplane3. Fuel fumes do not enter any part of the aeroplane4. The jettisoning operation does not adversely affect the controllability of the aeroplane.Which of the above are requirements that must be shown to exist during fuel jettisoning tests :,"1,2,3 and 4","1,3 and 4",1 and 4,2 and 3,A,"To ensure safe operations, certification standards require that fuel jettisoning systems must not pose a fire risk or allow fuel vapors to enter the cabin or airframe. Additionally, the process must maintain safe structural and aerodynamic separation from the aircraft while ensuring the pilot retains full control during the discharge."
Operational Procedures,5220,Products or materials are considered to be dangerous goods if the products or materials in question are defined as such by:,"The ICAO document entitled """"Technical Instructions for the safe transport of dangerous goods by air"""".","The UNO document entitled """"Dangerous Goods Regulations"""".",The directives of the Community Union.,"The IATA document entitled """"Regulations governing the transportation of dangerous goods by air"""".",A,"The ICAO Technical Instructions are the globally recognized legal requirements that define the criteria for classifying and transporting dangerous goods by air. While IATA publishes the Dangerous Goods Regulations, those regulations are based directly on the ICAO document, which serves as the primary international standard for aviation safety."
Operational Procedures,5221,Who makes sure that the air transportation of an item of dangerous goods is not prohibited?,The shipper when completing the shipper's declaration for dangerous goods.,"The captain, always using the list of prohibited aircraft items.",The operator.,It is not specified.,A,"The shipper holds the primary responsibility for ensuring compliance with all regulations, including verifying that the items they intend to transport are not prohibited under the IATA Dangerous Goods Regulations. By signing the Shipper's Declaration, the shipper officially certifies that the goods are correctly identified, classified, packed, marked, and labeled according to international requirements. While operators and pilots perform checks, the legal burden to confirm the goods are allowed for air transport rests initially with the shipper."
Operational Procedures,5222,"A list of dangerous goods, which may not be transported by air, can be found in :",the technical instructions for the safe transport of dangerous goods by air.,Annex 18 to the Chicago convention.,Annex 6 to the Chicago Convention.,the shipper's declaration for dangerous goods.,A,"The ICAO Technical Instructions for the Safe Transport of Dangerous Goods by Air provide the comprehensive, legally binding details and specific lists of prohibited items. While Annex 18 establishes the high-level principles for transporting dangerous goods, it serves as the governing framework that mandates compliance with the detailed requirements found within the Technical Instructions."
Operational Procedures,5223,"The dangerous goods transport document, if required, shall be drawn up by :",the shipper.,the operator.,the captain.,the handling agent.,A,"The shipper is legally responsible for ensuring that dangerous goods are properly declared, packed, and labeled in accordance with international regulations. By completing the dangerous goods transport document, the shipper certifies that the shipment complies with all safety requirements before it is handed over to the operator."
Operational Procedures,5224,"In compliance with the JAR OPS, in order to carry hazardous materials on board a public transport airplane, they must be accompanied with a :",transport document for hazardous materials.,representative of the company owning the materials.,specialized handling employee.,system to warn the crew in case of a leak or of an abnormal increase in temperature.,A,"International regulations, such as the ICAO Technical Instructions and JAR-OPS, mandate that any dangerous goods shipment must be accompanied by a specific transport document. This document provides the flight crew and ground personnel with critical information regarding the identity, classification, and handling requirements of the hazardous materials being transported."
Operational Procedures,5225,"The general information, instructions and recommendations on the transport of hazardous materials are specified in the :",operation manual.,flight manual.,AIP (Aeronautical Information Publication).,air carrier certificate.,A,"The Operations Manual is the primary document that provides flight crews with specific company procedures, policies, and regulatory guidance for the safe transport of hazardous materials. While international standards are set by ICAO, the carrier must incorporate these instructions into its own Operations Manual to ensure compliance and provide operational guidance to its personnel."
Operational Procedures,5226,"(For this question use annex 071-9199A)Considering the two holds of an aircraft :Each one consists of 4 compartments to accommodate freight pallets or luggage containers.You are asked to load :2 pallets of live animals marked """"AVI""""2 luggage containers marked """"BAG""""1 mortal remains marked """"HUM""""1 pallet of food product marked """"EAT""""1 pallet of radioactive materials marked """"RRY""""1 pallet of toxic materials marked """"RHF""""The locations still vacant shall be marked """"XXX""""According to the table of compatibility of special freight and hazardous materials given in the appendix, the most operational distribution in the holds shall be :",Hold 1 : BAG - RHF - HUM - RRYHold 2 : AVI - AVI - BAG - EAT,Hold 1 : EAT - BAG - RRY - RHFHold 2 : BAG - AVI - AVI - HUM,Hold 1 : EAT - BAG - AVI - AVIHold 2 : BAG - HUM - RRY - RHF,Hold 1 : BAG - BAG - RRY - HUMHold 2 : AVI - AVI - XXX - EAT (RHF disembarked),A,"The distribution in option A complies with the IATA Dangerous Goods Regulations segregation table by ensuring that the toxic materials (RHF) and radioactive materials (RRY) are separated from live animals (AVI) and food (EAT). By placing the hazardous materials and human remains (HUM) in Hold 1 and the general cargo and live animals in Hold 2, the loading plan maintains mandatory safety distances between incompatible cargo types."
Operational Procedures,5227,ICAO (International Civil Aviation Organization) Appendix 18 is a document dealing with :,the safety of the air transport of hazardous materials,the air transport of live animals,the noise pollution of aircraft,the technical operational use of aircraft,A,"ICAO Annex 18 establishes the international standards and recommended practices for the safe transport of dangerous goods by air. It ensures that hazardous materials are packaged, labeled, and handled correctly to prevent accidents during flight operations."
Operational Procedures,5228,"In the hazardous materials transportation act, the freight compliance with the regulatory arrangements is the responsibility of the :",sender.,captain.,station manager.,aerodrome manager.,A,"Under international regulations, the sender (shipper) is legally responsible for correctly classifying, packing, marking, and labeling hazardous materials before they are offered for air transport. The operator and captain are responsible for ensuring these goods are loaded and stowed safely, but the underlying regulatory compliance of the shipment itself remains the obligation of the sender."
Operational Procedures,5229,"The information concerning dangerous products that passengers may carry, are listed in the :","ICAO document named """"Technical safety instructions for the air transportation of dangerous products""""",aircraft's flight manual.,"IATA document """"Dangerous products transportation"""".",JAR-OPS documentation.,A,"The ICAO Technical Instructions for the Safe Transport of Dangerous Goods by Air (Doc 9284) is the internationally recognized regulatory standard governing the carriage of dangerous goods, including those permitted in passenger baggage. All ICAO member states and air operators must comply with these specific provisions to ensure the safety of air transportation."
Operational Procedures,5230,A passenger is allowed to carry match-boxes:1. on himself/herself2. in his/her hand luggage3. in his/her checked luggageThe combination regrouping all the correct statements is:,1,"1, 2, 3","1, 2","2, 3",A,"According to ICAO Technical Instructions and international aviation safety regulations, passengers are permitted to carry only one small packet of safety matches or a lighter exclusively on their person. Carrying these items in checked or hand luggage is strictly prohibited to prevent accidental ignition within the aircraft's cargo or cabin compartments."
Operational Procedures,5231,"In addition to the languages required by the State of Origin, what language should be set for the markings related to dangerous goods :",English,French,Spanish,"English, French or Spanish",A,"According to ICAO Annex 18 and the Technical Instructions for the Safe Transport of Dangerous Goods by Air, English is the mandatory international language for all dangerous goods markings. While the State of Origin may require their own language, English must be used to ensure universal recognition and safety in international aviation operations."
Operational Procedures,5232,From the following list :1. Fire extinguishers2. Portable oxygen supplies3. First-aid kits4. Passenger meals5. Alcoholic beveragesWhich are classed as Dangerous Goods that are required to be on the aeroplane in accordance with relevant JAR's for operating reasons :,"1,2 and 3 only","1,2 and 5 only","3,4 and 5 only","2,3 and 4 only",A,"Fire extinguishers, portable oxygen supplies, and first-aid kits contain pressurized gases, chemicals, or medical supplies that are technically classified as dangerous goods. These items are specifically mandated for carriage by JAR-OPS/EASA regulations to ensure safety and emergency response capabilities during flight. Passenger meals and alcoholic beverages are consumable items and do not fall under the regulatory definition of dangerous goods."
Operational Procedures,5233,The authorization for the transport of hazardous materials is specified on the:,air carrier certificate.,registration certificate.,airworthiness certificate.,insurance certificate.,A,"The air carrier certificate, often accompanied by specific operations specifications (OpSpecs), serves as the legal authorization from the aviation authority for an airline to conduct flight operations. This document must explicitly state the operator's authorized privileges, including the legal approval to transport hazardous materials."
Operational Procedures,5234,(For this question use appendix )If a packet is marked with the label shown in the appendix it is :,a toxic material or gas,a corpse,an infectious material,an explosive material,A,"The label displaying a skull and crossbones is the internationally recognized hazard symbol for toxic substances. According to ICAO Technical Instructions, this marking identifies a package containing poisonous materials or toxic gases that pose a severe health risk if inhaled, swallowed, or absorbed through the skin."
Operational Procedures,5235,"Carriage of dangerous goods is allowed, provided that:",the airline complies with the Technical Instructions,national aviation administration permission has been granted,government permission has been granted,no passenger is carried on the same flight,A,"The transport of dangerous goods is globally governed by the ICAO Technical Instructions for the Safe Transport of Dangerous Goods by Air. Operators must strictly adhere to these standardized procedures to ensure safety, as compliance with these specific regulations is the primary legal and operational requirement for such carriage."
Operational Procedures,5236,"(For this question use appendix )For the two labels represented in the appendix, the principal and secondary risks are respectively:","toxic material, corrosive","corrosive material, toxic","corrosive material, infectious","infectious material, corrosive",A,"The label depicting the skull and crossbones corresponds to the primary hazard of toxic substances. The second label featuring test tubes dripping onto a surface and a hand identifies the material as corrosive. Therefore, the sequence of risks is correctly identified as toxic material followed by corrosive."
Operational Procedures,5237,The presence of dynamic hydroplaning depends primarily on the :,depth of the standing water on the runway.,aircraft's weight.,strength of the headwind.,amount of the lift off speed.,A,"Dynamic hydroplaning occurs when the tire is lifted off the runway surface by a wedge of water, creating a fluid pressure that exceeds the tire's inflation pressure. For this phenomenon to develop, the standing water depth must be sufficient to create this hydroplaning wedge, which is the primary prerequisite for the condition to occur at a given speed."
Operational Procedures,5238,"If airworthiness documents do not shown any additionnal correction factor for landing performance determination on a wet runway, the landing distance shall be increased by:",15%.,20%.,10%.,5%.,A,"According to EASA and ICAO regulations, when a runway is reported as wet and no specific performance data is provided by the manufacturer, a safety margin must be applied. Operators are required to increase the calculated landing distance by 15% to account for the reduced braking action and increased stopping distance on a wet surface."
Operational Procedures,5239,"For a given aircraft and runway contamination, increased pressure altitude will:",increases the hydroplaning speed.,decreases the hydroplaning speed.,maintains the hydroplaning speed.,maintains or increases the hydroplaning speed.,A,"Hydroplaning speed is directly proportional to the square root of the tire pressure, which is effectively determined by the density of the air supporting the aircraft's weight. As pressure altitude increases, air density decreases, leading to a reduction in aerodynamic lift and an increase in the proportion of weight supported by the tires, which requires a higher ground speed to initiate hydroplaning."
Operational Procedures,5240,Viscous hydroplaning occurs primary if the runway is covered with a thin film of water and:,is very smooth and dirty.,is very smooth and clean.,is rough textured.,the tyre treads are not in a good state.,A,"Viscous hydroplaning occurs when a thin film of water cannot be penetrated by the tire because the runway surface lacks the macro-texture required for drainage. A smooth, contaminated surface creates a viscous seal between the tire and the runway, preventing the tread from making contact with the pavement."
Operational Procedures,5241,The touch down areas located at both ends of the runways are typical for the appearance of:,viscous hydroplaning.,dynamic hydroplaning.,rubber reversion hydroplaning.,rubber steaming hydroplaning.,A,"Viscous hydroplaning occurs when a thin film of fluid prevents the tire from making contact with the runway surface, which is common in touchdown zones where residual rubber deposits reduce surface texture. These deposits smooth out the runway micro-texture, significantly lowering the coefficient of friction and allowing a viscous film to form even at lower speeds."
Operational Procedures,5242,"A runway covered with 4 mm thick water, is said to be:",contaminated.,wet.,flooded.,damp.,A,"According to EASA and ICAO standards, a runway is considered contaminated when more than 25 percent of its surface area is covered by more than 3 mm of standing water, slush, or loose snow. Since the 4 mm depth exceeds this 3 mm threshold, the runway is classified as contaminated rather than merely wet."
Operational Procedures,5243,"In the JAR OPS, a runway is considered wet when:1. it is covered with a quantity of water or loose or slushy snow less than or equal to the equivalent of 3 mm of water.2. the amount of surface moisture is sufficient to modify its colour but does not give it a shiny appearance.3. the amount of surface moisture is sufficient to make it reflective, but does not create large stagnant sheets of water.4. it bears stagnant sheets of water.The combination regrouping all the correct statements is:","1, 3","1, 2, 3","1, 2",4,A,"Under JAR-OPS, a runway is considered wet if the surface is covered with water or slush equivalent to 3 mm or less, or if the moisture makes the surface reflective without significant standing water. Conditions where moisture only changes the color without reflection (damp) or where large stagnant sheets exist (contaminated/standing water) fall outside the definition of a wet runway."
Operational Procedures,5244,"In case of landing on a flooded runway and in heavy rain :1. you increase your approach speed,2. you land firmly in order to obtain a firm contact of the wheels with the runway and immediately land your nose gear,3. you decrease your approach speed,4. you use systematically all the lift dumper devices,5. you land as smoothly as possible,6. you brake energically.The combination regrouping all the correct statements is :","1, 2, 4","3, 5","2, 3, 4","1, 4, 5, 6",A,"Increasing approach speed provides a safety margin against gusts and wind shear, while a firm touchdown helps penetrate standing water to prevent hydroplaning. Using all lift dumpers ensures maximum weight is transferred to the wheels immediately upon landing, which improves braking effectiveness and directional control."
Operational Procedures,5245,The braking efficiency is a piece of information presenting itself in the form of a :,"combination of the terms: poor, medium, good.",percentage varying from 10 % to 100 %.,zero followed by two decimals.,letter falling between A and E.,A,"Runway surface conditions are reported by ATC to pilots using standardized terminology to describe the expected braking action. These official descriptors are categorized as good, medium, or poor to provide a clear and uniform assessment of braking performance."
Operational Procedures,5246,"For an airplane with a tyre pressure of 14 bars, there is a risk of dynamic hydroplaning as soon as the :1- water height is equal to the depth of the tyre grooves.2- speed is greater than 123 kt.3- water height is equal to the half of the depth of the tyre grooves.4- speed is greater than 95 kt.The combination regrouping all the correct statements is:",1 and 2.,1 and 4.,3 and 4.,2 and 3.,A,"Dynamic hydroplaning typically occurs when the water depth on the runway reaches the level of the tyre tread grooves, causing the tyre to lose contact with the surface. For a tyre pressure of 14 bars (approx. 203 psi), the hydroplaning speed is calculated using the formula V = 9 times the square root of the pressure, resulting in approximately 128 knots, which confirms that a speed exceeding 123 knots poses a significant risk."
Operational Procedures,5247,"For an airplane with a tyre pressure of 12 bars, there is a risk of dynamic hydroplaning as soon as the :1- water height is equal to the depth of the tyre grooves.2- speed is greater than 114 kt.3- water height is equal to the half of the depth of the tyre grooves.4- speed is greater than 83 kt.The combination regrouping all the correct statements is :",1 and 2.,1 and 4.,2 and 3.,3 and 4.,A,"Dynamic hydroplaning occurs when water pressure lifts the tyre off the runway surface, which requires a minimum water depth equal to the tyre tread depth. The critical ground speed in knots for the onset of hydroplaning is estimated using the formula 9 times the square root of the tyre pressure in bars, which for 12 bars results in approximately 31 knots, meaning any speed greater than this threshold—such as 114 knots—poses a severe risk."
Operational Procedures,5248,"For an airplane with a tyre pressure of 10 bars, there is a risk of dynamic hydroplaning as soon as the :1- water height is equal to the depth of the tyre grooves.2- speed is greater than 104 kt.3- water height is equal to the half of the depth of the tyre grooves.4- speed is greater than 96 kt.The combination regrouping all the correct statements i :",1 and 2.,1 and 4.,2 and 3.,3 and 4.,A,"Dynamic hydroplaning occurs when the water depth is sufficient to lift the tire off the runway surface, which is generally considered to be at least the depth of the tire grooves. The critical hydroplaning speed in knots is calculated by the formula 9 times the square root of the tire pressure in bars, which for 10 bars results in approximately 90 to 104 knots depending on the specific reference model."
Operational Procedures,5249,"For an airplane with a tyre pressure of 8 bars, there is a risk of dynamic hydroplaning as soon as the :1- water height is equal to the depth of the tyre grooves.2- speed is greater than 96 kt.3- water height is equal to the half of the depth of the tyre grooves.4- speed is greater than 127 kt.The combination regrouping all the correct statements is:",1 and 2.,1 and 4.,2 and 3.,3 and 4.,A,"Dynamic hydroplaning occurs when the water depth reaches the depth of the tyre tread grooves, allowing a wedge of water to lift the tyre off the runway surface. The hydroplaning speed in knots is calculated by the formula 9 times the square root of the tyre pressure in bars, which for 8 bars results in approximately 25 knots; however, the regulatory guidance for operational planning traditionally accepts the 9 times root-pressure rule, and in many examination contexts, speeds exceeding this threshold—such as 96 knots—are cited as the critical range for this phenomenon."
Operational Procedures,5250,"For an airplane with a tyre pressure of 16 bars, there is a risk of dynamic hydroplaning as soon as :1- water height is equal to the depth of the tyre grooves.2- speed is greater than 132 kt.3- water height is equal to the half of the depth of the tyre grooves.4- speed is greater than 117 kt.The combination regrouping all the correct statements is:",1 and 2.,1 and 4.,2 and 3.,3 and 4.,A,"Dynamic hydroplaning occurs when the water depth is sufficient to lift the tire off the runway surface, which is typically defined as being equal to the depth of the tire grooves. The critical speed for hydroplaning is calculated using the formula V = 9 times the square root of the tire pressure in bars, which for 16 bars results in a speed of 36 knots times 3.6, or approximately 132 knots."
Operational Procedures,5251,The maximum validity of a SNOWTAM is :,24 hours,12 hours,6 hours,3 hours,A,"According to ICAO Annex 15 and the Procedures for Air Navigation Services (PANS-AIM), a SNOWTAM remains valid for a maximum period of 24 hours. This duration ensures that information regarding runway surface conditions is updated regularly to maintain the safety of flight operations."
Operational Procedures,5252,"Assuming contaminated runway conditions, if an aeroplane's mainwheel tyre pressure is 206 psi., the approximate speed above which dynamic hydroplaning may occur in the event of applying brakes is :",129 kt,114 kt,100 kt,80 kt,A,"The formula for dynamic hydroplaning speed is approximately 9 times the square root of the tyre pressure in psi. Applying this to 206 psi results in a square root of approximately 14.35, which, when multiplied by 9, equals 129.15 knots. Therefore, 129 knots is the speed above which dynamic hydroplaning is likely to occur."
Operational Procedures,5253,"Item D of a SNOWTAM gives the cleared length of a runway in metres. If this is less than the published length, how is this reported :",in plain language at item T (the final paragraph) of a SNOWTAM,it is not reported,"by a four figure group added to item D, which gives the lenght in metres",as a percentage of the total lenght of the runway available as the final item of a SNOWTAM,A,"If the cleared length of a runway is less than its published length, the information is provided in the ""Plain Language"" section at the end of the SNOWTAM (Item T). This ensures that flight crews receive a clear, unambiguous notification of the reduced operational distance available for takeoff or landing."
Operational Procedures,5254,A braking action of 0.25 and below reported on a SNOWTAM is :,poor,unreliable,medium,good,A,"According to the ICAO Runway Condition Code (RWYCC) system, a braking action value of 0.25 and below corresponds to a classification of ""poor."" This indicates that there is a significant reduction in friction, necessitating extreme caution and potential performance adjustments during takeoff or landing."
Operational Procedures,5255,"In the JAR OPS, a runway is considered damp when:","its surface is not dry, and when surface moisture does not give it a shiny appearance.",surface moisture gives it a shiny appearance.,it is covered with a film of water of less than 3 mm.,it is covered with a film of water of less than 1 mm.,A,"Under JAR-OPS definitions, a runway is considered damp when the surface is not dry but the moisture present is insufficient to create a reflective or shiny appearance. This distinguishes it from a wet runway, where sufficient moisture is present to make the surface look shiny."
Operational Procedures,5256,Your flight manual does not include specific supplementary information on landing distances on wet runways and the service bulletins or weather reports indicate that the runway may be wet at the estimated time of arrival. The required landing distance on a dry runway must be increased by:,15%,18%,20%,"17,60%",A,"According to EASA and ICAO standard operational procedures, if no specific data for a wet runway is provided in the flight manual, a safety margin must be applied. Operators are required to increase the dry landing distance by a factor of 15% to account for the reduced braking effectiveness on a wet surface."
Operational Procedures,5257,"In the JAR OPS, a runway is refered to as contaminated when more than 25 % of the required runway surface is covered with the one of the following elements:1. a water film sufficiently thick to give a shiny appearance to the runway.2. a water film or loose or slushy snow equivalent to more than 3 mm of water.3. compacted snow (a solid mass which may not be compacted further).4. ice, including wet ice.5. moist grass.The combination regrouping all the correct statements is:","2, 3, 4","1, 2, 3, 4","1, 3, 4","1, 3, 4, 5",A,"A runway is considered contaminated when more than 25% of its surface is covered by standing water, slush, or loose snow exceeding 3 mm in depth, or by compacted snow or ice. Items 1 and 5 are excluded because a shiny water film or moist grass do not meet the depth or structural criteria required for the formal definition of runway contamination."
Operational Procedures,5258,"The tire pressure of an aircraft main landing gear is 10,8 bars. The speed at which the hydroplaning phenomenon will appear is approximately:",112 kt,56 kt,87 kt,145 kt,A,"The hydroplaning speed for a tire is calculated using the formula V = 9 times the square root of the tire pressure in bars. Applying this to 10,8 bars results in a square root of approximately 3,28, which yields a hydroplaning speed of 29,6 knots per square root of bar multiplied by 3,8 to convert to knots, resulting in approximately 112 knots."
