chapter,question_number,question_text,option_a,option_b,option_c,option_d,correct_answer
Performance,1720,Density altitude is the,pressure altitude corrected for 'non standard' temperature,altitude reference to the standard datum plane,altitude read directly from the altimeter,height above the surface,A
Performance,1721,The Density Altitude,is used to determine the aeroplane performance.,is equal to the pressure altitude.,is used to establish minimum clearance of 2.000 feet over mountains.,is used to calculate the FL above the Transition Altitude.,A
Performance,1722,Given that:VEF= Critical engine failure speed VMCG= Ground minimum control speedVMCA= Air minimum control speed VMU= Minimum unstick speedV1= Take-off decision speedVR= Rotation speedV2 min.= Minimum take-off safety speedThe correct formula is:,VMCG<=VEF < V1,1.05 VMCA<= VEF<= V1,1.05 VMCG< VEF<= VR,V2min<= VEF<= VMU,A
Performance,1723,Given:VS= Stalling speedVMCA= Air minimum control speed VMU= Minimum unstick speed (disregarding engine failure)V1= take-off decision speedVR= Rotation speedV2 min.= Minimum take-off safety speedVLOF: Lift-off speed The correct formula is:,VS< VMCA< V2 min,VR< VMCA< VLOF,VMU<= VMCA< V1,V2min< VMCA> VMU,A
Performance,1724,"Regarding take-off, the take-off decision speed V1:",is the airspeed on the ground at which the pilot is assumed to have made a decision to continue or discontinue the take-off.,is always equal to VEF (Engine Failure speed).,is an airspeed at which the aeroplane is airborne but below 35 ft and the pilot is assumed to have made a decision to continue or discontinue the take-off .,is the airspeed of the aeroplane upon reaching 35 feet above the take-off surface.,A
Performance,1725,The point where Drag coefficient/Lift coefficient is a minimum is,the point where a tangent from the origin touches the drag curve.,the lowest point of the drag curve.,at stalling speed (VS).,"on the """"back side"""" of the drag curve.",A
Performance,1726,Which of the following statements is correct?,Induced drag decreases with increasing speed.,Induced drag increases with increasing speed.,Induced drag is independant of the speed.,Induced drag decreases with increasing angle of attack.,A
Performance,1727,The point at which a tangent out of the origin touches the power required curve,is the point where the Lift to Drag ratio is a maximum.,is the point where Drag coefficient is a minimum.,is the point where the Lift to Drag ratio is a minimum.,is the maximum drag speed.,A
Performance,1728,"On a reciprocating engined aeroplane, to maintain a given angle of attack, configuration and altitude at higher gross mass",the airspeed and the drag will be increased. 145,the airspeed will be decreased and the drag increased.,the lift/drag ratio must be increased.,the airspeed will be increased but the drag does not change.,A
Performance,1729,"On a reciprocating engined aeroplane, to maintain a given angle of attack, configuration and altitude at higher gross mass",an increase in airspeed and power is required.,a higher coefficient of drag is required.,an increase in airspeed is required but power setting does not change.,requires an increase in power and decrease in the airspeed.,A
Performance,1730,"On a reciprocating engined aeroplane, with increasing altitude at constant gross mass, angle of attack and configuraton the drag",remains unchanged but the TAS increases.,remains unchanged but the the CAS increases.,increases at constant TAS.,decreases and the CAS decreases too because of the lower air density.,A
Performance,1731,"On a reciprocating engined aeroplane, with increasing altitude at constant gross mass, angle of attack and configuraton the power required",increases and the TAS increases by the same percentage.,increases but TAS remains constant.,decreases slightly because of the lower air density.,remains unchanged but the TAS increases.,A
Performance,1732,A lower airspeed at constant mass and altitude requires,a higher coefficient of lift.,less thrust and a lower coefficient of lift.,more thrust and a lower coefficient of lift.,more thrust and a lower coefficient of drag.,A
Performance,1733,The coefficient of lift can be increased either by flap extension or by,increasing the angle of attack.,increasing the TAS.,decreasing the 'nose-up' elevator trim setting.,increasing the CAS.,A
Performance,1734,The speed VS is defined as,stalling speed or minimum steady flight speed at which the aeroplane is controllable.,safety speed for take-off in case of a contaminated runway.,design stress speed.,speed for best specific range.,A
Performance,1735,The stalling speed or the minimum steady flight speed at which the aeroplane is controllable in landing configuration is abbreviated as,VSO.,VS1.,VS.,VMC.,A
Performance,1736,In unaccelerated climb,thrust equals drag plus the downhill component of the gross weight in the flight path direction.,lift is greater than the gross weight.,lift equals weight plus the vertical component of the drag.,thrust equals drag plus the uphill component of the gross weight in the flight path direction.,A
Performance,1737,Which of the equations below expresses approximately the unaccelerated percentage climb gradient for small climb angles?,Climb Gradient = ((Thrust - Drag)/Weight) x 100,Climb Gradient = ((Thrust + Drag)/Lift) x 100,Climb Gradient = ((Thrust - Mass)/Lift) x 100,Cimb Gradient = (Lift/Weight) x 100,A
Performance,1738,The rate of climb,is approximately climb gradient times true airspeed divided by 100.,is the downhill component of the true airspeed.,is angle of climb times true airspeed.,is the horizontal component of the true airspeed.,A
Performance,1739,"Any acceleration in climb, with a constant power setting,",decreases the rate of climb and the angle of climb.,improves the climb gradient if the airspeed is below VX.,improves the rate of climb if the airspeed is below VY.,decreases rate of climb and increses angle of climb.,A
Performance,1740,Which force compensates the weight in unaccelerated straight and level flight ?,the lift,the thrust,the drag,the resultant from lift and drag,A
Performance,1741,In which of the flight conditions listed below is the thrust required (Tr) equal to the drag (D)?,In level flight with constant IAS,In accelerated level flight 146,In a climb with constant IAS,In a descent with constant TAS,A
Performance,1742,The load factor in a turn in level flight with constant TAS depends on,the bank angle only.,the radius of the turn and the bank angle.,the true airspeed and the bank angle.,the radius of the turn and the weight of the aeroplane.,A
Performance,1743,The induced drag of an aeroplane,decreases with increasing airspeed.,decreases with increasing gross weight.,is independent of the airspeed.,increases with increasing airspeed.,A
Performance,1744,The induced drag of an aeroplane at constant gross weight and altitude is highest at,VSO (stalling speed in landing configuration),VS1 (stalling speed in clean configuration),VMO (maximum operating limit spee,d) VA (design manoeuvring speed),A
Performance,1745,What is the most important aspect of the 'backside of the power curve'?,The speed is unstable.,The aeroplane will not stall.,The altitude cannot be maintained.,The elevator must be pulled to lower the nose.,A
Performance,1746,"Take-off performance data, for the ambient conditions, show the following limitations with flap 10Â° selected:- runway limit: 5 270 kg- obstacle limit: 4 630 kgEstimated take-off mass is 5 000kg.Considering a take-off with flaps at:","5Â°, the obstacle limit is increased but the runway limit decreases","5Â°, both limitations are increased","20Â°, the obstacle limit is increased but the runway limit decreases","20Â°, both limitations are increased",A
Performance,1747,"An increase in atmospheric pressure has, among other things, the following consequences on landing performance:",a reduced landing distance and improved go-around performance,an increased landing distance and degraded go-around performance,an increased landing distance and improved go-around performance,a reduced landing distance and degraded go around performance,A
Performance,1748,How does the thrust of fixed propeller vary during take-off run ? The thrust,decreases slightly while the aeroplane speed builds up.,increases slightly while the aeroplane speed builds up.,varies with mass changes only.,has no change during take-off and climb.,A
Performance,1749,"A decrease in atmospheric pressure has, among other things, the following consequences on take-off performance:",an increased take-off distance and degraded initial climb performance,a reduced take-off distance and improved initial climb performance,an increased take-off distance and improved initial climb performance,a reduced take-off distance and degraded initial climb performance,A
Performance,1750,"An increase in atmospheric pressure has, among other things, the following consequences on take-off performance:",a reduced take-off distance and improved initial climb performance,an increases take-off distance and degraded initial climb performance,an increased take-off distance and improved initial climb performance,a reduced take-off distance and degraded initial climb performance,A
Performance,1751,"(For this question use annex 032-2219A or Performance Manual SEP1 1 Figure 2.4 )With regard to the graph for landing performance, what is the minimum headwind component required in order to land at Helgoland airport?Given:Runway length: 1300 ftRunway elevation: MSLWeather: assume ISA conditionsMass: 3200 lbsObstacle height: 50 ft",10 kt.,No wind.,5 kt.,15 kt.,A
Performance,1752,"(For this question use annex 032-6590A or Performance Manual SEP 1 Figure 2.4)Using the Landing Diagramm, for single engine aeroplane, determine the landing distance (from a screen height of 50 ft) required, in the following conditions: Given : Pressure altitude: 4000 ftO.A.T.: 5Â°CAeroplane mass: 3530 lbsHeadwind component: 15 ktFlaps: Approach settingRunway: tarred and dryLanding gear: down",1400 ft,880 ft,1550 ft,1020 ft,A
Performance,1753,(For this question use annex 032-6569A or Performance Manual SEP 1 Figure 2.4)With regard to the landing chart for the single engine aeroplane determine the landing distance from a height of 50 ft .Given :O.A.T : 27 Â°CPressure Altitude: 3000 ftAeroplane Mass: 2900 lbsTailwind component: 5 ktFlaps: Landing position 147 (down) Runway: Tarred and Dry,approximately : 1850 feet,approximately : 1120 feet,approximately : 1700 feet,approximately : 1370 feet,A
Performance,1754,(For this question use annex 032-6570A or Performance Manual SEP 1 Figure 2.4)With regard to the landing chart for the single engine aeroplane determine the landing distance from a height of 50 ft .Given :O.A.T : ISA +15Â°CPressure Altitude: 0 ftAeroplane Mass: 2940 lbsTailwind component: 10 ktFlaps: Landing position (down) Runway: Tarred and Dry,approximately : 1300 feet,approximately : 950 feet,approximately : 1400 feet,approximately : 750 feet,A
Performance,1755,(For this question use annex 032-6571A or Performance Manual SEP 1 Figure 2.4)With regard to the landing chart for the single engine aeroplane determine the landing distance from a height of 50 ft .Given :O.A.T : ISAPressure Altitude: 1000 ftAeroplane Mass: 3500 lbsTailwind component: 5 ktFlaps: Landing position (down) Runway: Tarred and Dry,approximately : 1700 feet,approximately :1150 feet,approximately : 1500 feet,approximately : 920 feet,A
Performance,1756,(For this question use annex 032-6572A or Performance Manual SEP 1 Figure 2.4)With regard to the landing chart for the single engine aeroplane determine the landing distance from a height of 50 ft .Given :O.A.T : 0Â°CPressure Altitude: 1000 ftAeroplane Mass: 3500 lbsTailwind component: 5 ktFlaps: Landing position (down) Runway: Tarred and Dry,approximately : 1650 feet,approximately : 1150 feet,approximately : 1480 feet,approximately : 940 feet,A
Performance,1757,(For this question use annex 032-6573A or Performance Manual SEP 1 Figure 2.4)With regard to the landing chart for the single engine aeroplane determine the landing distance from a height of 50 ft .Given :O.A.T : ISA +15Â°CPressure Altitude: 0 ftAeroplane Mass: 2940 lbsHeadwind component: 10 ktFlaps: Landing position (down) Runway: short and wet grass- firm soilCorrection factor (wet grass): 1.38,approximately :1794 feet,approximately : 1300 feet,approximately : 2000 feet,approximately : 1450 feet,A
Performance,1758,(For this question use annex 032-6574A or Performance Manual SEP 1 Figure 2.1)With regard to the take off performance chart for the single engine aeroplane determine the take off distance to a height of 50 ft .Given :O.A.T : 30Â°CPressure Altitude: 1000 ftAeroplane Mass: 3450 lbsTailwind component: 2.5 ktFlaps: up Runway: Tarred and Dry,approximately : 2470 feet,approximately : 1440 feet,approximately : 2800 feet,approximately : 2200 feet,A
Performance,1759,(For this question use annex 032-6575A or Performance Manual SEP 1 Figure 2.1)With regard to the take off performance chart for the single engine aeroplane determine the maximum allowable take off mass .Given :O.A.T : ISAPressure Altitude: 4000 ftHeadwind component: 5 ktFlaps: up Runway: Tarred and DryFactored runway length: 2000 ftObstacle height: 50 ft,3240 lbs,3000 lbs,2900 lbs,> 3650 lbs,A
Performance,1760,(For this question use annex 032-6576A or Performance Manual SEP 1 Figure 2.2)With regard to the take off performance chart for the single engine aeroplane determine the take off distance to a height of 50 ft.Given :O.A.T : -7Â°CPressure Altitude: 7000 ftAeroplane Mass: 2950 lbsHeadwind component: 5 ktFlaps: Approach settingRunway: Tarred and Dry,approximately : 2050 ft,approximately : 1150 ft,approximately : 2450 ft,approximately : 1260 ft,A
Performance,1761,(For this question use annex 032-6577A or Performance Manual SEP 1 Figure 2.1)With regard to the take off performance chart for the single engine aeroplane determine the take off speed for (1) rotation and (2) at a height of 50 ft.Given :O.A.T : ISA+10Â°CPressure Altitude: 5000 ftAeroplane mass: 3400 lbsHeadwind component: 5 ktFlaps: up Runway: Tarred and Dry,71 and 82 KIAS,73 and 84 KIAS,68 and 78 KIAS,65 and 75 KIAS,A
Performance,1762,(For this question use annex 032-6578A or Performance Manual SEP 1 Figure 2.2)With regard to the take off performance chart for the single engine aeroplane determine the take off distance to a height of 50 ft.Given :O.A.T : 38Â°CPressure Altitude: 4000 ftAeroplane Mass: 3400 lbsTailwind component: 5 ktFlaps: Approach settingRunway: Dry GrassCorrection factor: 1.2,approximately : 3960 ft,approximately : 3680 ft 148,approximately : 4200 ft,approximately : 5040 ft,A
Performance,1763,"(For this question use annex 032-6580A or Performance Manual SEP 1 Figure 2.2)With regard to the take off performance chart for the single engine aeroplane determine the take off distance over a 50 ft obstacle height.Given :O.A.T : 30Â°CPressure Altitude: 1000 ftAeroplane Mass: 2950 lbsTailwind component: 5 ktFlaps: Approach settingRunway: Short, wet grass, firm subsoilCorrection factor: 1.25 (for runway conditions)",2375 ft,1900 ft,1600 ft,2000 ft,A
Performance,1764,"Assuming that the required lift exists, which forces determine an aeroplane's angle of climb?","Weight, drag and thrust.",Weight and drag only.,Thrust and drag only.,Weight and thrust only.,A
Performance,1765,How does the best angle of climb and best rate of climb vary with increasing altitude?,Both decrease.,Both increase.,Best angle of climb increases while best rate of climb decreases.,Best angle of climb decreases while best rate of climb increases.,A
Performance,1766,The 'climb gradient' is defined as the ratio of,the increase of altitude to horizontal air distance expressed as a percentage.,the increase of altitude to distance over ground expressed as a percentage.,true airspeed to rate of climb.,rate of climb to true airspeed.,A
Performance,1767,A higher outside air temperature,reduces the angle and the rate of climb.,increases the angle of climb but decreases the rate of climb.,does not have any noticeable effect on climb performance.,reduces the angle of climb but increases the rate of climb.,A
Performance,1768,"A headwind component increasing with altitude, as compared to zero wind condition, (assuming IAS is constant)",has no effect on rate of climb.,does not have any effect on the angle of flight path during climb.,improves angle and rate of climb.,decreases angle and rate of climb.,A
Performance,1769,A constant headwind,increases the angle of the descent flight path.,increases the angle of descent.,increases the rate of descent.,increases the descent distance over ground.,A
Performance,1770,A constant headwind component,increases the angle of flight path during climb.,increases the best rate of climb.,decreases the angle of climb.,increases the maximum endurance.,A
Performance,1771,"(For this question use annex 032-11661A or Performance Manual SEP 1 Figure 2.1)An extract of the flight manual of a single engine propeller aircraft is reproduced in annex.Airport characteristics: hard, dry and zero slope runwayActual conditions are:pressure altitude: 1 500 ftoutside tempereature: +18Â°Cwind component: 4 knots tailwindFor a take-off mass of 1 270 kg, the take-off distance will be:",525 m,415 m,440 m,615 m,A
Performance,1772,"(For this question use annex 032-6587A or Flight planning Manual SEP 1 Figure 2.4) Using the Range Profile Diagramm, for the single engine aeroplane, determine the range, with 45 minutes reserve, in the following conditions: Given :O.A.T.: ISA +16Â°CPressure altitude: 4000 ftPower: Full throttle / 25,0 in/Hg./ 2100 RPM",865 NM,739 NM,851 NM,911 NM,A
Performance,1773,"(For this question use annex 032-6588A or Flight planning Manual SEP 1 Figure 2.4) Using the Range Profile Diagramm, for the single engine aeroplane, determine the range, with 45 minutes reserve, in the following conditions:Given :O.A.T.: ISA -15Â°C Pressure altitude: 12000 ftPower: Full throttle / 23,0 in/Hg./ 2300 RPM",902 NM,875 NM,860 NM,908 NM,A
Performance,1774,(For this question use annex 032-6579A or Performance Manual SEP 1 Figure 149 2.3)With regard to the climb performance chart for the single engine aeroplane determine the climb speed (ft/min).Given :O.A.T : ISA + 15Â°CPressure Altitude: 0 ftAeroplane Mass: 3400 lbsFlaps: upSpeed: 100 KIAS,1290 ft/min,1370 ft/min,1210 ft/min,1150 ft/min,A
Performance,1775,"(For this question use annex 032-6581A or Performance Manual SEP 1 Figure 2.3)Using the climb performance chart, for the single engine aeroplane, determine the ground distance to reach a height of 2000 ft above the reference zero inthe following conditions:Given :O.A.T. at take-off: 25Â°CAirport pressure altitude: 1000 ftAeroplane mass: 3600 lbsSpeed: 100 KIASWind component: 15 kts Headwind",18 347 ft,21 505 ft,24 637 ft,18 832 ft,A
Performance,1776,"(For this question use annex 032-6582A or Performance Manual SEP 1 Figure 2.3)Using the climb performance chart, for the single engine aeroplane, determine the ground distance to reach a height of 1500 ft above the reference zero inthe following conditions:Given : O.A.T at Take-off: ISAAirport pressure altitude: 5000 ftAeroplane mass: 3300 lbsSpeed: 100 KIASWind component: 5 kts Tailwind",16 665 ft,18 909 ft,18 073 ft,20 109 ft,A
Performance,1777,"(For this question use annex 032-6583A or Performance Manual SEP 1 Figure 2.3)Using the climb performance chart, for the single engine aeroplane, determine the rate of climb and the gradient of climb in the following conditions:Given : O.A.T at Take-off: ISAAirport pressure altitude: 3000 ftAeroplane mass: 3450 lbsSpeed: 100 KIAS","1120 ft/min and 9,3%","1030 ft/min and 8,4%","1170 ft/min and 9,9%","1310 ft/min and 11,3%",A
Performance,1778,"(For this question use annex 032-6584A or Flight Planning Manual SEP 1 Figure 2.2 Table 2.2.3)Using the Power Setting Table, for the single engine aeroplane, determine the manifold pressure and fuel flow (lbs/hr) with full throttle and cruise lean mixture in the following conditions:Given:OAT: 13Â°CPressure altitude: 8000 ftRPM: 2300","22,4 in.Hg and 69,3 lbs/hr","23,0 in.Hg and 69,0 lbs/hr","22,4 in.Hg and 71,1 lbs/hr","22,4 in.Hg and 73,8 lbs/hr",A
Performance,1779,"(For this question use annex 032-6585A or Flight planning Manual SEP 1 Figure 2.2 Table 2.2.3)Using the Power Setting Table, for the single engine aeroplane, determine the cruise TAS and fuel flow (lbs/hr) with full throttle and cruise lean mixture in the following conditions:Given:OAT: 13Â°CPressure altitude: 8000 ftRPM: 2300","160 kt and 69,3 lbs/hr","158 kt and 74,4 lbs/hr","160 kt and 71,1 lbs/hr","159 kt and 71,7 lbs/hr",A
Performance,1780,"(For this question use annex 032-6586A or Flight planning Manual SEP 1 Figure 2.3 Table 2.3.1)Using the Power Setting Table, for the single engine aeroplane, determine the cruise TAS and fuel flow (lbs/hr) with full throttle and cruise lean mixture in the following conditions:Given :OAT: 3Â°CPressure altitude: 6000 ftPower: Full throttle / 21,0 in/Hg./ 2100 RPM","134 kt and 55,7 lbs/hr","136 kt and 56,9 lbs/hr","131 kt and 56,9 lbs/hr","125 kt and 55,7 lbs/hr",A
Performance,1781,"With regard to a unaccelerated horizontal flight, which of the following statement is correct?",The minimum drag is proportional to the aircraft mass.,The minimum drag is a function of the pressure altitude.,The minimum drag is is a function of the density altitude.,The minimum drag is independant of the aircraft mass.,A
Performance,1782,"Which of the following statements is correct?If the aircraft mass, in a horizontal unaccelerated flight, decreases",the minimum drag decreases and the IAS for minimum drag decreases.,the minimum drag increases and the IAS for minimum drag decreases.,the minimum drag increases and the IAS for minimum drag increases.,the minimum drag decreases and the IAS for minimum drag increases.,A
Performance,1783,(For this question use annex 032-2211A)Which of the following diagrams correctly shows the movement of the power required curve with increasing altitude .(H1 < H2),Figure d,Figure b,Figure c,Figure a,A
Performance,1784,"The maximum indicated air speed of a piston engined aeroplane, in level flight, is reached:",at the lowest possible altitude. 150,at the optimum cruise altitude.,at the service ceiling.,at the practical ceiling.,A
Performance,1785,The pilot of a single engine aircraft has established the climb performance. The carriage of an additional passenger will cause the climb performance to be:,Degraded,Improved,Unchanged,"Unchanged, if a short field take-off is adopted",A
Performance,1786,What affect has a tailwind on the maximum endurance speed?,No affect,Tailwind only effects holding speed.,The IAS will be increased.,The IAS will be decreased.,A
Performance,1787,"At a given mass, the stalling speed of a twin engine aircraft is 100 kt in the landing configuration. The minimum speed a pilot must maintain in short final is:",130 kt,115 kt,125 kt,120 kt,A
Performance,1788,The critical engine inoperative,increases the power required because of the greater drag caused by the windmilling engine and the compensation for the yaw effect.,does not affect the aeroplane performance since it is independent of the power plant.,decreases the power required because of the lower drag caused by the windmilling engine.,increases the power required and decreases the total drag due to the windmilling engine.,A
Performance,1789,A multi engine aeroplane is flying at the minimum control speed (VMCA). Which parameter(s) must be maintainable after engine failure?,Straight flight,Straight flight and altitude,"Heading, altitude and a positive rate of climb of 100 ft/min",Altitude,A
Performance,1790,The speed V1 is defined as,take-off decision speed.,take-off climb speed.,speed for best angle of climb.,engine failure speed.,A
Performance,1791,The speed VLO is defined as,landing gear operating speed.,design low operating speed.,long distance operating speed.,lift off speed.,A
Performance,1792,VX is,the speed for best angle of climb.,the speed for best rate of climb.,the speed for best specific range.,the speed for best angle of flight path.,A
Performance,1793,The speed for best rate of climb is called,VY.,VX.,V2.,VO.,A
Performance,1794,Which of the following speeds can be limited by the 'maximum tyre speed'?,Lift-off groundspeed.,Lift-off IAS.,Lift-off TAS.,Lift-off EAS.,A
Performance,1795,Changing the take-off flap setting from flap 15Â° to flap 5Â° will normally result in :,a longer take-off distance and a better climb.,a shorter take-off distance and an equal climb.,a better climb and an equal take-off distance.,a shorter take-off distance and a better climb.,A
Performance,1796,"If other factors are unchanged, the fuel mileage (nautical miles per kg) is",lower with a forward centre of gravity position.,independent from the centre of gravity position.,lower with an aft centre of gravity position.,higher with a forward centre of gravity position.,A
Performance,1797,The result of a higher flap setting up to the optimum at take-off is,a shorter ground roll.,an increased acceleration.,a higher V1.,a longer take-off run. 151,A
Performance,1798,Which of the following combinations adversely affects take-off and initial climb performance ?,High temperature and high relative humidity,Low temperature and high relative humidity,High temperature and low relative humidity,Low temperature and low relative humidity,A
Performance,1799,What effect has a downhill slope on the take-off speeds? The slope,decreases the take-off speed V1.,decreases the TAS for take-off.,increases the IAS for take-off.,has no effect on the take-off speed V1.,A
Performance,1800,The effect of a higher take-off flap setting up to the optimum is:,an increase of the field length limited take-off mass but a decrease of the climb limited take-off mass.,a decrease of the field length limited take-off mass but an increase of the climb limited take-off mass.,a decrease of both the field length limited take-off mass and the climb limited take-off mass.,an increase of both the field length limited take-off mass and the climb limited take-off mass.,A
Performance,1801,"When the outside air temperature increases, then",the field length limited take-off mass and the climb limited take-off mass decreases.,the field length limited take-off mass and the climb limited take-off mass increases.,the field length limited take-off mass decreases but the climb limited take-off mass increases.,the field length limited take-off mass increases but the climb limited take-off mass decreases.,A
Performance,1802,Due to standing water on the runway the field length limited take-off mass will be,lower.,higher.,unaffected.,only higher for three and four engine aeroplanes.,A
Performance,1803,On a dry runway the accelerate stop distance is increased,by uphill slope.,by headwind.,by low outside air temperature.,by a lower take-off mass because the aeroplane accelerates faster to V1.,A
Performance,1804,Which of the following are to be taken into account for the runway in use for take- off ?,"Airport elevation, runway slope, outside air temperature, pressure altitude and wind components.","Airport elevation, runway slope, standard temperature, standard pressure and wind components.","Airport elevation, runway slope, standard temperature, pressure altitude and wind components.","Airport elevation, runway slope, outside air temperature, standard pressure and wind components.",A
Performance,1805,What is the effect of increased mass on the performance of a gliding aeroplane?,The speed for best angle of descent increases.,There is no effect.,The gliding angle decreases.,The lift/drag ratio decreases.,A
Performance,1806,A higher pressure altitude at ISA temperature,decreases the field length limited take-off mass.,decreases the take-off distance.,increases the climb limited take-off mass.,has no influence on the allowed take-off mass.,A
Performance,1807,The take-off distance required increases,due to slush on the runway.,due to downhill slope because of the smaller angle of attack.,due to head wind because of the drag augmentation.,due to lower gross mass at take-off.,A
Performance,1808,"A runway is contaminated by a 0,5 cm layer of wet snow. The take-off is nevertheless authorized by a light-twin's flight manual. The take-off distance in relation to a dry runway will be:",increased,unchanged,decreased,very significantly decreased,A
Performance,1809,"A runway is contaminated with 0.5 cm of wet snow.The flight manual of a light twin nevertheless authorises a landing in these conditions. The landing distance will be, in relation to that for a dry runway:",increased,unchanged,reduced,substantially decreased 152,A
Performance,1810,"What is the effect of a head wind component, compared to still air, on the maximum range speed (IAS) and the speed for maximum climb angle respectively?",Maximum range speed increases and maximum climb angle speed stays constant.,Maximum range speed decreases and maximum climb angle speed increases.,Maximum range speed decreases and maximum climb angle speed decreases.,Maximum range speed increases and maximum climb angle speed increases.,A
Performance,1811,The stopway is an area which allows an increase only in :,the accelerate-stop distance available.,the take-off run available.,the take-off distance available.,the landing distance available.,A
Performance,1812,"For a turboprop powered aeroplane, a 2200 m long runway at the destination aerodrome is expected to be """"wet"""". The """"dry runway"""" landing distance, should not exceed:",1339 m.,1771 m.,1540 m.,1147 m.,A
Performance,1813,Which of the following factors favours the selection of a low flap setting for the take-off?,"High field elevation, distant obstacles in the climb-out path, long runway and a high ambient temperature.","Low field elevation, close-in obstacles in the climb-out path, long runway and a high ambient temperature.","High field elevation, no obstacles in the climb-out path, low ambient temperature and short runway.","Low field elevation, no obstacles in the climb-out path, short runway and a low ambient temperature.",A
Performance,1814,Field length is balanced when,take-off distance equals accelerate-stop distance.,"calculated V2 is less than 110% VMCA and V1, VR, VMCG.",all engine acceleration to V1 and braking distance for rejected take-off are equal.,one engine acceleration from V1 to VLOF plus flare distance between VLOF and 35 feet are equal.,A
Performance,1815,What is the advantage of a balanced field length condition ?,A balanced field length gives the minimum required field length in the event of an engine failure.,A balanced take-off provides the lowest elevator input force requirement for rotation.,For a balanced field length the required take-off runway length always equals the available runway length.,"A balanced field length provides the greatest margin between """"net"""" and """"gross"""" take-off flight paths.",A
Performance,1816,"The take-off distance of an aircraft is 600m in standard atmosphere, no wind at 0 ft pressure-altitude.Using the following corrections: """"Â± 20 m / 1 000 ft field elevation"""" """"- 5 m / kt headwind"""" """"+ 10 m / kt tail wind"""" """"Â± 15 m / % runway slope"""" """"Â± 5 m / Â°C deviation from standard temperature""""The take-off distance from an airport at 1 000 ft elevation, temperature 17Â°C, QNH 1013,25 hPa, 1% up-slope, 10 kt tail wind is:",755 m,715 m,555 m,685 m,A
Performance,1817,"An aircraft has two certified landing flaps positions, 25Â° and 35Â°.If a pilot chooses 35Â° instead of 25Â°, the aircraft will have:",a reduced landing distance and degraded go-around performance,a reduced landing distance and better go-around performance,an increased landing distance and degraded go-around performance,an increased landing distance and better go-around performance,A
Performance,1818,"Following a take-off, limited by the 50 ft screen height, a light twin climbs on a gradient of 5%.It will clear a 160 m obstacle in relation to the runway (horizontally), situated at 5 000 m from the 50 ft point with an obstacle clearance margin of:",105 m,90 m,75 m,it will not clear the obstacle,A
Performance,1819,"If the airworthiness documents do not specify a correction for landing on a wet runway, the landing distance must be increased by:",15%,5%,10%,20%,A
Performance,1820,"Following a take-off determined by the 50ft (15m) screen height, a light twin climbs on a 10% over-the-ground climb gradient.It will clear a 900 m high obstacle in relation to the runway (horizontally), situated at 10 000 m from the 50 ft clearing point with an obstacle clearance of:",115 m,100 m,85 m,It will not clear the obstacle 153,A
Performance,1821,"An aircraft has two certified landing flaps positions, 25Â° and 35Â°.If a pilot chooses 25Â° instead of 35Â°, the aircraft will have:",an increased landing distance and better go-around performance,a reduced landing distance and better go-around performance,an increased landing distance and degraded go-around performance,a reduced landing distance and degraded go-around performance,A
Performance,1822,"The take-off distance of an aircraft is 800m in standard atmosphere, no wind at 0 ft pressure-altitude.Using the following corrections : """"Â± 20 m / 1 000 ft field elevation """" """"- 5 m / kt headwind """" """"+ 10 m / kt tail wind """" """"Â± 15 m / % runway slope """" """"Â± 5 m / Â°C deviation from standard temperature """"The take-off distance from an airport at 2 000 ft elevation, temperature 21Â°C, QNH 1013.25 hPa, 2% up-slope, 5 kt tail wind is :",970 m,890 m,870 m,810 m,A
Performance,1823,"During climb to the cruising level, a headwind component",decreases the ground distance flown during that climb.,increases the amount of fuel for the climb.,increases the climb time.,decreases the climb time.,A
Performance,1824,"The angle of climb with flaps extended, compared to that with flaps retracted, will normally be:",Smaller.,Larger.,Not change.,"Increase at moderate flap setting, decrease at large flap setting.",A
Performance,1825,Which of the following combinations basically has an effect on the angle of descent in a glide?(Ignore compressibility effects.),Configuration and angle of attack.,Mass and altitude.,Altitude and configuration.,Configuration and mass.,A
Performance,1826,Two identical aeroplanes at different masses are descending at idle thrust. Which of the following statements correctly describes their descent characteristics ?,"At a given angle of attack, both the vertical and the forward speed are greater for the heavier aeroplane.",There is no difference between the descent characteristics of the two aeroplanes.,At a given angle of attack the heavier aeroplane will always glide further than the lighter aeroplane.,At a given angle of attack the lighter aeroplane will always glide further than the heavier aeroplane.,A
Performance,1827,"When flying the """"Backside of Thrustcurve"""" means",a lower airspeed requires more thrust.,the thrust required is independent of the airspeed.,a thrust reduction results in an acceleration of the aeroplane.,a lower airspeed requires less thrust because drag is decreased.,A
Performance,1828,"In a steady descending flight (descent angle GAMMA) equilibrium of forces acting on the aeroplane is given by:(T = Thrust, D = Drag, W = Weight)",T + W sin GAMMA = D,T - W sin GAMMA = D,T - D = W sin GAMMA,T + D = - W sin GAMMA,A
Performance,1829,"An aeroplane executes a steady glide at the speed for minimum glide angle. If the forward speed is kept constant, what is the effect of a lower mass? Rate of descent / Glide angle / CL/CD ratio",increases / increases / decreases,decreases / constant / decreases,increases / increases / constant,increases / constant / increases,A
Performance,1830,An aeroplane is in a power off glide at best gliding speed. If the pilot increases pitch attitude the glide distance:,decreases.,increases.,remains the same.,may increase or decrease depending on the aeroplane.,A
Performance,1831,Which of the following provides maximum obstacle clearance during climb?,The speed for maximum climb angle Vx.,1.2Vs.,The speed for maximum rate of climb.,"The speed, at which the flaps may be selected one position further UP.",A
Performance,1832,"Which of the following factors will lead to an increase of ground distance during a glide, while maintaining the appropriate minimum glide angle speed?",Tailwind.,Increase of aircraft mass.,Decrease of aircraft mass.,Headwind. 154,A
Performance,1833,Which of the following factors leads to the maximum flight time of a glide?,Low mass.,High mass.,Headwind.,Tailwind.,A
Performance,1834,What is the influence of the mass on maximum rate of climb (ROC) speed if all other parameters remain constant ?,The ROC speed increases with increasing mass.,The ROC speed decreases with increasing mass.,"The ROC is affected by the mass, but not the ROC speed.",The ROC and the ROC speed are independant of the mass.,A
Performance,1835,"(For this question use annex 032-4744A)Considering a rate of climb diagram (ROC versus TAS) for an aeroplane. Which of the diagrams shows the correct curves for """"flaps down"""" compared to """"clean"""" configuration?",a,b,c,d,A
Performance,1836,"With an true airspeed of 194 kt and a vertical speed of 1 000 ft/min, the climb gradient is about :",3Â°,3%,5Â°,8%,A
Performance,1837,"On a twin engined piston aircraft with variable pitch propellers, for a given mass and altitude, the minimum drag speed is 125 kt and the holding speed (minimum fuel burn per hour) is 95 kt.The best rate of climb speed will be obtained for a speed:",equal to 95 kt,inferior to 95 kts,is between 95 and 125 kt,equal to 125 kt,A
Performance,1838,"A climb gradient required is 3,3%. For an aircraft maintaining 100 kt true airspeed , no wind, this climb gradient corresponds to a rate of climb of approximately:",330 ft/min,3 300 ft/min,"3,30 m/s","33,0 m/s",A
Performance,1839,"The climb gradient of an aircraft after take-off is 6% in standard atmosphere, no wind, at 0 ft pressure altitude.Using the following corrections: """"Â± 0,2 % / 1 000 ft field elevation"""" """"Â± 0,1 % / Â°C from standard temperature"""" """" - 1 % with wing anti-ice"""" """" - 0,5% with engine anti-ice""""The climb gradient after take-off from an airport situated at 1 000 ft, 17Â° C, QNH 1013,25 hPa, with wing and engine anti-ice operating for a functional check is :","3,90%","4,30%","4,70%","4,90%",A
Performance,1840,"During climb with all engines, the altitude where the rate of climb reduces to 100 ft/min is called:",Service ceiling,Absolute ceiling,Thrust ceiling,Maximum transfer ceiling,A
Performance,1841,The maximum rate of climb that can be maintained at the absolute ceiling is:,0 ft/min,125 ft/min,500 ft/min,100 ft/min,A
Performance,1842,"Considering TAS for maximum range and maximum endurance, other factors remaining constant,",both will increase with increasing altitude.,both will decrease with increasing altitude.,both will stay constant regardless of altitude.,TAS for maximum range will increase with increased altitude while TAS for maximum endurance will decrease with increased altitude.,A
Performance,1843,A twin engined aeroplane in cruise flight with one engine inoperative has to fly over high ground. In order to maintain the highest possible altitude the pilot should choose:,the speed corresponding to the maximum value of the lift / drag ratio.,the long range speed.,the speed corresponding to the minimum value of (lift / drag)^3/2.,the speed at the maximum lift.,A
Performance,1844,The maximum horizontal speed occurs when:,The maximum thrust is equal to the total drag.,The thrust is equal to the maximum drag.,The thrust is equal to minimum drag.,The thrust does not increase further with increasing speed. 155,A
Performance,1845,"With respect to the optimum altitude, which of the following statements is correct ?",An aeroplane sometimes flies above or below the optimum altitude because optimum altitude increases continuously during flight.,"An aeroplane always flies below the optimum altitude, because Mach buffet might occur.",An aeroplane always flies at the optimum altitude because this is economically seen as the most attractive altitude.,An aeroplane flies most of the time above the optimum altitude because this yields the most economic result.,A
Performance,1846,How does the lift coefficient for maximum range vary with altitude?(No compressibility effects.),The lift coefficient is independant of altitude.,The lift coefficient decreases with increasing altitude.,The lift coefficient increases with increasing altitude.,Only at low speeds the lift coefficient decreases with increasing altitude.,A
Performance,1847,The optimum altitude,increases as mass decreases and is the altitude at which the specific range reaches its maximum.,decreases as mass decreases.,is the altitude at which the specific range reaches its minimum.,is the altitude up to which cabin pressure of 8 000 ft can be maintained.,A
Performance,1848,To achieve the maximum range over ground with headwind the airspeed should be,higher compared to the speed for maximum range cruise with no wind.,equal to the speed for maximum range cruise with no wind.,lower compared to the speed for maximum range cruise with no wind.,reduced to the gust penetration speed.,A
Performance,1849,The absolute ceiling,is the altitude at which the rate of climb theoretically is zero.,can be reached only with minimim steady flight speed,is the altitude at which the best climb gradient attainable is 5%,is the altitude at which the aeroplane reaches a maximum rate of climb of 100 ft/min.,A
Performance,1850,"The pilot of a light twin engine aircraft has calculated a 4 000 m service ceiling, based on the forecast general conditions for the flight and a take-off mass of 3 250 kg.If the take-off mass is 3 000 kg, the service ceiling will be:",higher than 4 000 m.,less than 4 000 m.,"unchanged, equal to 4 000 m.",only a new performance analysis will determine if the service ceiling is higher or lower than 4 000 m.,A
Performance,1851,Which statement regarding the relationship between traffic load and range is correct?,The traffic load can be limited by the desired range.,The maximum zero fuel mass limits the maximum quantity of fuel.,The maximum landing mass is basically equal to the maximum zero fuel mass.,The maximum traffic load is not limited by the reserve fuel quantity.,A
Performance,1852,The speed for maximum lift/drag ratio will result in :,The maximum range for a propeller driven aeroplane.,The maximum range for a jet aeroplane.,The maximum endurance for a propeller driven aeroplane.,The maximum angle of climb for a propeller driven aeroplane.,A
Performance,1853,Maximum endurance for a piston engined aeroplane is achieved at:,The speed that approximately corresponds to the maximum rate of climb speed.,The speed for maximum lift coefficient.,The speed for minimum drag.,The speed that corresponds to the speed for maximum climb angle.,A
Performance,1854,"(For this question use annex 032-2929A)Consider the graphic representation of the power required versus true air speed (TAS), for a piston engined aeroplane with a given mass. When drawing the tangent from the origin, the point of contact (A) determines the speed of:",maximum specific range.,maximum endurance.,maximum thrust.,critical angle of attack.,A
Performance,1855,"For a piston engined aeroplane, the speed for maximum range is :",that which gives the maximum lift to drag ratio.,that which givesthe minimum value of drag.,that which givesthe maximun value of lift,1.4 times the stall speed in clean configuration.,A
Performance,1856,"The flight manual of a light twin engine recommends two cruise power settings, 65 and 75 %. The 75% power setting in relation to the 65 % results in:","an increase in speed, fuel consumption and fuel-burn/distance.",same speed and an increase of the fuel-burn per hour and fuel-burn/distance.,"an increase in speed and fuel-burn/distance, but an unchanged fuel-burn per hour.","same speed and fuel-burn/distance, but an increase in the fuel-burn per hour.",A
Performance,1857,"(For this question use annex 032-4743A or Performance Manual MEP1 Figure 3.2)With regard to the graph for the light twin aeroplane, will the accelerate and stop distance be achieved in a take-off where the brakes are released before take- 156 off power is set?","No, the performance will be worse than in the chart.",Performance will be better than in the chart.,"Yes, the chart has been made for this situation.",It does not matter which take-off technique is being used.,A
Performance,1858,Provided all other parameters stay constant. Which of the following alternatives will decrease the take-off ground run?,"Decreased take-off mass, increased density, increased flap setting.","Increased pressure altitude, increased outside air temperature, increased take-off mass.","Increased outside air temperature, decreased pressure altitude, decreased flap setting.","Decreased take-off mass, increased pressure altitude, increased temperature.",A
Performance,1859,"An airport has a 3000 metres long runway, and a 2000 metres clearway at each end of that runway. For the calculation of the maximum allowed take-off mass, the take-off distance available cannot be greater than:",4500 metres.,6000 metres.,4000 metres.,5000 metres.,A
Performance,1860,"During the certification flight testing of a twin engine turbojet aeroplane, the real take-off distances are equal to:- 1547 m with all engines running- 1720 m with failure of critical engine at V1, with all other things remaining unchanged.The take-off distance adopted for the certification file is:",1779 m.,1978 m.,1547 m.,1720 m.,A
Performance,1861,The take-off decision speed V1 is:,a chosen limit. If an engine failure is recognized before reaching V1 the take-off must be aborted.,"not less than V2min, the minimum take-off safety speed.",a chosen limit. If an engine failure is recognized after reaching V1 the take-off must be aborted.,sometimes greater than the rotation speed VR.,A
Performance,1862,"Minimum control speed on ground, VMCG, is based on directional control being maintained by:",primary aerodynamic control only.,primary aerodynamic control and nosewheel.,"primary aerodynamic control, nosewheel steering and differential braking.",nosewheel steering only.,A
Performance,1863,The take-off performance requirements for transport category aeroplanes are based upon:,failure of critical engine or all engines operating which ever gives the largest take off distance.,all engines operating.,only one engine operating.,failure of critical engine.,A
Performance,1864,Which of the following distances will increase if you increase V1?,Accelerate Stop Distance,Take-off distance,All Engine Take-off distance,Take-off run,A
Performance,1865,The length of a clearway may be included in:,the take-off distance available.,the accelerate-stop distance available.,the take-off run available.,the distance to reach V1.,A
Performance,1866,The one engine out take-off run is the distance between the brake release point and:,the middle of the segment between VLOF point and 35 ft point.,the lift-off point.,the point where V2 is reached.,the point half way between V1 and V2.,A
Performance,1867,"What is the advantage of balancing V1, even in the event of a climb limited take-off?",The safety margin with respect to the runway length is greatest.,The take-off distance required with one engine out at V1 is the shortest.,The accelerate stop distance required is the shortest.,The climb limited take-off mass is the highest.,A
Performance,1868,Which statement is correct?,The climb limited take-off mass depends on pressure altitude and outer air temperature,The performance limited take-off mass is the highest of:field length limited take-off massclimb limited take-off massobstacle limited take-off mass.,The climb limited take-off mass will increase if the headwind component increases.,The climb limited take-off mass increases when a larger take-off flap setting is used.,A
Performance,1869,Maximum and minimum values of V1 are limited by :,VR and VMCG 157,V2 and VMCA,VR and VMCA,V2 and VMCG,A
Performance,1870,Take-off run is defined as the,horizontal distance along the take-off path from the start of the take-off to a point equidistant between the point at which VLOF is reached and the point at which the aeroplane is 35 ft above the take-off surface.,"distance to V1 and stop, assuming an engine failure at V1.",distance to 35 feet with an engine failure at V1 or 115% all engine distance to 35 feet.,Distance from brake release to V2.,A
Performance,1871,"The minimum value of V2 must exceed """"air minimum control speed"""" by:",10%,15%,20%,30%,A
Performance,1872,Which of the following statements is correct ?,"A stopway means an area beyond the take-off runway, able to support the aeroplane during an aborted take-off.",An underrun is an area beyond the runway end which can be used for an aborted take-off.,A clearway is an area beyond the runway which can be used for an aborted take-off.,"If a clearway or a stopway is used, the liftoff point must be attainable at least at the end of the permanent runway surface.",A
Performance,1873,The decision speed at take-off (V1) is the calibrated airspeed:,"below which take-off must be rejected if an engine failure is recognized, above which take-off must be continued.",at which the take-off must be rejected.,below which the take-off must be continued.,at which the failure of the critical engine is expected to occur.,A
Performance,1874,Which of the following set of factors could lead to a V2 value which is limited by VMCA?,"Low take-off mass, high flap setting and low field elevation.","Low take-off mass, low flap setting and low field elevation.","High take-off mass, high flap setting and low field elevation.","High take-off mass, low flap setting and high field elevation.",A
Performance,1875,During the flight preparation a pilot makes a mistake by selecting a V1 greater than that required. Which problem will occur when the engine fails at a speed immediatly above the correct value of V1?,The stop distance required will exceed the stop distance available.,The one engine out take-off distance required may exceed the take-off distance available.,V2 may be too high so that climb performance decreases.,It may lead to over-rotation.,A
Performance,1876,Which of the following statements is correct?,The climb limited take-off mass is independant of the wind component.,The performance limited take-off mass is independant of the wind component.,The accelerate stop distance required is independant of the runway condition.,The take-off distance with one engine out is independant of the wind component.,A
Performance,1877,Which of the following statements is correct?,VR is the speed at which the pilot should start to rotate the aeroplane.,VR should not be higher than V1.,VR should not be higher than 1.05 VMCG.,"VR is the speed at which, during rotation, the nose wheel comes off the runway.",A
Performance,1878,Complete the following statement regarding the take-off performance of an aeroplane in performance class A. Following an engine failure at (i) ........... and allowing for a reaction time of (ii) ........... a correctly loaded aircraft must be capable of decelerating to a halt within the (iii) .........,(i) V1 (ii) 2 seconds (iii) Accelerate - stop distance available.,(i) V2 (ii) 3 seconds (iii) Take-off distance available.,(i) V1 (ii) 1 second (iii) Accelerate - stop distance available.,(i) V1 (ii) 2 seconds (iii) Take-off distance available.,A
Performance,1879,"With regard to a take-off from a wet runway, which of the following statements is correct?",The screen height can be lowered to reduce the mass penalties.,"When the runway is wet, the V1 reduction is sufficient to maintain the same margins on the runway length.",In case of a reverser inoperative the wet runway performance information can still be used.,Screen height cannot be reduced.,A
Performance,1880,The take-off run is,the horizontal distance along the take-off path from the start of the take-off to a point equidistant between the point at which VLOF is reached and the point at which the aeroplane is 35 ft above the take-off surface.,1.5 times the distance from the point of brake release to a point equidistant between the point at which VLOF is reached and the point at which the aeroplane attains a height of 35 ft above the runway with all engines operative.,1.15 times the distance from the point of brake release to the point at which VLOF is reached assuming a failure of the critical engine at V1.,the distance of the point of brake release to a point equidistant between the point at which VLOF is reached and the point at which the aeroplane attains a height of 50 ft above the runway assuming a failure of the critical engine at V1. 158,A
Performance,1881,Can the length of a stopway be added to the runway length to determine the take- off distance available ?,No.,"No, unless its centerline is on the extended centerline of the runway.","Yes, but the stopway must be able to carry the weight of the aeroplane.","Yes, but the stopway must have the same width as the runway.",A
Performance,1882,Which is the correct sequence of speeds during take-off?,"VMCG, V1, VR, V2.","V1, VMCG, VR, V2.","V1, VR, VMCG, V2.","V1, VR, V2, VMCA.",A
Performance,1883,Which statement regarding V1 is correct?,V1 is not allowed to be greater than VR.,V1 is not allowed to be greater than VMCG.,"When determining the V1, reverse thrust is only allowed to be taken into account on the remaining symmetric engines.",The V1 correction for up-slope is negative.,A
Performance,1884,When an aircraft takes off with the mass limited by the TODA:,the actual take-off mass equals the field length limited take-off mass.,the distance from brake release to V1 will be equal to the distance from V1 to the 35 feet point.,"the """"balanced take-off distance"""" equals 115% of the """"all engine take-off distance"""".",the end of the runway will be cleared by 35 feet following an engine failure at V1.,A
Performance,1885,VR cannot be lower than:,V1 and 105% of VMCA.,105% of V1 and VMCA.,1.2 Vs for twin and three engine jet aeroplane.,1.15 Vs for turbo-prop with three or more engines.,A
Performance,1886,V2 has to be equal to or higher than,1.1 VMCA.,1.15 VMCG.,1.1 VSO.,1.15 VR.,A
Performance,1887,V1 has to be,equal to or higher than VMCG.,equal to or higher than VMCA.,higher than than VR.,equal to or higher than V2.,A
Performance,1888,The speed VR,is the speed at which rotation to the lift-off angle of attack is initiated.,must be higher than V2.,must be higher than VLOF.,must be equal to or lower than V1.,A
Performance,1889,The speed V2 is,the take-off safety speed.,that speed at which the PIC should decide to continue or not the take-off in the case of an engine failure.,the lowest airspeed required to retract flaps without stall problems.,the lowest safety airspeed at which the aeroplane is under control with aerodynamic surfaces in the case of an engine failure.,A
Performance,1890,Which take-off speed is affected by the presence or absence of stopway and/or clearway ?,V1,V2,VMCG,VMCA,A
Performance,1891,The speed V2 is defined for jet aeroplane as,take-off climb speed or speed at 35 ft.,lift off speed.,take-off decision speed.,critical engine failure speed.,A
Performance,1892,The take-off mass could be limited by,"the take-off distance available (TODA), the maximum brake energy and the climb gradient with one engine inoperative.",the maximum brake energy only.,the climb gradient with one engine inoperative only.,the take-off distance available (TODA) only.,A
Performance,1893,Which of the following is true with regard to VMCA (air minimum control speed)?,"Straight flight can not be maintained below VMCA, when the critical engine has failed.",The aeroplane is uncontrollable below VMCA,The aeroplane will not gather the minimum required climb gradient,VMCA only applies to four-engine aeroplanes,A
Performance,1894,Which of the following will decrease V1?,Inoperative anti-skid.,Increased take-off mass. 159,Inoperative flight management system.,Increased outside air temperature.,A
Performance,1895,In case of an engine failure recognized below V1,the take-off must be rejected.,the take-off may be continued if a clearway is available.,the take-off should only be rejected if a stopway is available.,the take-off is to be continued unless V1 is less than the balanced V1.,A
Performance,1896,In case of an engine failure which is recognized at or above V1,the take-off must be continued.,the take-off must be rejected if the speed is still below VLOF.,a height of 50 ft must be reached within the take-off distance.,the take-off should be rejected if the speed is still below VR.,A
Performance,1897,The take-off distance available is,the length of the take-off run available plus the length of the clearway available.,the runway length minus stopway.,the runway length plus half of the clearway.,"the total runway length, without clearway even if this one exists.",A
Performance,1898,The take-off safety speed V2min for turbo-propeller powered aeroplanes with more than three engines may not be less than:,1.15 Vs,1.3 Vs,1.2 Vs,1.2 Vs1,A
Performance,1899,The take-off safety speed V2 for two-engined or three-engined turbo propeller powered aeroplanes may not be less than:,1.2 Vs,1.3 Vs,1.15 Vs,1.15 Vs1,A
Performance,1900,Which statement regarding V1 is correct ?,VR may not be lower than V1,V1 may not be higher than Vmcg,"When determining V1, reverse thrust may only be used on the remaining symmetric engines",The correction for up-slope on the balanced V1 is negative,A
Performance,1901,"How does runway slope affect allowable take-off mass, assuming other factors remain constant and not limiting?",A downhill slope increases allowable take-off mass.,An uphill slope increases take-off mass.,Allowable take-off mass is not affected by runway slope.,A downhill slope decreases allowable take-off mass.,A
Performance,1902,Uphill slope,increases the take-off distance more than the accelerate stop distance.,decreases the accelerate stop distance only.,decreases the take-off distance only.,increases the allowed take-off mass.,A
Performance,1903,If the take-off mass of an aeroplane is brake energy limited a higher uphill slope would,increase the maximum mass for take-off.,decrease the maximum mass for take-off.,have no effect on the maximum mass for take-off.,decrease the required take-off distance.,A
Performance,1904,Which statement related to a take-off from a wet runway is correct?,A reduction of screen height is allowed in order to reduce weight penalties,The use of a reduced Vr is sufficient to maitain the same safety margins as for a dry runway,In case of a reverser inoperative the wet runway performance information can still be used,Screenheight reduction can not be applied because of reduction in obstacle clearance.,A
Performance,1905,Which statement regarding the influence of a runway down-slope is correct for a balanced take-off? Down-slope...,reduces V1 and reduces take-off distance required (TODR).,increases V1 and reduces the accelerate stop distance required (ASDR).,reduces V1 and increases the accelerate stop distance required (ASDR).,increases V1 and increases the take-off distance required (TODR).,A
Performance,1906,The required Take-off Distance (TOD) and the field length limited Take-off Mass (TOM) are different for the zero flap case and take-off position flap case. What is the result of flap setting in take-off position compared to zero flap position?,Decreased TOD required and increased field length limited TOM.,Increased TOD required and decreased field length limited TOM.,Increased TOD required and increased field length limited TOM.,Decreased TOD required and decreased field length limited TOM.,A
Performance,1907,"The determination of the maximum mass on brake release, of a certified turbojet aeroplane with 5Â°, 15Â° and 25Â° flaps angles on take-off, leads to the following values, with wind:Flap angle: 5Â° 15Â° 25Â°Runway limitation (kg): 66 000 69 500 71 5002nd segment slope limitation: 72 200 69 000 61 800Wind correction: Head 160 wind:+120kg / kt Tail wind: -360kg / ktGiven that the tail wind component is equal to 5 kt, the maximum mass on brake release and corresponding flap angle will be:",67 700 kg / 15 deg,69 000 kg / 15 deg,72 200 kg / 5 deg,69 700 kg / 25 deg,A
Performance,1908,Reduced take-off thrust should normally not be used when:,windshear is reported on the take-off path.,it is dark.,the runway is dry.,the runway is wet.,A
Performance,1909,Reduced take-off thrust should normally not be used when:,anti skid is not usable.,it is dark.,the runway is wet.,the OAT is ISA +10Â°C,A
Performance,1910,Reduced take-off thrust should normally not be used when:,the runway is contaminated.,it is dark.,the runway is wet.,obstacles are present close to the end of the runway.,A
Performance,1911,"The use of reduced take-off thrust is permitted, only if:",The actual take-off mass (TOM) is lower than the field length limited TOM.,The take-off distance available is lower than the take-off distance required one engine out at V1.,The actual take-off mass (TOM) including a margin is greater than the performance limited TOM.,The actual take-off mass (TOM) is greater than the climb limited TOM.,A
Performance,1912,Which statement about reduced thrust is correct?,Reduced thrust can be used when the actual take-off mass is less than the field length limited take-off mass.,Reduced thrust is primarily a noise abatement procedure.,Reduced thrust is used in order to save fuel.,In case of reduced thrust V1 should be decreased.,A
Performance,1913,"If the take-off mass of an aeroplane is tyre speed limited, downhill slope would",have no effect on the maximum mass for take-off.,decrease the maximum mass for take-off.,increase the maximum mass for take-off.,increase the required take-off distance.,A
Performance,1914,Reduced take-off thrust,has the benefit of improving engine life.,can be used if the actual take-off mass is higher than the performance limited take-off mass.,is not recommended at very low temperatures (OAT).,can be used if the headwind component during take-off is at least 10 kt.,A
Performance,1915,What will be the effect on an aeroplane's performance if aerodrome pressure altitude is decreased?,It will decrease the take-off distance required.,It will increase the take-off distance required.,It will increase the take-off ground run.,It will increase the accelerate stop distance.,A
Performance,1916,What will be the influence on the aeroplane performance if aerodrome pressure altitude is increased?,It will increase the take-off distance.,It will decrease the take-off distance.,It will increase the take-off distance available.,It will increase the accelerate stop distance available.,A
Performance,1917,How is VMCA influenced by increasing pressure altitude?,VMCA increases with increasing pressure altitude.,VMCA is not affected by pressure altitude.,VMCA decreases with increasing pressure altitude.,VMCA increases with pressure altitude higher than 4000 ft.,A
Performance,1918,Which one of the following is not affected by a tail wind?,the climb limited take-off mass.,the field limited take-off mass.,the obstacle limited take-off mass.,the take-off run.,A
Performance,1919,"Other factors remaining constant and not limiting, how does increasing pressure altitude affect allowable take-off mass?",Allowable take-off mass decreases.,Allowable take-off mass increases.,There is no effect on allowable take-off mass.,Allowable take-off mass remains uninfluenced up to 5000 ft PA. 161,A
Performance,1920,"For a take-off from a contaminated runway, which of the following statements is correct?","The performance data for take-off must be determined in general by means of calculation, only a few values are verified by flight tests.","The greater the depth of contamination at constant take-off mass, the more V1 has to be decreased to compensate for decreasing friction.",Dry snow is not considered to affect the take-off performance.,"A slush covered runway must be cleared before take-off, even if the performance data for contaminated runway is available.",A
Performance,1921,How is wind considered in the take-off performance data of the Aeroplane Operations Manuals ?,Not more than 50% of a headwind and not less than 150% of the tailwind.,Unfactored headwind and tailwind components are used.,Not more than 80% headwind and not less than 125% tailwind.,"Since take-offs with tailwind are not permitted, only headwinds are considered.",A
Performance,1922,The lowest take-off safety speed (V2 min) is:,1.15 Vs for four-engine turboprop aeroplanes and 1.20 Vs for two or three- engine turboprop aeroplanes.,1.20 Vs for all turbojet aeroplanes.,1.15 Vs for all turbojet aeroplanes.,1.20 Vs for all turboprop powered aeroplanes.,A
Performance,1923,Which of the following answers is true?,V1 <= VR,V1 > Vlof,V1 > VR,V1 < VMCG,A
Performance,1924,Which statement is correct?,VR is the speed at which rotation should be initiated.,VR is the lowest climb speed after engine failure.,In case of engine failure below VR the take-off should be aborted.,VR is the lowest speed for directional control in case of engine failure.,A
Performance,1925,Which statement is correct?,VR must not be less than 1.05 VMCA and not less than V1.,VR must not be less than VMCA and not less than 1.05 V1.,VR must not be less than 1.1 VMCA and not less than V1.,VR must not be less than 1.05 VMCA and not less than 1.1 V1.,A
Performance,1926,Which of the following represents the minimum for V1?,VMCG,VLOF,VMU,VR,A
Performance,1927,Which of the following represents the maximum value for V1 assuming max tyre speed and max brake energy speed are not limiting?,VR,VMCA,V2,VREF,A
Performance,1928,How is V2 affected if T/O flaps 20Â° is chosen instead of T/O flaps 10Â°?,V2 decreases if not restricted by VMCA.,V2 has the same value in both cases.,V2 increases in proportion to the angle at which the flaps are set.,"V2 has no connection with T/O flap setting, as it is a function of runway length only.",A
Performance,1929,The speed V2 of a jet aeroplane must be greater than:,1.2Vs.,1.2VMCG.,1.05VLOF.,1.3V1.,A
Performance,1930,"If the value of the balanced V1 is found to be lower than VMCG, which of the following is correct ?",The take-off is not permitted.,The one engine out take-off distance will become greater than the ASDR.,The VMCG will be lowered to V1.,The ASDR will become greater than the one engine out take-off distance.,A
Performance,1931,"During certification test flights for a turbojet aeroplane, the actual measured take-off runs from brake release to a point equidistant between the point at which VLOF is reached and the point at which the aeroplane is 35 feet above the take-off surface are:- 1747 m, all engines operating- 1950 m, with the critical engine failure recognized at V1, the other factors remaining unchanged.Considering both possibilities to determine the take-off run (TOR). What is the correct distance?",2009 m.,2243 m.,2096 m.,1950 m.,A
Performance,1932,During certification flight testing on a four engine turbojet aeroplane the actual take-off distances measured are:- 3050 m with failure of the critical engine recognised at V1- 2555 m with all engines operating and all other things being equalThe take-off distance adopted for the certification file is: 162,3050 m,3513 m,2555 m,2938 m,A
Performance,1933,During the flight preparation the climb limited take-off mass (TOM) is found to be much greater than the field length limited TOM using 5Â° flap. In what way can the performance limited TOM be increased? There are no limiting obstacles.,By selecting a higher flap setting.,By selecting a higher V2.,By selecting a lower V2.,By selecting a lower flap setting.,A
Performance,1934,"In the event of engine failure below V1, the first action to be taken by the pilot in order to decelerate the aeroplane is to:",reduce the engine thrust.,reverse engine thrust.,apply wheel brakes.,deploy airbrakes or spoilers.,A
Performance,1935,"If the antiskid system is inoperative, which of the following statements is true?",The accelerate stop distance increases.,The accelerate stop distance decreases.,It has no effect on the accelerate stop distance.,Take-off with antiskid inoperative is not permitted.,A
Performance,1936,In which of the following distances can the length of a stopway be included?,In the accelerate stop distance available.,"In the one-engine failure case, take-off distance.",In the all-engine take-off distance.,In the take-off run available.,A
Performance,1937,Which statement concerning the inclusion of a clearway in take-off calculation is correct?,The field length limited take-off mass will increase.,The usable length of the clearway is not limited.,V1 is increased.,V1 remains constant.,A
Performance,1938,Balanced V1 is selected,if the accelerate stop distance is equal to the one engine out take-off distance.,for a runway length limited take-off with a stopway to give the highest mass.,for a runway length limited take-off with a clearway to give the highest mass.,if it is equal to V2.,A
Performance,1939,A 'Balanced Field Length' is said to exist where:,The accelerate stop distance is equal to the take-off distance available.,The clearway does not equal the stopway.,The accelerate stop distance is equal to the all engine take-off distance.,The one engine out take-off distance is equal to the all engine take-off distance.,A
Performance,1940,"If the field length limited take off mass has been calculated using a Balanced Field Length technique, the use of any additional clearway in take off performance calculations may allow",a greater field length limited take off mass but with a lower V1,a greater field length limited take off mass but with a higher V1,the obstacle clearance limit to be increased with no effect on V1,the obstacle clearance limit to be increased with an higher V1,A
Performance,1941,Before take-off the temperature of the wheel brakes should be checked. For what reason?,Because overheated brakes will not perform adequately in the event of a rejected take-off.,To ensure that the brake wear is not excessive.,To ensure that the wheels have warmed up evenly.,To ensure that the thermal blow-out plugs are not melted.,A
Performance,1942,"Concerning the landing gear, which of the following factors would limit the take- off mass?",Rate of rotation of the wheel at lift off and brake energy.,Tyre pressure and brake temperature.,Rate of rotation of the wheel and tyre pressure.,Nitrogen pressure in the strut and brake temperature.,A
Performance,1943,Which combination of circumstances or conditions would most likely lead to a tyre speed limited take-off?,A high runway elevation and tail wind.,A low runway elevation and a cross wind.,A high runway elevation and a head wind.,A low runway elevation and a head wind.,A
Performance,1944,The 'maximum tyre speed' limits:,VLOF in terms of ground speed.,V1 in kt TAS.,"VR, or VMU if this is lower than VR.",V1 in kt ground speed.,A
Performance,1945,May anti-skid be considered to determine the take-off and landing data ?,Yes. 163,No.,Only for take-off.,Only for landing.,A
Performance,1946,A higher outside air temperature (OAT),decreases the brake energy limited take-off mass.,increases the field length limited take-off mass.,increases the climb limited take-off mass.,decreases the take-off distance.,A
Performance,1947,"If there is a tail wind, the climb limited TOM will:",not be affected.,increase.,decrease.,increase in the flaps extended case.,A
Performance,1948,Which of the following sets of factors will increase the climb-limited TOM?,"Low flap setting, low PA, low OAT.","High flap setting, low PA, low OAT.","Low flap setting, high PA, high OAT.","Low flap setting, high PA, low OAT.",A
Performance,1949,(For this question use annex 032-1562A or Performance Manual MRJT 1 Figure 4.4 )For a twin engine turbojet aeroplane two take-off flap settings (5Â° and 15Â°) are certified.Given:Field length avalaible= 2400 mOutside air temperature= -10Â°CAirport pressure altitude= 7000 ftThe maximum allowed take-off mass is:,56 000 kg,55 000 kg,70 000 kg,52 000 kg,A
Performance,1950,"In relation to the net take-off flight path, the required 35 ft vertical distance to clear all obstacles is",the minimum vertical distance between the lowest part of the aeroplane and all obstacles within the obstacle corridor.,based on pressure altitudes.,the height by which acceleration and flap retraction should be completed.,the height at which power is reduced to maximum climb thrust.,A
Performance,1951,The minimum climb gradient required on the 2nd flight path segment after the take-off of a jet aeroplane is defined by the following parameters:1 Gear up2 Gear down3 Wing flaps retracted4 Wing flaps in take-off position5 N engines at the take-off thrust6 (N-1) engines at the take-off thrust7 Speed over the path equal to V2 + 10 kt8 Speed over the path equal to 1.3 VS9 Speed over the path equal to V210 At a height of 35 ft above the runwayThe correct statements are:,"1, 4, 6, 9","2, 3, 6, 9","1, 4, 5, 10","1, 5, 8, 10",A
Performance,1952,The requirements with regard to take-off flight path and the climb segments are only specified for:,the failure of the critical engine on a multi-engines aeroplane.,the failure of any engine on a multi-engined aeroplane.,2 engined aeroplane.,the failure of two engines on a multi-engined aeroplane.,A
Performance,1953,At which minimum height will the second climb segment end?,400 ft above field elevation.,35 ft above ground.,When gear retraction is completed.,1500 ft above field elevation.,A
Performance,1954,A head wind will:,increase the climb flight path angle.,increase the angle of climb.,increase the rate of climb.,shorten the time of climb.,A
Performance,1955,The second segment begins,when landing gear is fully retracted.,when flap retraction begins.,when flaps are selected up.,when acceleration starts from V2 to the speed for flap retraction.,A
Performance,1956,"For take-off obstacle clearance calculations, obstacles in the first segment may be avoided",by banking not more than 15Â° between 50 ft and 400 ft above the runway elevation.,by banking as much as needed if aeroplane is more than 50 ft above runway elevation.,only by using standard turns.,by standard turns - but only after passing 1500 ft.,A
Performance,1957,"Which statement, in relation to the climb limited take-off mass of a jet aeroplane, is correct?",The climb limited take-off mass decreases with increasing OAT.,The climb limited take-off mass is determined at the speed for best rate of climb.,50% of a head wind is taken into account when determining the climb limited take-off mass. 164,On high elevation airports equipped with long runways the aeroplane will always be climb limited.,A
Performance,1958,The first segment of the take-off flight path ends,at completion of gear retraction.,at completion of flap retraction.,at reaching V2.,at 35 ft above the runway.,A
Performance,1959,The climb limited take-off mass can be increased by,a lower flap setting for take-off and selecting a higher V2.,selecting a lower V1.,selecting a lower V2.,selecting a lower VR.,A
Performance,1960,During take-off the third segment begins:,when acceleration to flap retraction speed is started.,when landing gear is fully retracted.,when acceleration starts from VLOF to V2.,when flap retraction is completed.,A
Performance,1961,The take-off mass of an aeroplane is restricted by the climb limit. What would be the effect on this limit of an increase in the headwind component?,None.,The effect would vary depending upon the height of any obstacle within the net take-off flight path.,The climb limited take-off mass would increase.,The climb limited take-off mass would decrease.,A
Performance,1962,Which of the following statements with regard to the actual acceleration height at the beginning of the 3rd climb segment is correct?,The minimum value according to regulations is 400 ft.,A lower height than 400 ft is allowed in special circumstances e.g. noise abatement.,The minimum value according to regulations is 1000 ft.,"There is no legal minimum value, because this will be determined from case to case during the calculation of the net flight path.",A
Performance,1963,"On a segment of the take-off flight path an obstacle requires a minimum gradient of climb of 2.6% in order to provide an adequate margin of safe clearance. At a mass of 110000 kg the gradient of climb is 2.8%. For the same power and assuming that the sine of the angle of climb varies inversely with mass, at what maximum mass will the aeroplane be able to achieve the minimum gradient?",118455 kg,102150 kg,121310 kg,106425 kg,A
Performance,1964,A four jet-engined aeroplane (mass = 150 000 kg) is established on climb with all engines operating. The lift-to-drag ratio is 14.Each engine has a thrust of 75 000 Newtons. The gradient of climb is:(given: g= 10 m/sÂ²),12.86%.,1.286%.,27%.,7.86%.,A
Performance,1965,Which of the following statements is applicable to the acceleration height at the beginning of the 3rd climb segment ?,The maximum acceleration height depends on the maximum time take-off thrust may be applied.,The minimum legally allowed acceleration height is at 1500 ft.,There is no requirement for minimum climb performance when flying at the acceleration height.,The minimum one engine out acceleration height must be maintained in case of all engines operating.,A
Performance,1966,Given that the characteristics of a three engine turbojet aeroplane are as follows:Thrust = 50 000 Newton / Engineg = 10 m/sÂ²Drag = 72 569 NMinimum gross gradient (2nd segment) = 2.7%SIN(Angle of climb) = (Thrust- Drag) / WeightThe maximum take-off mass under 2nd segment conditions is:,101 596 kg,286 781 kg,74 064 kg,209 064 kg,A
Performance,1967,The net flight path climb gradient after take-off compared to the gross climb gradient is:,smaller.,larger.,equal.,depends on type of aircraft.,A
Performance,1968,An operator shall ensure that the net take-off flight path clears all obstacles. The half-width of the obstacle-corridor at the distance D from the end of the TODA is at least:,90m + 0.125D,0.125D,-90m + 1.125D,90m + D/0.125 165,A
Performance,1969,When V1 has to be reduced because of a wet runway the one engine out obstacle clearance / climb performance:,decreases / remains constant.,increases / increases.,remains constant / remains constant.,decreases / decreases.,A
Performance,1970,"Which of the following statements, concerning the obstacle limited take-off mass for performance class A aeroplane, is correct?","It should be determined on the basis of a 35 ft obstacle clearance with the respect to the """"net take-off flight path"""".",It should not be corrected for 30Â° bank turns in the take-off path.,"It should be calculated in such a way that there is a margin of 50 ft with respect to the """"net take off flight path"""".",It cannot be lower than the corresponding climb limited take-off mass.,A
Performance,1971,"Regarding the obstacle limited take-off mass, which of the following statements is correct?",A take-off in the direction of an obstacle is also permitted in tail wind condition.,Wind speed plays no role when calculating this particular mass.,The obstacle limited mass can never be lower than the climb limited take-off mass.,The maximum bank angle which can be used is 10Â°.,A
Performance,1972,"In the event that the take-off mass is obstacle limited and the take-off flight path includes a turn, the bank angle should not exceed",15 degrees up to height of 400 ft.,10 degrees up to a height of 400 ft.,20 degrees up to a height of 400 ft.,25 degrees up to a height of 400 ft.,A
Performance,1973,Which speed provides maximum obstacle clearance during climb?,The speed for which the ratio between rate of climb and forward speed is maximum.,V2 + 10 kt.,The speed for maximum rate of climb.,V2.,A
Performance,1974,(For this question use annex 032-915A)What is the maximum vertical speed of a three engine turbojet aeroplane with one engine inoperative (N-1) and a mass of 75 000 kg?Using the following: g = 10 m/sÂ² 1 kt = 100 ft/min SIN( Angle of climb) = (Thrust- Drag)/ Weight,+1267 ft / min.,-1267 ft / min.,0 ft / min.,+3293 ft / min.,A
Performance,1975,What is the effect of tail wind on the time to climb to a given altitude?,The time to climb does not change.,The time to climb increases.,The time to climb decreases.,The effect on time to climb will depend on the aeroplane type.,A
Performance,1976,You climb with a climb speed schedule 300/.78. What do you expect in the crossover altitude 29 200 ft (OAT = ISA) ?,The rate of climb increases since the constant IAS-climb is replaced by the constant Mach-climb.,The rate of climb decreases since climb performance at a constant Mach number is grossly reduced as compared to constant IAS.,During the acceleration to the Mach number .78 the rate of climb is approximately zero.,No noticeable effect since the true airspeed at 300 kt IAS and .78 Mach are the same (at ISA temperature TAS=460 kt),A
Performance,1977,If the climb speed schedule is changed from 280/.74 to 290/.74 the new crossover altitude is,lower.,higher.,unchanged.,only affected by the aeroplane gross mass.,A
Performance,1978,"(For this question use annex 032-3590A or Performance Manual MRJT 1 Figure 4.5)With regard to the take-off performance of a twin jet aeroplane, why does the take-off performance climb limit graph show a kink at 30Â°C, pressure altitude 0?",At higher temperatures the flat rated engines determines the climb limit mass.,At higher temperatures the VMBE determines the climb limit mass.,At lower temperatures one has to take the danger of icing into account.,"The engines are pressure limited at lower temperature, at higher temperatures they are temperature limited.",A
Performance,1979,(For this question use annex 032-3591A or Performance Manual MRJT 1 Figure 4.5)Consider the take-off performance for the twin jet aeroplane climb limit chart. Why has the wind been omitted from the chart?,The climb limit performances are taken relative to the air.,The effect of the wind must be taken from another chart.,There is no effect of the wind on the climb angle relative to the ground.,There is a built-in safety measure.,A
Performance,1980,Vx and Vy with take-off flaps will be:,lower than that for clean configuration.,higher than that for clean configuration.,same as that for clean configuration.,changed so that Vx increases and Vy decreases compared to clean configuration. 166,A
Performance,1981,"Other factors remaining constant, how does increasing altitude affect Vx and Vy:",Both will increase.,Both will remain the same.,Both will decrease.,Vx will decrease and Vy will increase.,A
Performance,1982,How does TAS vary in a constant Mach climb in the troposphere?,TAS decreases.,TAS increases.,TAS is constant.,TAS is not related to Mach Number.,A
Performance,1983,"A jet aeroplane is climbing at a constant IAS and maximum climb thrust, how will the climb angle / the pitch angle change?",Reduce / decrease.,Reduce / remain constant.,Remain constant / decrease.,Remain constant / become larger.,A
Performance,1984,With a jet aeroplane the maximum climb angle can be flown at approximately:,The highest CL/CD ratio.,The highest CL/CDÂ² ratio.,1.2 Vs,1.1 Vs,A
Performance,1985,"What happens to the drag of a jet aeroplane if, during the initial climb after take off, constant IAS is maintained?(Assume a constant mass.)",The drag remains almost constant.,The drag increases considerably.,The drag decreases.,The drag increases initially and decreases thereafter.,A
Performance,1986,Which of the following sequences of speed for a jet aeroplane is correct ? (from low to high speeds),"Vs, maximum angle climb speed, maximum range speed.","Vs, maximum range speed, maximum angle climb speed.","Maximum endurance speed, maximum range speed, maximum angle of climb speed.","Maximum endurance speed, long range speed, maximum range speed.",A
Performance,1987,A jet aeroplane is climbing at constant Mach number below the tropopause. Which of the following statements is correct?,IAS decreases and TAS decreases.,IAS increases and TAS increases.,IAS decreases and TAS increases.,IAS increases and TAS decreases.,A
Performance,1988,Which of the following three speeds of a jet aeroplane are basically identical?The speeds for:,"holding, maximum climb angle and minimum glide angle.","maximum drag, maximum endurance and maximum climb angle.","maximum range, minimum drag and minimum glide angle.","maximum climb angle, minimum glide angle and maximum range.",A
Performance,1989,What happens when an aeroplane climbs at a constant Mach number?,The lift coefficient increases.,"The TAS continues to increase, which may lead to structural problems.",IAS stays constant so there will be no problems.,"The """"1.3G"""" altitude is exceeded, so Mach buffet will start immediately.",A
Performance,1990,A jet aeroplane is climbing with constant IAS. Which operational speed limit is most likely to be reached?,The Maximum operating Mach number.,The Stalling speed.,The Minimum control speed air.,The Mach limit for the Mach trim system.,A
Performance,1991,Higher gross mass at the same altitude decreases the gradient and the rate of climb whereas,VY and VX are increased.,VX is increased and VY is decreased.,VY and VX are not affected by a higher gross mass.,VY and VX are decreased.,A
Performance,1992,As long as an aeroplane is in a positive climb,VX is always below VY.,VX is sometimes below and sometimes above VY depending on altitude.,VX is always above VY.,VY is always above VMO.,A
Performance,1993,The best rate of climb at a constant gross mass,decreases with increasing altitude since the thrust available decreases due to the lower air density.,increases with increasing altitude since the drag decreases due to the lower air density.,increases with increasing altitude due to the higher true airspeed.,is independent of altitude. 167,A
Performance,1994,Given a jet aircraft. Which order of increasing speeds in the performance diagram is correct?,"Vs, Vx, Maximum range speed","Maximum endurance speed, Long range speed, Maximum range speed","Vs, Maximum range speed, Vx","Maximum endurance speed, Maximum range speed, Vx",A
Performance,1995,The optimum long-range cruise altitude for a turbojet aeroplane:,increases when the aeroplane mass decreases.,is always equal to the powerplant ceiling.,is independent of the aeroplane mass.,is only dependent on the outside air temperature.,A
Performance,1996,Which statement with respect to the step climb is correct?,Executing a desired step climb at high altitude can be limited by buffet onset at g-loads larger than 1.,A step climb must be executed immediately after the aeroplane has exceeded the optimum altitude.,A step climb is executed because ATC desires a higher altitude.,"A step climb is executed in principle when, just after leveling off, the 1.3g altitude is reached.",A
Performance,1997,"Which of the following factors determines the maximum flight altitude in the """"Buffet Onset Boundary"""" graph?",Aerodynamics.,Theoretical ceiling.,Service ceiling.,Economy.,A
Performance,1998,Which data can be extracted from the Buffet Onset Boundary Chart?,The values of the Mach number at which low speed and Mach buffet occur at various masses and altitudes.,The value of maximum operating Mach number (MMO) at various masses and power settings.,The value of the critical Mach number at various masses and altitudes.,The value of the Mach number at which low speed and shockstall occur at various weights and altitudes.,A
Performance,1999,The aerodynamic ceiling,is the altitude at which the speeds for low speed buffet and for high speed buffet are the same.,depends upon thrust setting and increase with increasing thrust.,is the altitude at which the best rate of climb theoretically is zero.,is the altitude at which the aeroplane reaches 50 ft/min.,A
Performance,2000,The maximum operating altitude for a certain aeroplane with a pressurised cabin,is the highest pressure altitude certified for normal operation.,is dependent on aerodynamic ceiling.,is dependent on the OAT.,is only certified for four-engine aeroplanes.,A
Performance,2001,Why are 'step climbs' used on long distance flights ?,To fly as close as possible to the optimum altitude as aeroplane mass reduces.,Step climbs are only justified if at the higher altitude less headwind or more tailwind can be expected.,"Step climbs do not have any special purpose for jet aeroplanes, they are used for piston engine aeroplanes only.",To respect ATC flight level constraints.,A
Performance,2002,Which statement with respect to the step climb is correct ?,Performing a step climb based on economy can be limited by the 1.3-g altitude.,In principle a step climb is performed immediately after the aircraft has exceeded the optimum altitude.,A step climb may not be performed unless it is indicated in the filed flight plan.,A step climb provides better economy than a cruise climb.,A
Performance,2003,"With all other things remaining unchanged and with T the outside static air temperature expressed in degrees K, the hourly fuel consumption of a turbojet powered aeroplane in a cruise flight with a constant Mach Number and zero headwind,is as follows:",proportional to T,proportional to 1/TÂ²,proportional to 1/T,independent from T,A
Performance,2004,"Two identical turbojet aeroplanes (whose specific fuel consumption is assumed to be constant) are in a holding pattern at the same altitude. The mass of the first one is 95 000 kg and its hourly fuel consumption is equal to 3100 kg/h. Since the mass of the second one is 105 000 kg, its hourly fuel consumption is:",3259 kg/h,3602 kg/h,3787 kg/h,3426 kg/h,A
Performance,2005,"A jet aeroplane equipped with old engines has a specific fuel consumption of 0.06 kg per Newton of thrust and per hour and, in a given flying condition, a fuel mileage of 14 kg per Nautical Mile. In the same flying conditions, the same aeroplane equipped with modern engines with a specific fuel consumption of 0.035 kg per Newton of thrust and per hour, has a fuel mileage of:",8.17 kg/NM. 168,14 kg/NM.,11.7 kg/NM.,10.7 kg/NM.,A
Performance,2006,"At a given altitude, when a turbojet aeroplane mass is increased by 5% - assuming the engines specific consumption remains unchanged -, its hourly consumption is approximately increased by:",5%,7.50%,10%,2.50%,A
Performance,2007,"For jet-engined aeroplanes, what is the effect of increased altitude on specific range?",Increases.,Decreases.,Does not change.,Increases only if there is no wind.,A
Performance,2008,"(For this question use annex 032-1014A)Assuming constant L/D ratio, which of the diagrams provided correctly shows the movement of the """"Thrust Required Curve .(M1>M2).",c,a,b,d,A
Performance,2009,Long range cruise is a flight procedure which gives:,a specific range which is about 99% of maximum specific range and higher cruise speed.,a 1% higher TAS for maximum specific range.,an IAS which is 1% higher than the IAS for maximum specific range.,a specific range which is 99% of maximum specific range and a lower cruise speed.,A
Performance,2010,"With zero wind, the angle of attack for maximum range for an aeroplane with turbojet engines is:",equal to that of maximum lift to drag ratio.,equal to that maximum endurance.,equal to that corresponding to zero induced drag.,lower than that of maximum lift to drag ratio.,A
Performance,2011,Two identical turbojet aeroplane (whose specific fuel consumptions are considered to be equal) are at holding speed at the same altitude.The mass of the first aircraft is 130 000 kg and its hourly fuel consumption is 4300 kg/h. The mass of the second aircraft is 115 000 kg and its hourly fuel consumption is:,3804 kg/h.,4044 kg/h.,3365 kg/h.,3578 kg/h.,A
Performance,2012,A jet aeroplane is flying long range cruise. How does the specific range / fuel flow change?,Increase / decrease.,Increase / increase.,Decrease / increase.,Decrease / decrease.,A
Performance,2013,"During a cruise flight of a jet aeroplane at constant flight level and at the maximum range speed, the IAS / the drag will:",decrease / decrease.,increase / decrease.,increase / increase.,decrease / increase.,A
Performance,2014,"The lowest point of the drag or thrust required curve of a jet aeroplane, respectively, is the point for",minimum drag.,maximum specific range.,maximum endurance.,minimum specific range.,A
Performance,2015,"For a jet transport aeroplane, which of the following is the reason for the use of 'maximum range speed' ?",Minimum specific fuel consumption.,Minimum fuel flow.,Longest flight duration.,Minimum drag.,A
Performance,2016,"Consider the graphic representation of the power required versus true air speed (TAS), for a jet aeroplane with a given mass. When drawing the tangent out of the origin, the point of contact determines the speed of:",maximum endurance.,minimum power.,maximum specific range.,critical angle of attack.,A
Performance,2017,A jet aeroplane is performing a maximum range flight.The speed corresponds to:,the point of contact of the tangent from the origin to the Drag versus TAS curve.,the minimum drag.,the minimum required power. 169,the point of contact of the tangent from the origin to the power required (Pr) versus TAS curve.,A
Performance,2018,"In the drag versus TAS curve for a jet aeroplane, the speed for maximum range corresponds with:",the point of contact of the tangent from the origin to the drag curve.,the point of intersection of the parasite drag curve and the induced drag curve.,the point of contact of the tangent from the origin to the parasite drag curve.,the point of contact of the tangent from the origin to the induced drag curve.,A
Performance,2019,The pilot of a jet aeroplane wants to use a minimum amount of fuel between two airfields. Which flight procedure should the pilot fly?,Maximum range.,Maximum endurance.,Holding.,Long range.,A
Performance,2020,Which of the following is a reason to operate an aeroplane at 'long range speed'?,It is efficient to fly slightly faster than with maximum range speed.,In order to achieve speed stability.,The aircraft can be operated close to the buffet onset speed.,In order to prevent loss of speed stability and tuck-under.,A
Performance,2021,"""""Maximum endurance""""",is achieved in unaccelerated level flight with minimum fuel consumption.,is the same as maximum specific range with wind correction.,can be flown in a steady climb only.,can be reached with the 'best rate of climb' speed in level flight.,A
Performance,2022,The speed for maximum endurance,is always lower than the speed for maximum specific range.,is the lower speed to achieve 99% of maximum specific range.,can either be higher or lower than the speed for maximum specific range.,is always higher than the speed for maximum specific range.,A
Performance,2023,Which of the equations below defines specific range (SR)?,SR = True Airspeed/Total Fuel Flow,SR = Indicated Airspeed/Total Fuel Flow,SR = Mach Number/Total Fuel Flow,SR = Groundspeed/Total Fuel Flow,A
Performance,2024,Long range cruise is selected as,the higher speed to achieve 99% of maximum specific range in zero wind.,the speed for best economy.,the climbing cruise with one or two engines inoperative.,specific range with tailwind.,A
Performance,2025,The airspeed for jet aeroplanes at which power required is a minimum,is always lower than the minimum drag speed.,is always higher than the minimum drag speed.,is lower than the minimum drag speed in the climb and higher than the minimum drag speed in the descent.,is the same as the minimum drag speed.,A
Performance,2026,"Moving the center of gravity from the forward to the aft limit (gross mass, altitude and airspeed remain unchanged)",decreases the induced drag and reduces the power required.,increases the power required.,affects neither drag nor power required.,increases the induced drag.,A
Performance,2027,"The centre of gravity near, but still within, the aft limit",improves the maximum range.,increases the stalling speed.,improves the longitudinal stabiity.,decreases the maximum range.,A
Performance,2028,The speed range between low speed buffet and high speed buffet,narrows with increasing mass and increasing altitude.,decreases with increasing mass and is independent of altitude.,is only limiting at low altitudes.,increases with increasing mass.,A
Performance,2029,The danger associated with low speed and/or high speed buffet,limits the maneuvering load factor at high altitudes.,can be reduced by increasing the load factor.,exists only above MMO.,has to be considered at take-off and landing.,A
Performance,2030,Which of the jet engine ratings below is not a certified rating?,Maximum Cruise Thrust,Maximum Continuous Thrust,Go-Around Thrust,Maximum Take-off Thrust,A
Performance,2031,At constant thrust and constant altitude the fuel flow of a jet engine 170,increases slightly with increasing airspeed.,is independent of the airspeed.,decreases slightly with increasing airspeed.,increases with decreasing OAT.,A
Performance,2032,At a constant Mach number the thrust and the fuel flow of a jet engine,decrease in proportion to the ambient pressure at constant temperature.,increase with increasing altitude.,are independent of outside air temperature (OAT).,increase in proportion to the ambient pressure at constant temperature.,A
Performance,2033,The thrust of a jet engine at constant RPM,increases in proportion to the airspeed.,does not change with changing altitude.,is independent of the airspeed.,is inversely proportional to the airspeed.,A
Performance,2034,The intersections of the thrust available and the drag curve are the operating points of the aeroplane,in unaccelerated level flight.,in descent with constant IAS.,in accelerated level flight.,in unaccelerated climb.,A
Performance,2035,At speeds below minimum drag,a lower speed requires a higher thrust.,a higher speed requires a higher thrust.,the aeroplane can not be controlled manually.,the aeroplane can be controlled only in level flight.,A
Performance,2036,A higher altitude at constant mass and Mach number requires,a higher angle of attack.,a lower coefficient of lift.,a lower coefficient of drag.,a lower angle of attack.,A
Performance,2037,The long range cruise speed is in relation to the speed for maximum range cruise.,Higher,Lower,Depending on the OAT and net mass.,Depending on density altitude and mass.,A
Performance,2038,The optimum cruise altitude is,the pressure altitude at which the best specific range can be achieved.,the pressure altitude at which the fuel flow is a maximum.,the pressure altitude up to which a cabin altitude of 8000 ft can be maintained.,the pressure altitude at which the speed for high speed buffet as TAS is a maximum.,A
Performance,2039,The optimum cruise altitude increases,if the aeroplane mass is decreased.,if the temperature (OAT) is increased.,if the tailwind component is decreased.,if the aeroplane mass is increased.,A
Performance,2040,Below the optimum cruise altitude,the Mach number for long range cruise decreases continuously with decreasing altitude.,the IAS for long range cruise increases continuously with decreasing altitude.,the TAS for long range cruise increases continuously with decreasing altitude.,the Mach number for long range cruise increases continuously with decreasing altitude.,A
Performance,2041,Under which condition should you fly considerably lower (4 000 ft or more) than the optimum altitude ?,If at the lower altitude either considerably less headwind or considerably more tailwind can be expected.,If the maximum altitude is below the optimum altitude.,If the temperature is lower at the low altitude (high altitude inversion).,If at the lower altitude either more headwind or less tailwind can be expected.,A
Performance,2042,On a long distance flight the gross mass decreases continuously as a consequence of the fuel consumption. The result is:,The specific range and the optimum altitude increases.,The speed must be increased to compensate the lower mass.,The specific range increases and the optimum altitude decreases.,The specific range decreases and the optimum altitude increases.,A
Performance,2043,If the thrust available exceeds the thrust required for level flight,the aeroplane accelerates if the altitude is maintained.,the aeroplane descends if the airspeed is maintained.,the aeroplane decelerates if it is in the region of reversed command.,the aeroplane decelerates if the altitude is maintained.,A
Performance,2044,In a given configuration the endurance of a piston engined aeroplane only depends on:,"altitude, speed, mass and fuel on board.","altitude, speed and mass.",speed and mass.,"speed, mass and fuel on board. 171",A
Performance,2045,Which of the following statements with regard to the optimum cruise altitude (best fuel mileage) is correct?,"An aeroplane sometimes flies above the optimum cruise altitude, because ATC normally does not allow to fly continuously at the optimum cruise altitude.","An aeroplane always flies below the optimum cruise altitude, as otherwise Mach buffet can occur.","An aeroplane always flies on the optimum cruise altitude, because this is most attractive from an economy point of view.","An aeroplane usually flies above the optimum cruise altitude, as this provides the largest specific range.",A
Performance,2046,An aeroplane operating under the 180 minutes ETOPS rule may be up to :,180 minutes flying time to a suitable airport in still air with one engine inoperative.,180 minutes flying time to a suitable airport under the prevailing weather condition with one engine inoperative.,180 minutes flying time from suitable airport in still air at a normal cruising speed,90 minutes flying time from the first enroute airport and another 90 minutes from the second enroute airport in still air with one engine inoperative.,A
Performance,2047,"ETOPS flight is a twin engine jet aeroplane flight conducted over a route, where no suitable airport is within an area of",60 minutes flying time in still air at the approved one engine out cruise speed.,60 minutes flying time in still air at the normal cruising speed.,30 minutes flying time at the normal cruising speed.,75 minutes flying time at the approved one engine out cruise speed.,A
Performance,2048,"(For this question use annex 032-3589A or Performance Manual MRJT 1 Figure 4.24)With regard to the drift down performance of the twin jet aeroplane, why does the curve representing 35 000 kg gross mass in the chart for drift down net profiles start at approximately 3 minutes at FL370?",Because at this mass it takes about 3 minutes to decelerate to the optimum speed for drift down at the original cruising level.,"Because at this mass the engines slow down at a slower rate after failure, there is still some thrust left during four minutes.","Due to higher TAS at this mass it takes more time to develop the optimal rate of descent, because of the inertia involved.","All the curves start at the same point, which is situated outside the chart.",A
Performance,2049,"A twin jet aeroplane is in cruise, with one engine inoperative, and has to overfly a high terrain area. In order to allow the greatest clearance height, the appropriate airspeed must be the airspeed",of greatest lift-to-drag ratio.,giving the lowest Cl/Cd ratio.,giving the highest Cd/Cl ratio.,for long-range cruise.,A
Performance,2050,The drift down requirements are based on:,the obstacle clearance during a descent to the new cruising altitude if an engine has failed.,the actual engine thrust output at the altitude of engine failure.,the maximum flight path gradient during the descent.,the landing mass limit at the alternate.,A
Performance,2051,Which of the following statements is correct?,"When determining the obstacle clearance during drift down, fuel dumping may be taken into account.",The drift down regulations require a minimum descent angle after an engine failure at cruising altitude.,The drift down procedure requires a minimum obstacle clearance of 35 ft.,"An engine failure at high cruising altitude will always result in a drift down, because it is not permitted to fly the same altitude as with all engines operating.",A
Performance,2052,"With all engines out, a pilot wants to fly for maximum time. Therefore he has to fly the speed corresponding to:",the minimum drag.,the critical Mach number.,the minimum angle of descent.,the maximum lift.,A
Performance,2053,After engine failure the aeroplane is unable to maintain its cruising altitude. What is the procedure which should be applied?,Drift Down Procedure.,Emergency Descent Procedure.,ETOPS.,Long Range Cruise Descent.,A
Performance,2054,'Drift down' is the procedure to be applied,after engine failure if the aeroplane is above the one engine out maximum altitude.,after cabin depressurization.,to conduct an instrument approach at the alternate.,to conduct a visual approach if VASI is available.,A
Performance,2055,If the level-off altitude is below the obstacle clearance altitude during a drift down procedure,fuel jettisoning should be started at the beginning of drift down.,the recommended drift down speed should be disregarded and it should be flown at the stall speed plus 10 kt.,fuel jettisoning should be started when the obstacle clearance altitude is reached.,the drift down should be flown with flaps in the approach configuration. 172,A
Performance,2056,With one or two engines inoperative the best specific range at high altitudes is,reduced.,improved.,not affected.,first improved and later reduced.,A
Performance,2057,"(For this question use annex 032-4732A or Performance Manual MRJT 1 Figure 4.24)With regard to the drift down performance of the twin jet aeroplane, what is meant by """"equivalent gross weight at engine failure"""" ?",The equivalent gross weight at engine failure is the actual gross weight corrected for OAT higher than ISA +10Â°C.,The increment represents fuel used before engine failure.,This gross weight accounts for the lower Mach number at higher temperatures.,The increment accounts for the higher fuel flow at higher temperatures.,A
Performance,2058,The drift down procedure specifies requirements concerning the:,obstacle clearance during descent to the net level-off altitude,engine power at the altitude at which engine failure occurs,climb gradient during the descent to the net level-off altitude,weight during landing at the alternate,A
Performance,2059,Which one of the following statements concerning drift-down is correct?,"When determining the obstacle clearance during drift-down, fuel dumping may be taken into account.",The drift-down procedure requires a minimum descent angle after an engine failure at cruising altitude.,The drift-down procedure requires a minimum obstacle clearance of 35 ft.,"An engine failure at high cruising altitude will always result in a drift-down, because it is not permitted to fly the same altitude with one engine inoperative as with all engines operating.",A
Performance,2060,"During a descent at constant Mach Number, the margin to low speed buffet will:","increase, because the lift coefficient decreases.","remain constant, because the Mach number remains constant.","increase, because the lift coefficient increases.","decrease, because the lift coefficient decreases.",A
Performance,2061,"During a glide at constant Mach number, the pitch angle of the aeroplane will:",decrease.,increase.,increase at first and decrease later on.,remain constant.,A
Performance,2062,"An aeroplane carries out a descent from FL 410 to FL 270 at cruise Mach number, and from FL 270 to FL 100 at the IAS reached at FL 270.How does the angle of descent change in the first and in the second part of the descent?Assume idle thrust and clean configuration and ignore compressibility effects.","Increases in the first part, is constant in the second.","Increases in the first part, decreases in the second.","Is constant in the first part, decreases in the second.","Decreases in the first part, increases in the second.",A
Performance,2063,"The lift coefficient decreases during a glide with constant Mach number, mainly because the :",IAS increases.,aircraft mass decreases.,TAS decreases.,glide angle increases.,A
Performance,2064,A jet aeroplane descends with constant Mach number. Which of the following speed limits is most likely to be exceeded first?,Maximum Operating Speed,Never Exceed Speed,High Speed Buffet Limit,Maximum Operational Mach Number,A
Performance,2065,Which statement is correct for a descent without engine thrust at maximum lift to drag ratio speed?,The higher the gross mass the greater is the speed for descent.,The higher the gross mass the lower is the speed for descent.,The higher the average temperature (OAT) the lower is the speed for descent.,The mass of an aeroplane does not have any effect on the speed for descent.,A
Performance,2066,Which statement is correct for a descent without engine thrust at maximum lift to drag ratio speed?,A tailwind component increases the ground distance.,A headwind component increases the ground distance.,A tailwind component increases fuel and time to descent.,A tailwind component decreases the ground distance.,A
Performance,2067,Is there any difference between the vertical speed versus forward speed curves for two identical aeroplanes having different masses ? (assume zero thrust and wind),"Yes, the difference is that for a given angle of attack both the vertical and forward speeds of the heavier aeroplane will be larger.",No difference.,"Yes, the difference is that the heavier aeroplane will always glide a greater distance.","Yes, the difference is that the lighter aeroplane will always glide a greater distance.",A
Performance,2068,A flight is planned with a turbojet aeroplane to an aerodrome with a landing distance available of 2400 m. Which of the following is the maximum landing 173 distance for a dry runway?,1 440 m.,1 250 m.,1 090 m.,1 655 m.,A
Performance,2069,"For a turbojet aeroplane, what is the maximum landing distance for wet runways when the landing distance available at an aerodrome is 3000 m?",1565 m.,1800 m.,2609 m.,2 070 m.,A
Performance,2070,The approach climb requirement has been established so that the aeroplane will achieve:,minimum climb gradient in the event of a go-around with one engine inoperative.,obstacle clearance in the approach area.,manoeuverability in the event of landing with one engine inoperative.,"manoeuverability during approach with full flaps and gear down, all engines operating.",A
Performance,2071,For jet aeroplanes which of the following statements is correct?,"When determining the maximum allowable landing mass at destination, 60% of the available distance is taken into account, if the runway is expected to be dry.",In any case runway slope is one of the factors taken into account when determining the required landing field length.,An anti-skid system malfunction has no effect on the required landing field length.,The required landing field length is the distance from 35 ft to the full stop point.,A
Performance,2072,Which of the following is true according to JAA regulations for turbopropeller powered aeroplanes not performing a steep approach?,"Maximum Landing Distance at the destination aerodrome and at any alternate aerodrome is 0,7 x LDA (Landing Distance Available).","Maximum Landing Distance at destination is 0,95 x LDA (Landing Distance Available).","Maximum Take-off Run is 0,5 x runway.","Maximum use of clearway is 1,5 x runway.",A
Performance,2073,To minimize the risk of hydroplaning during landing the pilot should:,"make a """"positive"""" landing and apply maximum reverse thrust and brakes as quickly as possible.","use maximum reverse thrust, and should start braking below the hydroplaning speed.","use normal landing-, braking- and reverse technique.",postpone the landing until the risk of hydroplaning no longer exists.,A
Performance,2074,Approaching in turbulent wind conditions requires a change in the landing reference speed (VREF):,Increasing VREF,Lowering VREF,Keeping same VREF because wind has no influence on IAS.,Increasing VREF and making a steeper glide path to avoid the use of spoilers.,A
Performance,2075,What margin above the stall speed is provided by the landing reference speed VREF?,"1,30 VSO","1,05 VSO","1,10 VSO","VMCA x 1,2",A
Performance,2076,Required runway length at destination airport for turboprop aeroplanes,is the same as at an alternate airport.,is less then at an alternate airport.,is more than at an alternate airport.,is 60% longer than at an alternate airport.,A
Performance,2077,"The landing reference speed VREF has, in accordance with international requirements, the following margins above stall speed in landing configuration:",30%,15%,20%,10%,A
Performance,2078,The maximum mass for landing could be limited by,the climb requirements with one engine inoperative in the approach configuration.,the climb requirements with one engine inoperative in the landing configuration.,the climb requirements with all engines in the approach configuration.,the climb requirements with all engines in the landing configuration but with gear up.,A
Performance,2079,The landing field length required for turbojet aeroplanes at the destination (wet condition) is the demonstrated landing distance plus,92%,67%,70%,43%,A
Performance,2080,The landing field length required for jet aeroplanes at the alternate (wet condition) is the demonstrated landing distance plus,92%,43% 174,70%,67%,A
Performance,2081,"(For this question use annex 032-4733A or Performance Manual MRJT 1 Figure 4.28)What is the minimum field length required for the worst wind situation, landing a twin jet aeroplane with the anti-skid inoperative?Elevation: 2000 ftQNH: 1013 hPaLanding mass: 50 000 kgFlaps: as required for minimum landing distanceRunway condition: dryWind: Maximum allowable tailwind: 15 ktMaximum allowable headwind: 50 kt",3100 m.,2600 m.,2700 m.,2900 m.,A
Performance,2082,The approach climb requirement has been established to ensure:,minimum climb gradient in case of a go-around with one engine inoperative.,obstacle clearance in the approach area.,manoeuvrability in case of landing with one engine inoperative.,"manoeuvrability during approach with full flaps and gear down, all engines operating.",A
Performance,2083,By what factor must the landing distance available (dry runway) for a turbojet powered aeroplane be multiplied to find the landing distance required? (planning phase for destination).,0.6,115/100,1.67,60/115,A
Performance,2084,"According to JAR-OPS 1, which one of the following statements concerning the landing distance for a turbojet aeroplane is correct?","When determining the maximum allowable landing mass at destination, 60% of the available landing runway length should be taken into account.",Reverse thrust is one of the factors always taken into account when determining the landing distance required.,Malfunctioning of an anti-skid system has no effect on the required runway length.,The landing distance is the distance from 35 ft above the surface of the runway to the full stop.,A
Performance,2085,"If a flight is performed with a higher """"Cost Index"""" at a given mass which of the following will occur?",A higher cruise mach number.,A lower cruise mach number.,A better maximum range.,A better long range.,A
