chapter,question_number,question_text,option_a,option_b,option_c,option_d,correct_answer
Principles of Flight,5259,"In a stationary subsonic streamline flow pattern, if the streamlines converge, in this part of the pattern, the static pressure (I) will ...and the velocity (II) will ... :","(I) decrease, (II) increase.","(I) increase, (II) increase.","(I) increase, (II) decrease.","(I) increase, (II) decrease.",A
Principles of Flight,5260,The units of the density of the air (I) and the force (II) are:,"(I) kg / m3, (II) N.","(I) kg / m², (II) kg.","(I) N / m3, (II) N.","(I) N / kg, (II) kg.",A
Principles of Flight,5261,The units of wing loading (I) W / S and (II) dynamic pressure q are:,"(I) N / m², (II) N / m².","(I) N / m3, (II) kg / m².","(I) kg / m, (II) N / m².","(I) N / m, (II) kg.",A
Principles of Flight,5262,"Which formula or equation describes the relationship between force (F), acceleration (a) and mass (m)?",F=m. a,m=F.a,a=F. m,F=m / a,A
Principles of Flight,5263,The static pressure is acting:,in all directions.,only in direction of the flow.,only perpendicular to the direction of the flow.,only in the direction of the total pressure.,A
Principles of Flight,5264,Consider a certain stream line tube. The velocity of the stream in the tube is V. An increase of temperature of the stream at constant value of V will:,decrease the mass flow.,increase the mass flow.,not affect the mass flow.,increase the mass flow when the tube is divergent in the direction of the flow.,A
Principles of Flight,5265,Which one of the following statements about Bernoulli's theorem is correct?,The dynamic pressure increases as static pressure decreases.,The dynamic pressure decreases as static pressure decreases.,The total pressure is zero when the velocity of the stream is zero.,The dynamic pressure is maximum in the stagnation point.,A
Principles of Flight,5266,"In a two-dimensional flow pattern, where the streamlines converge the static pressure will :",decrease.,increase.,not change.,"increase initially, then decrease.",A
Principles of Flight,5267,"Bernoulli's equation can be written as:(pt= total pressure, ps = static pressure and q=dynamic pressure)",pt = ps + q,pt = ps - q,pt = q - ps,pt = ps / q,A
Principles of Flight,5268,The unit of density is:,kg/m³,psi,kg/cm²,Bar,A
Principles of Flight,5269,The unit of measurement of pressure is:,psi,kg/m³,lb/gal,kg/dm²,A
Principles of Flight,5270,The total pressure is:,static pressure plus the dynamic pressure.,static pressure minus the dynamic pressure.,½ rho V²,"can be measured in a small hole in a surface, parallel to the local stream.",A
Principles of Flight,5271,The (subsonic) static pressure:,decreases in a flow in a tube when the diameter decreases.,is the total pressure plus the dynamic pressure.,is the pressure in a point at which the velocity has become zero.,increases in a flow in a tube when the diameter decreases.,A
Principles of Flight,5272,The true airspeed (TAS) is:,lower than the indicated airspeed (IAS) at ISA conditions and altitudes below sea level.,higher than the speed of the undisturbed airstream about the aeroplane.,"equal to the IAS, multiplied by the air density at sea level.",lower than the speed of the undisturbed airstream about the aeroplane.,A
Principles of Flight,5273,The difference between IAS and TAS will:,decrease at decreasing altitude.,increase at decreasing temperature.,increase at increasing air density.,decrease at increasing speed.,A
Principles of Flight,5274,What is the unit of measurement for power ?,Nm/s,kgm/s²,Pa/m²,N/m,A
Principles of Flight,5275,The following unit of measurement: kgm/s² is expressed in the SI-system as :,Newton,Pascal,Joule,Watt,A
Principles of Flight,5276,"The continuity equation states: If the area of a tube is increasing, the speed of the subsonic and incompressible flow inside is",decreasing.,not changing.,increasing.,sonic.,A
Principles of Flight,5277,"If the continuity equation is applicable, what will happen to the air density (rho) if the cross sectional area of a tube changes ? (low speed, subsonic and incompressible flow)",rho1 = rho2,rho1 < rho2,rho1 > rho2,The density depends on the change of the tube area.,A
Principles of Flight,5278,"Bernoulli's equation can be written as :(pt = total pressure, ps = static pressure, q = dynamic pressure)",pt - q = ps,pt = ps - q,pt + ps = q,pt = q - ps,A
Principles of Flight,5279,"Which of the following statements, about a venturi in a sub-sonic airflow are correct?1. the dynamic pressure in the undisturbed flow and in the throat are equal.2. the total pressure in the undisturbed flow and in the throat are equal.",1 is incorrect and 2 is correct.,1 and 2 are correct.,1 is correct and 2 is incorrect.,1 and 2 are incorrect.,A
Principles of Flight,5280,The angle between the airflow (relative wind) and the chord line of an aerofoil is:,angle of attack.,glide path angle.,climb path angle.,same as the angle between chord line and fuselage axis.,A
Principles of Flight,5281,"Considering a positive cambered aerofoil, the pitch moment when Cl=0 is:",negative (pitch-down).,equal to zero.,infinite,positive (pitch-up).,A
Principles of Flight,5282,"On a symmetrical aerofoil, the pitch moment for which Cl=0 is:",zero,equal to the moment coefficient for stabilized angle of attack.,positive (pitch-up),negative (pitch-down),A
Principles of Flight,5283,Drag is in the direction of - and lift is perpendicular to the:,relative wind/airflow.,chord line.,horizon.,longitudinal axis.,A
Principles of Flight,5284,The correct drag formula is:,D= CD 1/2 RHO V² S,D= CD 2 RHO V² S,D= CD 1/2 RHO V S,D= CD 1/2 1/RHO V² S,A
Principles of Flight,5285,Lift and drag on an aerofoil are vertical respectively parallel to the,relative wind/airflow.,chord line.,longitudinal axis.,horizon.,A
Principles of Flight,5286,The angle of attack (aerodynamic angle of incidence) of an aerofoil is the angle between the:,chord line and the relative undisturbed airflow.,bottom surface and the horizontal,bottom surface and the relative airflow.,bottom surface and the chord line.,A
Principles of Flight,5287,The angle of attack of a two dimensional wing section is the angle between :,the chord line of the aerofoil and the free stream direction.,the chord line of the aerofoil and the fuselage centreline.,the fuselage core line and the free stream direction.,the chord line and the camber line of the aerofoil.,A
Principles of Flight,5288,The angle between the aeroplane longitudinal axis and the chord line is the:,angle of incidence.,glide path angle.,angle of attack.,climb path angle.,A
Principles of Flight,5289,The term angle of attack in a two dimensional flow is defined as:,the angle between the wing chord line and the direction of the relative wind/airflow.,the angle between the aeroplane climb path and the horizon.,the angle formed by the longitudinal axis of the aeroplane and the chord line of the wing,the angle for maximum lift/drag ratio,A
Principles of Flight,5290,Which statement is correct about the Cl and angle of attack?,"for a symmetric aerofoil, if angle of attack = 0, Cl =0","for a symmetric aerofoil, if angle of attack = 0, Cl is not equal to 0","for an asymmetric aerofoil, if angle of attack = 0, Cl =0","for an asymmetric aerofoil with positive camber, if angle of attack is greater than 0, Cl = 0",A
Principles of Flight,5291,The relative thickness of an aerofoil is expressed in:,% chord.,camber.,meters.,degrees cross section tail angle.,A
Principles of Flight,5292,"""""A line connecting the leading- and trailing edge midway between the upper and lower surface of a aerofoil"""". This definition is applicable for :",the camber line,the chord line,the mean aerodynamic chord line,the upper camber line,A
Principles of Flight,5293,The angle of attack of a wing profile is defined as the angle between :,The undisturbed airflow and the chordline.,The local airflow and the mean camberline.,The local airflow and the chordline.,The undisturbed airflow and the mean camberline.,A
Principles of Flight,5294,The Mean Aerodynamic Chord (MAC) for a given wing of any planform is,the chord of a rectangular wing with same moment and lift,the chord of a large rectangular wing,the average chord of the actual aeroplane,the wing area divided by the wing span,A
Principles of Flight,5295,The aspect ratio of the wing:,is the ratio between the wing span and the mean geometric chord.,is the ratio between the wing span and the root chord.,is the ratio between the tip chord and the wing span.,is the ratio between chord and root chord.,A
Principles of Flight,5296,Dihedral of the wing is:,the angle between the 0.25 chord line of the wing and the lateral axis.,the angle between the leading edge of the wing and the lateral axis.,the angle between the 0.25 chord line of the wing and the vertical axis.,the angle between the 0.25 chord line of the wing and the horizon.,A
Principles of Flight,5297,(For this question use annex 081-6253A)How are the speeds (shown in the figure) at point 1 and point 2 related to the relative wind/airflow V?,V1 = 0 and V2 > V,V1 < V2 and V2 < V,V1 = 0 and V2 = V,V1 > V2 and V2 < V,A
Principles of Flight,5298,Consider an aerofoil with a certain camber and a positive angle of attack. At which location will the highest flow velocities occur ?,Upper side,Lower side,In front of the stagnation point,In the stagnation point,A
Principles of Flight,5299,"With increasing angle of attack, the stagnation point will move (I) ...and the point of lowest pressure will move (II) ...Respectively (I) and (II) are:","(I) down, (II) forward.","(I) up, (II) aft.","(I) down, (II) aft.","(I) up, (II) forward.",A
Principles of Flight,5300,Which statement is correct?,"As the angle of attack increases, the stagnation point on the wing's profile moves downwards.",The centre of pressure is the point on the wing's leading edge where the airflow splits up.,The stagnation point is another name for centre of pressure.,"The stagnation point is always situated on the chordline, the centre of pressure is not.",A
Principles of Flight,5301,"The point, where the aerodynamic lift acts on a wing is:",the centre of pressure.,the c.g. location.,the point of maximum thickness of the wing.,the suction point of the wing.,A
Principles of Flight,5302,The location of the centre of pressure of a positive cambered wing at increasing angle of attack will:,shift forward.,not shift.,shift aft.,shift in spanwise direction.,A
Principles of Flight,5303,Lift is generated when:,a certain mass of air is accelerated downwards.,the shape of the aerofoil is slightly cambered.,an aerofoil is placed in a high velocity air stream.,a certain mass of air is retarded.,A
Principles of Flight,5304,"The lift force, acting on an aerofoil :",is mainly caused by suction on the upperside of the aerofoil.,"increases, proportional to the angle of attack until 40 degrees.",is mainly caused by overpressure at the underside of the aerofoil.,is maximum at an angle of attack of 2 degrees.,A
Principles of Flight,5305,"On an asymmetrical, single curve aerofoil, in subsonic airflow, at low angle of attack, when the angle of attack is increased, the centre of pressure will (assume a conventional transport aeroplane) :",move forward.,move aft.,remain matching the airfoil aerodynamic centre.,remain unaffected.,A
Principles of Flight,5306,The Cl - alpha curve of a positive cambered aerofoil intersects with the vertical axis of the Cl - alpha graph:,above the origin.,in the origin.,below the origin.,nowhere.,A
Principles of Flight,5307,The lift formula is:,L= CL 1/2 RHO V² S,L= W,L= CL 2 RHO V² S,L= n W,A
Principles of Flight,5308,"The terms """"q"""" and """"S"""" in the lift formula are:",dynamic pressure and the area of the wing,square root of surface and wing loading,static pressure and wing surface area,static pressure and dynamic pressure,A
Principles of Flight,5309,The critical angle of attack:,remains unchanged regardless of gross weight,increases if the CG is moved forward,decreases if the CG is moved aft,changes with an increase in gross weight,A
Principles of Flight,5310,"An aeroplane performs a straight and level horizontal flight at the same angle of attack at two different altitudes. (all other factors of importance being constant, assume ISA conditions and no compressibility effects)",the TAS at the higher altitude is higher,the TAS at both altitudes is the same,the TAS at the higher altitude cannot be determined,the TAS at the higher altitude is lower,A
Principles of Flight,5311,(For this question use annex 081-6261A)Which point shown in the figure corresponds with CL for minimum horizontal flight speed?,Point d,Point a,Point b,Point c,A
Principles of Flight,5312,"The aerodynamic drag of a body, placed in a certain airstream depends amongst others on:",The airstream velocity.,The specific mass of the body.,The weight of the body.,The c.g. location of the body.,A
Principles of Flight,5313,A body is placed in a certain airstream. The airstream velocity increases by a factor 4. The aerodynamic drag will increase with a factor :,16 .,4 .,8 .,12 .,A
Principles of Flight,5314,A body is placed in a certain airstream. The density of the airstream decreases to half of the original value. The aerodynamic drag will decrease with a factor :,2 .,4 .,8 .,1.4 .,A
Principles of Flight,5315,Comparing the lift coefficient and drag coefficient at normal angle of attack:,CL is much greater than CD,CL has approximately the same value as CD,CL is lower than CD,CL is much lower than CD,A
Principles of Flight,5316,The polar curve of an aerofoil is a graphic relation between :,CL and CD,TAS and stall speed,Angle of attack and CL,CD and angle of attack,A
Principles of Flight,5317,"The lift- and drag forces, acting on a wing cross section:",depend on the pressure distribution about the wing cross section.,are normal to each other at just one angle of attack.,"are proportional to each other, independent of angle of attack.",vary linearly with the angle of attack.,A
Principles of Flight,5318,The aerofoil polar is:,a graph of the relation between the lift coefficient and the drag coefficient.,a graph of the relation between the lift coefficient and the angle of attack.,the relation between the horizontal and the vertical speed.,"a graph, in which the thickness of the wing aerofoil is given as a function of the chord.",A
Principles of Flight,5319,"The frontal area of a body, placed in a certain airstream is increased by a factor 3. The shape will not alter. The aerodynamic drag will increase with a factor :",3 .,9 .,6 .,1.5 .,A
Principles of Flight,5320,Increasing dynamic (kinetic) pressure will have the following effect on the drag of an aeroplane (all other factors of importance remaining constant) :,The drag increases.,This has no effect.,The drag decreases.,The drag is only affected by the ground speed.,A
Principles of Flight,5321,"Increasing air pressure will have the following effect on the drag of an aeroplane (angle of attack, OAT and TAS are constant):",The drag increases.,This has no effect.,The drag decreases.,The drag is only affected by the ground speed.,A
Principles of Flight,5322,Which statement is correct? The lift to drag ratio provides directly the,glide distance from a given altitude at zero wind.,glide distance from a given altitude.,distance for horizontal flight.,distance for climb up to a certain altitude.,A
Principles of Flight,5323,The span-wise flow is caused by the difference between the air pressure on top and beneath the wing and its direction of movement goes from :,beneath to the top of the wing via the wing tip,the top to beneath the wing via the wing's trailing edge,beneath to the top of the wing via the trailing edge,the top to beneath the wing via the leading edge,A
Principles of Flight,5324,Which statement about induced drag and tip vortices is correct?,"The flow direction at the upper side of the wing has a component in wing root direction, the flow at the underside of the wing in wing tip direction.",Tip vortices can be diminished by vortex generators.,"The flow direction at the upper and under side of the wing, both deviate in wing tip direction.",The wing tip vortices and the induced drag decrease at increasing angle of attack.,A
Principles of Flight,5325,Which of the following wing planforms gives the highest local profile lift coefficient at the wingroot ?,Rectangular.,Elliptical.,Tapered.,Positive angle of sweep.,A
Principles of Flight,5326,"If flaps are deployed at constant IAS in straight and level flight, the magnitude of tip vortices will eventually : (flap span less than wing span)",decrease.,increase.,remain the same.,"increase or decrease, depending on the initial angle of attack.",A
Principles of Flight,5327,The value of the induced drag of an aeroplane in straight and level flight at constant weight varies linearly with:,1/V²,V²,V,1/V,A
Principles of Flight,5328,Induced drag at constant IAS is affected by:,aeroplane weight.,aeroplane wing location.,angle between wing chord and fuselage centre line.,engine thrust.,A
Principles of Flight,5329,Which of the following will reduce induced drag?,Elliptical lift distribution.,Low aspect ratio.,Flying at high angles of attack.,Extending the flaps.,A
Principles of Flight,5330,Induced drag is created by the:,spanwise flow pattern resulting in the tip vortices.,interference of the air stream between wing and fuselage.,separation of the boundary layer over the wing.,propeller wash blowing across the wing.,A
Principles of Flight,5331,What is the effect of high aspect ratio of an aeroplane's wing on induced drag?,It is reduced because the effect of wing-tip vortices is reduced.,It is increased because high aspect ratio has greater frontal area.,It is unaffected because there is no relation between aspect ratio and induced drag.,It is increased because high aspect ratio produces greater downwash.,A
Principles of Flight,5332,Which of the following wing planforms produces the lowest induced drag? (all other relevant factors constant),Elliptical.,Rectangular.,Tapered.,Circular.,A
Principles of Flight,5333,Induced drag may be reduced by:,an increase in aspect ratio,an increase in the taper ratio of the wing,a decrease of the aspect ratio,the use of a wing tip with a much thinner aerofoil,A
Principles of Flight,5334,The induced drag:,increases as the lift coefficient increases.,increases as the aspect ratio increases.,has no relation to the lift coefficient.,increases as the magnitude of the tip vortices decreases.,A
Principles of Flight,5335,The relationship between induced drag and the aspect ratio is:,a decrease in the aspect ratio increases the induced drag,there is no relationship,induced drag = 1.3 aspect ratio value,an increase in the aspect ratio increases the induced drag,A
Principles of Flight,5336,A high aspect ratio wing produces:,a decrease in induced drag,less sensitivity to gust effects,a decrease in stall speed,an increase in induced drag,A
Principles of Flight,5337,"Excluding constants, the coefficient of induced drag (CDi) is the ratio of :",CL² and AR (aspect ratio),CL and CD,CL and b (wing span),CL²and S (wing surface),A
Principles of Flight,5338,"High Aspect Ratio, as compared with low Aspect Ratio, has the effect of :",Decreasing induced drag and critical angle of attack,Increasing lift and critical angle of attack,Increasing lift and drag,Increasing induced drag and decreasing critical angle of attack,A
Principles of Flight,5339,Winglets,decrease the induced drag.,decrease the static lateral stability.,increase the manoeuvrability.,create an elliptical lift distribution.,A
Principles of Flight,5340,Which location on the aeroplane has the largest effect on the induced drag ?,Wing tip,Engine cowling,Wing root junction,Landing gear,A
Principles of Flight,5341,The induced angle of attack is the result of:,downwash due to tip vortices.,a large local angle of attack in a two dimensional flow.,downwash due to flow separation.,change in direction of flow due to the effective angle of attack.,A
Principles of Flight,5342,"The induced drag coefficient, CDi is proportional with:",CL²,CL,square root (CL),CLmax,A
Principles of Flight,5343,(For this question use annex 081-6239A)Which one of the bodies in motion (all bodies have the same cross section area) will have lowest drag?,Body c,Body a,Body b,Body d,A
Principles of Flight,5344,The interference drag is created as a result of,interaction between aeroplane parts (e.g. wing/fuselage).,downwash behind the wing.,separation of the induced vortex.,the addition of induced and parasite drag.,A
Principles of Flight,5345,The value of the parasite drag in straight and level flight at constant weight varies linearly with the:,square of the speed.,speed.,angle of attack.,square of the angle of attack.,A
Principles of Flight,5346,In what way do (1) induced drag and (2) parasite drag alter with increasing speed?,(1) decreases and (2) increases.,(1) increases and (2) increases.,(1) decreases and (2) decreases.,(1) increases and (2) decreases.,A
Principles of Flight,5347,An aeroplane accelerates from 80 kt to 160 kt at a load factor equal to 1. The induced drag coefficient (i) and the induced drag (ii) alter with the following factors:,(i) 1/16 (ii) 1/4,(i) 1/4 (ii) 2,(i) 1/2 (ii) 1/16,(i) 4 (ii) 1/2,A
Principles of Flight,5348,What is the effect on induced drag of weight and speed changes ?,induced drag decreases with increasing speed and induced drag decreases with decreasing weight,induced drag decreases with decreasing speed and induced drag decreases with increasing weight,induced drag increases with increasing speed and induced drag increases with decreasing weight,induced drag increases with decreasing speed and induced drag increases with increasing weight,A
Principles of Flight,5349,(For this question use annex 081-6250A)The diagram shows the parameter X versus TAS. If a horizontal flight is considered the axis X shows,the induced drag.,the total drag.,the lift force.,the parasite drag.,A
Principles of Flight,5350,How does the total drag vary as speed is increased from stalling speed (VS) to maximum IAS (VNE) in a straight and level flight at constant weight?,"Decreasing, then increasing.",Decreasing.,Increasing.,"Increasing, then decreasing.",A
Principles of Flight,5351,Which one of the following statements about the lift-to-drag ratio in straight and level flight is correct?,At the highest value of the lift/drag ratio the total drag is lowest.,The highest value of the lift/drag ratio is reached when the lift is zero.,The lift/drag ratio always increases as the lift decreases.,The highest value of the lift/drag ratio is reached when the lift is equal to the aircraft weight.,A
Principles of Flight,5352,"At an aeroplane's minimum drag speed, what is the ratio between induced drag Di and profile drag Dp? Di/Dp=",01-Jan,It varies between aeroplane types.,01-Fev,02-Jan,A
Principles of Flight,5353,(For this question use annex 081-6249A)Which line represents the total drag line of an aeroplane?,Line c,Line a,Line b,Line d,A
Principles of Flight,5354,The aeroplane drag in straight and level flight is lowest when the:,parasite drag is equal to the induced drag.,parasite drag equals twice the induced drag.,induced drag is equal to zero.,induced drag is lowest.,A
Principles of Flight,5355,What will happen in ground effect ?,the induced angle of attack and induced drag decreases,the wing downwash on the tail surfaces increases,an increase in strength of the wing tip vortices,a significant increase in thrust required,A
Principles of Flight,5356,If an aeroplane flies in the ground effect,the lift is increased and the drag is decreased.,the effective angle of attack is decreased.,the induced angle of attack is increased.,drag and lift are reduced.,A
Principles of Flight,5357,Floating due to ground effect during an approach to land will occur :,when the height is less than halve of the length of the wing span above the surface,when the height is less than twice the length of the wing span above the surface,when a higher than normal angle of attack is used,at a speed approaching the stall,A
Principles of Flight,5358,Ground effect has the following influence on the landing distance :,increases.,decreases.,does not change.,"increases, only if the landing flaps are fully extended.",A
Principles of Flight,5359,An aeroplane maintains straight and level flight while the IAS is doubled. The change in lift coefficient will be:,x 0.25,x 2.0,x 0.5,x 4.0,A
Principles of Flight,5360,"When an aeroplane is flying at an airspeed which is 1.3 times its basic stalling speed, the coefficient of lift as a percentage of the maximum lift coefficient (CLmax) would be:",59%.,130%.,169%.,77%.,A
Principles of Flight,5361,Which of the following statements about boundary layers is correct?,The turbulent boundary layer has more kinetic energy than the laminar boundary layer.,The turbulent boundary layer is thinner than the laminar boundary layer.,The turbulent boundary layer gives a lower skin friction than the laminar boundary layer.,The turbulent boundary layer will separate more easily than the laminar boundary layer.,A
Principles of Flight,5362,Where on the surface of a typical aerofoil will flow separation normally start at high angles of attack?,upper side trailing edge.,upper side leading edge.,lower side trailing edge.,lower side leading edge.,A
Principles of Flight,5363,The boundary layer of a wing is caused by:,"a layer on the wing in which the stream velocity is lower than the free stream velocity, due to friction.",the normal shock wave at transonic speeds.,a turbulent stream pattern around the wing.,suction at the upper wing side.,A
Principles of Flight,5364,"A laminar boundary layer is a layer, in which:","no velocity components exist, normal to the surface.",the vortices are weak.,the velocity is constant.,the temperature varies constantly.,A
Principles of Flight,5365,"Compared with level flight prior to the stall, the lift (1) and drag (2) in the stall change as follows :",(1) decreases (2) increases.,(1) decreases (2) decreases.,(1) increases (2) increases.,(1) increases (2) decreases.,A
Principles of Flight,5366,Entering the stall the centre of pressure of a straight (1) wing and of a strongly swept back wing (2) will:,"(1) move aft, (2) move forward.","(1) move aft, (2) move aft.",(1) not move (2) move forward.,"(1) move aft, (2) not move.",A
Principles of Flight,5367,Which of the following statements about the stall of a straight wing aeroplane is correct?,Just before the stall the aeroplane will be have a nose-down tendency.,Buffeting is the result of flow separation on the tail plane.,"The nose down effect is the result of increasing downwash, due to flow separation.",The horizontal tail will stall at a higher speed than the wing.,A
Principles of Flight,5368,Which statement is correct about the laminar and turbulent boundary layer :,friction drag is lower in the laminar layer,friction drag will be equal in both types of layers,friction drag is lower in the turbulent layer,separation point will occur earlier in the turbulent layer,A
Principles of Flight,5369,After the transition point between the laminar and turbulent boundary layer,the mean speed and friction drag increases,the boundary layer gets thinner and the speed increases,the mean speed increases and the friction drag decreases,the boundary layer gets thicker and the speed decreases,A
Principles of Flight,5370,Which kind of boundary layer has the strongest change in velocity close to the surface?,Turbulent boundary layer,Laminar boundary layer,No difference,Transition boundary layer,A
Principles of Flight,5371,The stall speed in a 60° banked turn increases by the following factor:,1.41,1.07,1.30,2.00,A
Principles of Flight,5372,"In a turn, the load factor n and the stalling speed VS will be:","n greater than 1, VS higher than in straight and level flight.","n smaller than 1, VS lower than in straight and level flight.","n greater than 1, VS lower than in straight and level flight.","n smaller than 1, VS higher than in straight and level flight.",A
Principles of Flight,5373,A jet aeroplane cruises buffet free at high constant altitude in significant turbulence. Which type of stall can occur if this aeroplane decelerates?,Accelerated stall.,Low speed stall.,Shock stall.,Deep stall.,A
Principles of Flight,5374,Which of the following situations leads to a decreasing stall speed (IAS)?,decreasing weight.,increasing altitude.,increasing air density.,increasing load factor.,A
Principles of Flight,5375,Two identical aeroplanes A and B are flying horizontal steady turns. Further data are:A:W= 1500 kgBank= 20°TAS= 130 ktB:W= 1500 kgBank= 20°TAS= 200 ktWhich of the following statements is correct?,The rate of turn A is larger than the rate of turn B.,The load factor A is larger than the load factor B.,The turn radius A is larger than the turn radius B.,The lift coefficient A is smaller than the lift coefficient B.,A
Principles of Flight,5376,Increase of wing loading will:,increase the stall speeds.,decrease the minimum gliding angle.,increase CLmax.,decrease take off speeds.,A
Principles of Flight,5377,The stall speed :,increases with an increased weight,decreases with an increased weight,does not depend on weight,increases with the length of the wingspan,A
Principles of Flight,5378,"When a pilot makes a turn in horizontal flight, the stall speed :",increases with the square root of load factor,increases with flap extension,decreases with increasing bank angle,increases with the load factor squared,A
Principles of Flight,5379,An aeroplane has a stall speed of 78 KCAS at its gross weight of 6850 Ibs. What is the stall speed when the weight is 5000 Ibs ?,67 KCAS,91 KCAS,78 KCAS,57 KCAS,A
Principles of Flight,5380,"An aeroplane has a stall speed of 100 kt at a load factor n=1. In a turn with a load factor of n=2, the stall speed is:",141 kt,282 kt,70 kt,200 kt,A
Principles of Flight,5381,The following factors increase stall speed :,"an increase in load factor, a forward c.g. shift, decrease in thrust.","a higher weight, selecting a higher flap setting, a forward c .g. shift.","increasing bank angle, increasing thrust, slat extension.","a lower weight, decreasing bank angle, a smaller flapsetting.",A
Principles of Flight,5382,The wing of an aeroplane will never stall at low subsonic speeds as long as....,the angle of attack is smaller than the value at which the stall occurs.,the IAS exceeds the power-on stall speed.,the CAS exceeds the power-on stall speed.,there is a nose-down attitude.,A
Principles of Flight,5383,"The stall speed increases, when: (all other factors of importance being constant)",pulling up from a dive.,weight decreases.,minor altitude changes occur e.g. 0-10.000 ft.,spoilers are selected from OUT to IN.,A
Principles of Flight,5384,By what approximate percentage will the stall speed increase in a horizontal coordinated turn with a bank angle of 45° ?,19%,31%,41%,52%,A
Principles of Flight,5385,"An aeroplane has a stalling speed of 100 kt in a steady level flight. When the aeroplane is flying a level turn with a load factor of 1.5, the stalling speed is:",122 kt.,141 kt.,82 kt.,150 kt.,A
Principles of Flight,5386,The stalling speed in IAS will change according to the following factors:,"May increase with altitude, especially high altitude, will increase during icing conditions and will increase when the c.g. moves forward","May increase when the c.g. moves forward, with higher altitude and due to the slip stream from a propellor on an engine located forward of the wing","Will increase in a turn, higher temperature and will increase when the c.g. moves aft","Will increase with increased load factor, more flaps and increased bank angle in a turn",A
Principles of Flight,5387,The stalling speed in IAS will change according to the following factors:,"Increase during turn, increased mass and forward c.g. location","Decrease in a forward c.g. location, higher altitude and due to the slip stream from a propeller on an engine located forward of the wing","Increase with increased load factor, icing conditions and an aft c.g. location","Increase with increased load factor, more flaps but will not increase due to the bank angle in a turn",A
Principles of Flight,5388,The stalling speed in IAS will change according to the following factors:,May increase during turbulence and will always increase when banking in a turn,"Will increase during turn, increased mass and an aft c.g. location","Will decrease with a forward c.g. location, lower altitude and due to the slip stream from a propeller on an engine located forward of the wing","Will increase with increased load factor, icing conditions and more flaps",A
Principles of Flight,5389,A boundary layer fence on a swept wing will:,improve the low speed characteristics.,improve the high speed characteristics.,increase the critical Mach Number.,improve the lift coefficient of the trailing edge flap.,A
Principles of Flight,5390,Which of the following are used as stall warning devices?,Stick shaker and stallstrip .,Stick shaker and angle of attack indicator.,Angle of attack indicator and speed indicator.,Angle of attack sensor and stallstrip.,A
Principles of Flight,5391,The vane of a stall warning system with a flapper switch is activated by the change of the:,stagnation point.,centre of pressure.,centre of gravity.,point of lowest pressure.,A
Principles of Flight,5392,The normal stall recovery procedure for a light single engined aeroplane is:,"full power and stick roll-neutral nose-down, correcting for angle of bank with rudder.","full power and stick roll-neutral nose-down, correction for angle of bank with stick.",idle power and stick roll-neutral nose-down and no other corrections.,"idle power and stick neutral, waiting for the natural nose-down tendency.",A
Principles of Flight,5393,"Compared with stalling airspeed (VS) in a given configuration, the airspeed at which stick shaker will be triggered is:",greater than VS.,1.20 VS.,1.30 VS.,1.12 VS.,A
Principles of Flight,5394,The sensor of a stall warning system can be activated by a change in the location of the,stagnation point.,centre of lift.,transition region.,centre of gravity.,A
Principles of Flight,5395,"On a swept wing aeroplane at low airspeed, the """"pitch up"""" phenomenon:",is caused by wingtip stall.,"never occurs, since a swept wing is a """"remedy"""" to pitch up.",is caused by extension of trailing edge lift augmentation devices.,is caused by boundary layer fences mounted on the wings.,A
Principles of Flight,5396,Low speed pitch up is caused by the:,spanwise flow on a swept back wing.,spanwise flow on a swept forward wing.,wing tip vortex.,Mach trim system.,A
Principles of Flight,5397,The most important problem of ice accretion on an aeroplane during flight is:,reduction in CLmax.,increase in weight.,increase in drag.,blocking of control surfaces.,A
Principles of Flight,5398,The effects of very heavy rain (tropical rain) on the aerodynamic characteristics of an aeroplane are:,decrease of CLmax and increase of drag.,decrease of CLmax and decrease of drag.,increase of CLmax and increase of drag.,increase of CLmax and decrease of drag.,A
Principles of Flight,5399,Which of the following statements about stall speed is correct ?,Decreasing the angle of sweep of the wing will decrease the stall speed.,Increasing the angle of sweep of the wing will decrease the stall speed.,Use of a T-tail will decrease the stall speed..,Increasing the anhedral of the wing will decrease the stall speed.,A
Principles of Flight,5400,Which of the following statements about the spin is correct?,During spin recovery the ailerons should be kept in the neutral position.,An aeroplane is prone to spin when the stall starts at the wing root.,"In the spin, airspeed continuously increases.",Every aeroplane should be designed such that it can never enter a spin.,A
Principles of Flight,5401,During an erect spin recovery:,the ailerons are held in the neutral position.,"the control stick is moved side ways, against the angle of bank.","the control stick is moved side ways, in the direction of the angle of bank.",the control stick is pulled to the most aft position.,A
Principles of Flight,5402,Which combination of design features is known to be responsible for deep stall?,Swept back wings and a T-tail.,Straight wings and a T-tail.,Swept back wings and wing mounted engines.,Straight wings and aft fuselage mounted engines,A
Principles of Flight,5403,"A strongly swept back wing stalls. If the wake of the wing contacts the horizontal tail, the effect on the stall behaviour can be:",nose up tendency and/or lack of elevator response.,nose down tendency.,increase sensitivity of elevator inputs.,tendency to increase speed after initial stall.,A
Principles of Flight,5404,The function of the stick pusher is:,to activate and push the stick forward at or beyond a certain value of angle of attack.,to activate and push the stick forward prior to stick shaker.,to vibrate the controls.,"to pull the stick, to avoid a high speed stall.",A
Principles of Flight,5405,Stick pushers must be installed in aeroplanes with dangerous stall characteristics. Dangerous stall characteristics include:,Excessive wing drop and deep stall.,pitch down and yaw.,pitch down and minor wing drop.,pitch down and increase in speed.,A
Principles of Flight,5406,Which type of stall has the largest associated angle of attack?,Deep stall.,Shock stall.,Accelerated stall.,Low speed stall.,A
Principles of Flight,5407,Which aeroplane design has the highest probability of a super stall?,A T-tail.,A canard wing.,Swept wings.,A low horizontal tail.,A
Principles of Flight,5408,The pitch up effect of an aeroplane with swept wing in a stall is due to the,wing tip stalling first.,aft movement of the centre of gravity.,forward movement of the centre of gravity.,wing root stalling first.,A
Principles of Flight,5409,One disadvantage of the swept back wing is it's stalling characteristics. At the stall :,"tip stall will occur first, which produces a pitch-up moment.","wing root stall will occur first, which produces a rolling moment","tip stall will occur first, which produces a nose-down moment","leading edge stall will occur first, which produces a nose-down moment",A
Principles of Flight,5410,Trailing edge flap extension will:,decrease the critical angle of attack and increase the value of CLmax.,increase the critical angle of attack and increase the value of CLmax.,decrease the critical angle of attack and decrease the value of CLmax.,increase the critical angle of attack and decrease the value of CLmax.,A
Principles of Flight,5411,Which of the following series of configurations has an increasing critical angle of attack ?,"flaps only extended, clean wing, slats only extended.","clean wing, flaps only extended, slats only extended.","slats only extended, clean wing, flaps only extended.","slats only extended, flaps only extended, clean wing.",A
Principles of Flight,5412,An aeroplane with swept back wings is equipped with slats and/or leading edge (L.E.) flaps. One possible efficient way to arrange the leading edge devices on the wings is:,Wing roots: L.E. flapsWing tips: slats,Wing roots: slatsWing tips: L.E. flaps,Wing roots: slatsWing tips: no devices,Wing roots: L.E. flapsWing tips: no devices,A
Principles of Flight,5413,"An aeroplane has the following flap settings : 0°, 15°, 30° and 45°. Slats can be selected too. Which of the above selections will produce the greatest negative influence on the CL/CD ratio?",Flaps from 30° to 45°.,The slats.,Flaps from 0° to 15°.,Flaps from 15° to 30°.,A
Principles of Flight,5414,After take-off the slats (when installed) are always retracted later than the flaps. Why ?,Because SLATS EXTENDED gives a large decrease in stall speed with relatively less drag.,Because SLATS EXTENDED provides a better view from the cockpit than FLAPS EXTENDED.,Because VMCA with SLATS EXTENDED is more favourable compared to the FLAPS EXTENDED situation.,Because FLAPS EXTENDED gives a large decrease in stall speed with relatively less drag.,A
Principles of Flight,5415,Which statement is correct?,"Extension of flaps causes a reduction of the stall speed, the maximum glide distance also reduces.","Extension of flaps will increase (CL/CD)max, causing the minimum rate of descent to decrease.","Extension of flaps has no influence on the minimum rate of descent, as only the TAS has to be taken into account.","Spoiler extension decreases the stall speed and the minimum rate of descent, but increases the minimum descent angle.",A
Principles of Flight,5416,The trailing edge flaps when extended :,worsen the best angle of glide,increase the zero lift angle of attack,significantly increase the angle of attack for maximum lift,significantly lower the drag,A
Principles of Flight,5417,"When the trailing edge flaps are deflected in level flight, the change in pitch moment will be:",nose down.,nose up.,zero.,dependent on c.g. location.,A
Principles of Flight,5418,"Extension of FOWLER type trailing edge lift augmentation devices, will produce:",a nose-down pitching moment.,no pitching moment.,a nose-up pitching moment.,a force which reduces drag.,A
Principles of Flight,5419,"On a wing fitted with a """"fowler"""" type trailing edge flap, the """"Full extended"""" position will produce:",an increase in wing area and camber.,an unaffected wing area and increase in camber.,"an unaffected CD, at a given angle of attack.",an increase in wing area only.,A
Principles of Flight,5420,"When flaps are extended in a straight and level flight at constant IAS, the lift coefficient will eventually :",remain the same.,increase.,decrease.,first increase and then decrease.,A
Principles of Flight,5421,When flaps are deployed at constant angle of attack the lift coefficient will:,increase.,decrease.,remain the same.,vary as the square of IAS.,A
Principles of Flight,5422,What is the most effective flap system?,Fowler flap.,Split flap.,Plain flap.,Single slotted flap.,A
Principles of Flight,5423,"Deploying a Fowler flap, the flap will:","move aft, then turn down.","turn down, then move aft.",just move aft.,just turn down.,A
Principles of Flight,5424,A slotted flap will increase the CLmax by:,increasing the camber of the aerofoil and improving the boundary layer.,decreasing the skin friction.,increasing only the camber of the aerofoil.,increasing the critical angle of attack.,A
Principles of Flight,5425,"In order to maintain straight and level flight at a constant airspeed, whilst the flaps are being retracted, the angle of attack will:",increase.,decrease.,remain constant.,increase or decrease depending on type of flap.,A
Principles of Flight,5426,Flap selection at constant IAS in straight and level flight will increase the :,maximum lift coefficient (CLmax) and the drag.,lift coefficient and the drag.,stall speed.,lift and the drag.,A
Principles of Flight,5427,During flap down selection in a continuous straight and level flight at constant IAS and weight:,the centre of pressure moves aft.,the lift coefficient and the drag coefficient increase.,the stall speed increases.,the total boundary layer becomes laminar.,A
Principles of Flight,5428,(For this question use annex 081-6269A)Which type of flap is shown in the picture?,Fowler flap,Double slotted flap,Plain flap,Split flap,A
Principles of Flight,5429,(For this question use annex 081-6270A)Which type of flap is shown in the picture?,Split flap,Single slotted flap,Fowler flap,Plain flap,A
Principles of Flight,5430,A plain flap will increase CLmax by,increasing the camber of the aerofoil.,increasing angle of attack.,boundary layer control.,centre of lift movement.,A
Principles of Flight,5431,During the retraction of the flaps at a constant angle of attack the aeroplane starts to (all other factors of importance being constant),sink suddenly.,bank.,climb.,yaw.,A
Principles of Flight,5432,During the extension of the flaps at a constant angle of attack the aeroplane starts to (all other factors of importance being constant),climb.,bank.,sink suddenly.,yaw.,A
Principles of Flight,5433,Compared with the flap up configuration the maximum angle of attack for the flaps down configuration is,smaller.,larger.,unchanged.,smaller or larger depending on flap deflection.,A
Principles of Flight,5434,Deflection of leading edge flaps will:,increase critical angle of attack.,decrease CLmax.,decrease drag.,not affect critical angle of attack.,A
Principles of Flight,5435,Slat extension will:,increase critical angle of attack.,reduce tip vortices.,create gaps between leading edge and engine nacelles.,decrease the energy in the boundary layer on the upperside of the wing.,A
Principles of Flight,5436,Which of the following statements about the difference between Krueger flaps and slats is correct?,"Deploying a slat will form a slot, deploying a Krueger flap does not.","Deploying a Krueger flap will form a slot, deploying a slat does not.","Deploying a slat will increase critical angle of attack, deploying a Krueger flap does not.","Deploying a Krueger flap will increase critical angle of attack, deploying a slat does not.",A
Principles of Flight,5437,What is the purpose of an auto-slat system ?,extend automatically when a certain value of angle of atttack is exceeded.,provide automatically slat IN selection after take-off.,"ensures that the slats are always extended when the ground/flight system is in the """"ground"""" position.",assist the ailerons during rolling.,A
Principles of Flight,5438,The function of the slot between an extended slat and the leading edge of the wing is to:,cause a venturi effect which energizes the boundary layer.,allow space for vibration of the slat.,reduce the wing loading.,slow the air flow in the slot so that more pressure is created under the wing.,A
Principles of Flight,5439,A deployed slat will:,"increase the boundary layer energy, move the suction peak from the fixed part of the wing to the slat, so that the stall is postponed to higher angles of attack.","increase the boundary layer energy and increase the suction peak on the fixed part of the wing, so that the stall is postponed to higher angles of attack.","decrease the boundary layer energy and decrease the suction peak on the slat, so that CLmax is reached at lower angles of attack.","increase the camber of the aerofoil and increase the effective angle of attack, so that CLmax is reached at higher angles of attack.",A
Principles of Flight,5440,What increases the stalling angle of attack ? Use of :,slats,flaps,spoilers,fuselage mounted speed-brakes,A
Principles of Flight,5441,The use of a slot in the leading edge of the wing enables the aeroplane to fly at a slower speed because :,it delays the stall to a higher angle of attack,the laminar part of the boundary layer gets thicker,it decelerates the upper surface boundary layer air,it changes the camber of the wing,A
Principles of Flight,5442,(For this question use annex 081-6271A)The high lift device shown in the figure is a,Slat,Fowler flap,Slotted flap,Krueger flap,A
Principles of Flight,5443,(For this question use annex 081-6272A)The high lift device shown in the figure below is a,Krueger flap,Fowler flap,Slotted flap,Slot or slat,A
Principles of Flight,5444,A slat will,increase the boundary layer energy and prolongs the stall to a higher angle of attack.,increase the camber of the aerofoil and divert the flow around the sharp leading edge.,increase the lift by increasing the wing area and the camber of the aft portion of the wing.,provide a boundary layer suction on the upper side of the wing.,A
Principles of Flight,5445,Vortex generators:,transfer energy from the free airflow into the boundary layer.,change the turbulent boundary layer into a laminar boundary layer.,reduce the spanwise flow on swept wing.,take kinetic energy out of the boundary layer to reduce separation.,A
Principles of Flight,5446,Spoiler deflection causes :,an increase in drag and decrease in lift,an increase in lift and drag,an increase in lift only,decrease in lift and drag,A
Principles of Flight,5447,Upon extension of a spoiler on a wing:,CD is increased and CL is decreased.,only CL is decreased (CD remains unaffected).,both CL and CD are increased.,"CD is increased, while CL remains unaffected.",A
Principles of Flight,5448,"When """"spoilers"""" are used as speed brakes:","at same angle of attack, CD is increased and CL is decreased.",CLmax of the polar curve is not affected.,they do not affect wheel braking action during landing.,"at same angle of attack, CL remains unaffected.",A
Principles of Flight,5449,There are two types of boundary layer: laminar and turbulent. One important advantage the turbulent boundary layer has over the laminar type is that :,it has less tendency to separate from the surface,it is thinner,skin friction drag is less,energy is less,A
Principles of Flight,5450,In which phase of the take-off is the aerodynamic effect of ice located on the wing leading edge most critical?,The last part of the rotation.,The take-off run.,During climb with all engines operating.,All phases of the take-off are equally critical.,A
Principles of Flight,5451,The formula for the Mach Number is:(a= speed of sound),M= TAS / a,M= a / TAS,M= TAS*a,M= IAS / a,A
Principles of Flight,5452,The Mach number:,is the ratio between the TAS of the aeroplane and the local speed of sound.,is the ratio between the TAS of the aeroplane and the speed of sound at sea level.,is the ratio between the IAS of the aeroplane and the local speed of sound.,"increases at a given TAS, when the temperature rises.",A
Principles of Flight,5453,Climbing at a constant Mach Number up to FL 350 the TAS will:,decrease.,"first increase, then decrease.",increase.,remain constant.,A
Principles of Flight,5454,The flight Mach number is 0.8 and the TAS is 400 kts. The speed of sound is:,500 kts,320 kts,480 kts,600 kts,A
Principles of Flight,5455,Which statement with respect to the speed of sound is correct ?,Varies with the square root of the absolute temperature.,Increases always if the density of the air decreases.,Is independent of altitude.,Doubles if the temperature increases from 9° to 36° Centigrade.,A
Principles of Flight,5456,If the altitude is increased and the TAS remains constant in the standard troposphere the Mach Number will:,increase.,decrease.,not change.,"increase or decrease, depends of the type of aeroplane.",A
Principles of Flight,5457,The speed of sound is affected by the:,temperature of the air.,density of the air.,pressure of the air.,humidity of the air.,A
Principles of Flight,5458,An aeroplane is descending at a constant Mach number from FL 350. What is the effect on true airspeed ?,It increases as temperature increases,It decreases as pressure increases,It decreases as altitude decreases,It remains constant,A
Principles of Flight,5459,To be able to predict compressibility effects you have to determine the:,Mach Number.,EAS.,TAS.,IAS.,A
Principles of Flight,5460,A normal shock wave:,can occur at different points on the aeroplane in transonic flight.,"is a discontinuity plane in an airflow, in which the temperature drops suddenly.","is a discontinuity plane in an airflow, in which the pressure drops suddenly.","is a discontinuity plane in an airflow, which is always normal to the surface.",A
Principles of Flight,5461,Which statement is correct about a normal shock wave ?,The airflow changes from supersonic to subsonic,The airflow changes direction,The airflow changes from subsonic to supersonic,The airflow expands when passing the aerofoil,A
Principles of Flight,5462,Compared with an oblique shock wave at the same Mach number a normal shock wave has a,higher compression.,higher expansion.,smaller compression.,smaller expansion.,A
Principles of Flight,5463,Compared with an oblique shock wave at the same Mach number a normal shock wave has a,higher loss in total pressure.,higher total pressure.,higher total temperature.,lower static temperature.,A
Principles of Flight,5464,The regime of flight from the critical Mach number up to M = 1.3 is called the,transonic range.,supersonic range.,hypersonic range.,subsonic range.,A
Principles of Flight,5465,Mcrit is the free stream Mach Number at which:,somewhere about the airframe Mach 1 is reached locally.,Mach buffet occurs.,shockstall occurs.,the critical angle of attack is reached.,A
Principles of Flight,5466,When the Mach number is slowly increased in straight and level flight the first shockwaves will occur:,"at the wing root segment, upperside.",on the underside of the wing.,somewhere on the fin.,somewhere on the hoizontal tail.,A
Principles of Flight,5467,"The critical Mach Number of an aeroplane is the free stream Mach Number, which produces the first evidence of :",local sonic flow.,buffet.,shock wave.,supersonic flow.,A
Principles of Flight,5468,Air passes a normal shock wave. Which of the following statements is correct?,The temperature increases.,The pressure decreases.,The temperature decreases.,The velocity increases.,A
Principles of Flight,5469,The critical Mach number for an aerofoil equals the free stream airfoil Mach number at which:,sonic speed (M=1) is reached at a certain point on the upper side of the aerofoil.,the maximum operating temperature is reached.,a shock-wave appears on the upper surface.,"a """"supersonic bell"""" appears on the upper surface.",A
Principles of Flight,5470,When the air has passed through a normal shock wave the Mach number is,less than 1.,lower than before but still greater than 1.,equal to 1.,higher than before.,A
Principles of Flight,5471,When the air is passing through a shock wave the static temperature will,increase.,decrease.,stay constant.,decrease and beyond a certain Mach number start increasing again,A
Principles of Flight,5472,When the air is passing through a shock wave the density will,increase.,decrease.,stay constant.,decrease and beyond a certain Mach number start increasing again,A
Principles of Flight,5473,When air has passed through a shock wave the speed of sound is,increased.,not affected,decreased.,decreased and beyond a certain Mach number start increasing again,A
Principles of Flight,5474,Just above the critical Mach number the first evidence of a shock wave will appear at the,upper side of the wing.,lower side of the wing.,leading edge of the wing.,trailing edge of the wing.,A
Principles of Flight,5475,Critical Mach-number is the :,highest speed without supersonic flow over any part of the aeroplane.,speed at which there is subsonic airflow over all parts of the aircraaeroplane Mach number < 1).,speed at which there is supersonic airflow over all parts of the aeroplane.,highest speed at which the aeroplane is certificated for operation (MMO).,A
Principles of Flight,5476,The loss of total pressure in a shock wave is due to the fact that,kinetic energy in the flow is changed into heat energy.,the speed reduction is too high.,the static pressure decrease is comparatively high.,the friction in the boundary layer is higher.,A
Principles of Flight,5477,Which of the following (1) aerofoils and (2) angles of attack will produce the lowest Mcrit values?,(1) thick and (2) large.,(1) thick and (2) small.,(1) thin and (2) large.,(1) thin and (2) small.,A
Principles of Flight,5478,In the transonic range the aeroplane characteristics are strongly determined by:,the Mach Number.,the TAS.,the IAS.,the CAS.,A
Principles of Flight,5479,Which of the following flight phenomena can happen at Mach Numbers below the critical Mach Number?,Dutch roll.,Tuck under.,Mach buffet.,Shock stall.,A
Principles of Flight,5480,The critical Mach Number of an aeroplane can be increased by:,sweep back of the wings.,vortex generators.,control deflection,dihedral of the wings.,A
Principles of Flight,5481,In transonic flight the ailerons will be less effective than in subsonic flight because:,aileron deflection only partly affects the pressure distribution around the wing.,behind the shock wave pressure is lower.,aileron down deflection moves the shock wave forward.,aileron deflection only affects the air in front of the shock wave.,A
Principles of Flight,5482,Two methods to increase the critical Mach Number are:,thin aerofoils and sweep back of the wing.,thin aerofoils and dihedral of the wing.,positive cambering of the aerofoil and sweep back of the wing.,thick aerofoils and dihedral of the wing.,A
Principles of Flight,5483,If an aeroplane is flying at transonic speed with increasing Mach number the shock wave on the upper side of the wing,moves into trailing edge direction.,moves into leading edge direction.,stays all the time at the same position.,disappears.,A
Principles of Flight,5484,To increase the critical Mach number a conventional aerofoil should,have a low thickness to chord ratio.,have a large camber.,be used with a high angle of attack.,have a large leading edge radius.,A
Principles of Flight,5485,The critical Mach number can be increased by,sweepback of the wings.,positive dihedral of the wings.,a T-tail.,an increase in wing aspect ratio.,A
Principles of Flight,5486,Some aeroplanes have a 'waist' or 'coke bottle' contoured fuselage. This is done to,apply area rule.,increase the strength of the wing root junction.,fit the engine intakes better to the fuselage.,improve the low speed characteristics.,A
Principles of Flight,5487,The application of the area rule on aeroplane design will decrease the,wave drag.,skin friction drag.,induced drag.,form drag.,A
Principles of Flight,5488,"When comparing a rectangular wing and a swept back wing of the same wing area and wing loading, the swept back wing has the advantage of :",Higher critical Mach number,Greater strength,Increased longitudinal stability,Lower stalling speed,A
Principles of Flight,5489,What is the influence of decreasing aeroplane weight on Mcrit at constant IAS ?,Mcrit increases as a result of flying at a smaller angle of attack.,Mcrit increases as a result of compressibility effects.,Mcrit decreases.,Mcrit decreases as a result of flying at a greater angle of attack.,A
Principles of Flight,5490,"What is the effect of a decreasing aeroplane weight on Mcrit at n=1, when flying at constant IAS ? The value of Mcrit:",increases.,remains constant.,is independent of the angle of attack.,decreases.,A
Principles of Flight,5491,How does stalling speed (IAS) vary with altitude?,It remains constant at lower altitudes but increases at higher altitudes due to compressibility effects.,It remains constant.,"It increases with increasing altitude, because the density decreases.",It remains constant at lower altitudes but decreases at higher altitudes due to compressibility effects.,A
Principles of Flight,5492,Which kind of flow separation occurs at the smallest angle of attack?,shockstall.,high-speed stall.,low-speed stall.,deep stall.,A
Principles of Flight,5493,"At higher altitudes, the stall speed (IAS):",increases,decreases,remains the same,decreases until the tropopause,A
Principles of Flight,5494,Shock stall is:,separation of the boundary layer behind the shock wave.,separation of the flow behind the bow wave.,separation of the flow at high angles of attack and at high Mach Numbers.,separation of the flow at the trailing edge of the wing at high Mach Numbers.,A
Principles of Flight,5495,Which of the following flight phenomena can only happen at Mach Numbers above the critical Mach Number?,Mach buffet.,Dutch roll.,Speed instability.,Elevator stall.,A
Principles of Flight,5496,Shock induced separation results in,decreasing lift.,constant lift.,increasing lift.,decreasing drag.,A
Principles of Flight,5497,In the transonic range lift will decrease at the shock stall due to the,separation of the boundary layer at the shock waves.,attachment of the shock wave on the trailing edge of the wing.,first appearance of a shock wave at the upper side of the wing.,appearance of the bow wave.,A
Principles of Flight,5498,The high speed buffet is induced by,boundary layer separation due to shock waves.,boundary layer control.,expansion waves on the wing upper side.,a shift of the centre of gravity.,A
Principles of Flight,5499,"""""Tuck under"""" is caused by (i) which movement of the centre of pressure of the wing and (ii) which change of the downwash angle at the location of the stabilizer.",(i) aft (ii) decreasing,(i) forward (ii) decreasing,(i) aft (ii) increasing,(i) forward (ii) increasing,A
Principles of Flight,5500,"The consequences of exceeding Mcrit in a swept-wing aeroplane may be : (assume no corrective devices, straight and level flight)",buffeting of the aeroplane and a tendency to pitch down.,an increase in speed and a tendency to pitch up.,engine unbalance and buffeting.,buffeting of the aeroplane and a tendency to pitch up.,A
Principles of Flight,5501,The Mach trim system will:,"adjust the stabilizer, depending on the Mach Number.",keep the Mach Number automatically constant.,"pump the fuel from tank to tank, depending on the Mach Number.","adjust the elevator trim tab, depending on the Mach Number.",A
Principles of Flight,5502,The Mach trim system will prevent:,tuck under.,dutch roll.,buffeting.,shock stall.,A
Principles of Flight,5503,When an aeroplane is flying through the transonic range with increasing Mach Number the centre of the pressure of the wing will move aft. This requires:,a pitch up input of the stabilizer.,a stability augmentation system.,much more thrust from the engine.,a higher IAS to compensate the nose down effect.,A
Principles of Flight,5504,Tuck under will happen,only above the critical Mach number.,only at the critical Mach number.,only below the critical Mach number.,above or below the critical Mach number depending on the angle of attack.,A
Principles of Flight,5505,The Mach-trim function is installed on most commercial jets in order to minimize the adverse effects of :,changes in the position of centre of pressure,increased drag due to shock wave formation,uncontrolled changes in stabilizer setting,compressibility effects on the stabilizer,A
Principles of Flight,5506,(For this question use annex 081-1331A)An A 310 aeroplane weighing 100 tons is turning at FL 350 at constant altitude with a bank of 50 degrees. Its flight Mach range between low-speed buffeting and high-speed buffeting goes from:,M= 0.69 to M higher than 0.84,M= 0.72 to M higher than 0.84,M= 0.65 to M higher than 0.84,M= 0.74 to M= 0.84,A
Principles of Flight,5507,What data may be obtained from the Buffet Onset Boundary chart?,The values of the Mach Number at which low speed and Mach Buffet occur at different weights and altitudes.,The values of MMO at different weights and altitudes.,The values of Mcrit at different weights and altitudes.,The values of the Mach Number at which low speed and shock-stall occur at different weights and altitudes.,A
Principles of Flight,5508,The maximum acceptable cruising altitude is limited by a minimum acceptable loadfactor because exceeding that altitude:,turbulence may induce Mach buffet.,turbulence may exceed the limit load factor.,a sudden necessary bankangle may exceed the limit load factor.,Mach buffet will occur immediately.,A
Principles of Flight,5509,Should a transport aeroplane fly at a higher Mach number than the 'buffet-onset' Mach number?,"No, this is not acceptable","Yes, this causes no problems.","Yes, but only during approach.","Yes, if you want to fly fast at very high altitudes.",A
Principles of Flight,5510,"A jet aeroplane is cruising at high altitude with a Mach-number, that provides a buffet margin of 0.3g incremental. In order to increase the buffet margin to 0.4g incremental the pilot must :",fly at a lower altitude and the same Mach-number,extend the flaps to the first selection,fly at a higher Mach-number,fly at a larger angle of attack,A
Principles of Flight,5511,The buffet margin :,increases during a descent with a constant IAS.,is always greatest after a stepclimb has been executed.,decreases during a descent with a constant Mach number.,is always positive at Mach numbers below MMO.,A
Principles of Flight,5512,Vortex generators on the upper side of the wing surface will:,decrease the intensity of shock wave induced air separation.,increase the critical Mach Number.,decrease the span wise flow at high Mach Numbers.,increase the magnitude of the shock wave.,A
Principles of Flight,5513,Vortex generators on the upper side of the wing:,decrease wave drag.,increase wave drag.,increase critical Mach Number.,decrease critical Mach Number.,A
Principles of Flight,5514,Vortex generators mounted on the upper wing surface will,decrease the shock wave induced separation.,decrease the interference drag of the trailing edge flaps.,decrease the stalling speed by increase of the tangential velocity of the swept wing.,increase the effectiveness of the spoiler due to increase in parasite drag.,A
Principles of Flight,5515,How will the density and temperature change in a supersonic flow from a position in front of a shock wave to behind it ?,"Density will increase, temperature will increase.","Density will increase, temperature will decrease.","Density will decrease, temperature will increase.","Density will decrease, temperature will decrease.",A
Principles of Flight,5516,At what speed does the front of a shock wave move across the earth's surface?,The ground speed of the aeroplane.,The speed of sound at ground level.,The speed of sound at flight level.,The true air speed of the aeroplane.,A
Principles of Flight,5517,"In supersonic flight, all disturbances produced by an aeroplane are:","in between a conical area, depending on the Mach Number.",outside the conical area depending on the Mach Number.,in front of the aeroplane.,very weak and negligible.,A
Principles of Flight,5518,The bow wave will appear first at:,M= 1.0,M= Mcrit,M= 0.6,M= 1.3,A
Principles of Flight,5519,"If the Mach number of an aeroplane in supersonic flight is increased, the shock wave angles will",decrease.,increase.,stay constant.,decrease and beyond a certain Mach number start increasing again.,A
Principles of Flight,5520,"When air has passed an expansion wave, the static pressure is:",decreased.,"decreased or increased, depending on Mach Number.",increased.,unchanged.,A
Principles of Flight,5521,When the air is passing through an expansion wave the local speed of sound will,decrease.,increase.,stay constant.,decrease and beyond a certain Mach number start increasing again.,A
Principles of Flight,5522,When the air is passing through an expansion wave the Mach number will,increase.,decrease.,stay constant.,decrease and beyond a certain Mach number start increasing again.,A
Principles of Flight,5523,When the air is passing through an expansion wave the static temperature will,decrease.,increase.,stay constant.,decrease and beyond a certain Mach number start increasing again.,A
Principles of Flight,5524,In case of supersonic flow retarded by a normal shock wave a high efficiency (low loss in total pressure) can be obtained if the Mach number in front of the shock is,small but still supersonic.,high (supersonic).,lower than 1.,exactly 1.,A
Principles of Flight,5525,Which statement is correct about an expansion wave in a supersonic flow ?1- The density in front of an expansion wave is higher than behind.2- The pressure in front of an expansion wave is higher than behind.,1 and 2 are correct.,1 is correct and 2 is incorrect.,1 is incorrect and 2 is correct.,1 and 2 are incorrect.,A
Principles of Flight,5526,Which statement is correct about an expansion wave in supersonic flow ?1. The temperature in front of an expansion wave is higher than the temperature behind it.2. The speed in front of an expansion wave is higher than the speed behind it.,1 is correct and 2 is incorrect.,1 and 2 are correct.,1 is incorrect and 2 is correct.,1 and 2 are incorrect.,A
Principles of Flight,5527,"On a non swept wing, when the aerofoil is accelerated from subsonic to supersonic speeds, the aerodynamic centre :",shifts from 25% to about 50% of the aerofoil chord.,shifts aft by about 10%.,remains unchanged.,slightly shifts forward.,A
Principles of Flight,5528,"If an aeroplane is accelerated from subsonic to supersonic speeds, the centre of pressure will move:",to the mid chord position.,forward.,to a position near the leading edge.,to a position near the trailing edge.,A
Principles of Flight,5529,The aft movement of the centre of pressure during the acceleration through the transonic flight regime will:,increase the static longitudinal stability.,decrease the longitudinal stability.,increase the static lateral stability.,decrease the static lateral stability.,A
Principles of Flight,5530,In supersonic flight aerofoil pressure distribution is:,rectangular.,irregular.,triangular.,the same as in subsonic flight.,A
Principles of Flight,5531,If a symmetrical aerofoil is accelerated from subsonic to supersonic speed the centre of lift will move,aft to the mid chord.,aft to the trailing edge.,forward to the leading edge.,forward to the mid chord.,A
Principles of Flight,5532,The additional increase of drag at Mach Numbers above the critical Mach Number is due to:,wave drag.,increased angle of attack.,increased interference drag.,increased skin friction.,A
Principles of Flight,5533,"If the total sum of moments about one of its axis is not zero, an aeroplane:",would experience an angular acceleration about that axis.,would be difficult to control.,would fly a path with a constant curvature.,would not be affected because the situation is normal.,A
Principles of Flight,5534,In which situation would the wing lift of an aeroplane in straight and level flight have the highest value ?,Forward centre of gravity and idle thrust.,Aft centre of gravity and idle thrust.,Forward centre of gravity and take-off thrust.,Aft centre of gravity and take-off thrust.,A
Principles of Flight,5535,"If the sum of moments in flight is not zero, the aeroplane will rotate about:",the centre of gravity.,the neutral point of the aeroplane.,the aerodynamic centre of the wing.,the centre of pressure of the wing.,A
Principles of Flight,5536,"When an aeroplane with the centre of gravity forward of the centre of pressure of the combined wing / fuselage is in straight and level flight, the vertical load on the tailplane will be:",downwards.,upwards.,zero because in steady flight all loads are in equilibrium.,downwards because it is always negative regardless of the position of the centre of gravity.,A
Principles of Flight,5537,"An aeroplane, with a C.G. location behind the centre of pressure of the wing can only maintain a straight and level flight when the horizontal tail loading is:",upwards.,zero.,downwards.,upwards or downwards depending on elevator deflection.,A
Principles of Flight,5538,In a twin-engined jet powered aeroplane (engines mounted below the low wings) the thrust is suddenly increased. Which elevator deflection will be required to maintain the pitching moment zero ?,Down.,Up.,No elevator movement will required because the thrust line of the engines remains unchanged.,It depends on the position of the centre of gravity.,A
Principles of Flight,5539,Which of the following statements is correct?,Dynamic stability is possible only when the aeroplane is statically stable about the relevant axis.,Static stability means that the aeroplane is also dynamically satble about the relevant axis.,"Dynamic stability means that after being displaced from original equilibrium condition, the aeroplane will return to that condition without oscillation.",A dynamically stable aeroplane would be almost impossible to fly manually.,A
Principles of Flight,5540,Positive static stability of an aeroplane means that once it has been displaced the :,initial tendency to move is towards its equilibrium position.,initial tendency to move is away from its equilibrium position.,tendency will be to move with an oscillating motion of decreasing amplitude.,tendency will be to move with an oscillating motion of increasing amplitude.,A
Principles of Flight,5541,"After a disturbance about the lateral axis, an aeroplane oscillates about the lateral axis at a constant amplitude. The aeroplane is:",Statically stable - Dynamically neutral,Statically unstable - Dynamically stable,Statically stable - Dynamically unstable,Statically unstable - Dynamically neutral,A
Principles of Flight,5542,Which one of the following statements about the dynamic stability of a conventional aeroplane about the lateral axis is correct?,Damping of the phugoid is normally very weak.,Speed remains constant during one period of the phugoid.,Period time of the phugoid is normally 5 sec.,An aft C.G. position shortens the period time of the phugoid.,A
Principles of Flight,5543,"The """"short period mode"""" is an:",oscillation about the lateral axis.,oscillation about the vertical axis.,oscillation about the longitudinal axis.,"unstable movement of the aeroplane, induced by the pilot.",A
Principles of Flight,5544,An aeroplane that has positive static stability:,"can be dynamically stable, neutral or unstable.",is always dynamically stable.,is never dynamically stable.,is always dynamically unstable.,A
Principles of Flight,5545,A statically unstable aeroplane is:,never dynamically stable.,always dynamically stable.,sometimes dynamically stable.,sometimes dynamically unstable.,A
Principles of Flight,5546,One of the requirements for dynamic stability is:,positive static stability.,a large deflection range of the stabilizer trim.,a small C.G. range.,effective elevator.,A
Principles of Flight,5547,The manoeuvrability of an aeroplane is best when the:,C.G. is on the aft C.G. limit.,speed is low.,C.G. position is on the forward C.G. limit.,flaps are down.,A
Principles of Flight,5548,Longitudinal static stability is created by the fact that the:,centre of gravity is located in front of the neutral point of the aeroplane.,centre of gravity is located in front of the leading edge of the wing.,wing surface is greater than the horizontal tail surface.,aeroplane possesses a large trim speed range.,A
Principles of Flight,5549,"The aerodynamic centre of the wing is the point, where:",pitching moment coefficient does not vary with angle of attack.,change of lift due to variation of angle of attack is constant.,aerodynamic forces are constant.,the aeroplane's lateral axis intersects with the centre of gravity.,A
Principles of Flight,5550,"For a normal stable aeroplane, the centre of gravity is located:",with a sufficient minimum margin ahead of the neutral point of the aeroplane.,aft of the neutral point of the aeroplane.,at the neutral point of the aeroplane.,between the aft limit and the neutral point of the aeroplane.,A
Principles of Flight,5551,The max aft position of the centre of gravity is amongst others limited by the:,minimum value of the stick force per g.,maximum longitudinal stability of the aeroplane.,maximum elevator deflection.,too small effect of the controls on the aeroplane.,A
Principles of Flight,5552,A C.G location beyond the aft limit leads to:,"an unacceptable low value of the manoeuvre stability (stick force per g, Fe/g).",a too high pulling stick force during rotation in the take off.,an increasing static longitudinal stability.,a better recovery performance in the spin.,A
Principles of Flight,5553,In what way is the longitudinal stability affected by the degree of positive camber of the aerofoil?,"No effect, because camber of the aerofoil produces a constant pitch down moment coefficient, independent of angle of attack.","Positive, because the centre of pressure shifts rearward at increasing angle of attack.","Negative, because the lift vector rotates forward at increasing angle of attack.","Positive, because the lift vector rotates backward at increasing angle of attack.",A
Principles of Flight,5554,Which part of an aeroplane provides the greatest positive contribution to the static longitudinal stability ?,The horizontal tailplane.,The engine.,The fuselage.,The wing.,A
Principles of Flight,5555,"During landing of a low-winged jet aeroplane, the maximum elevator up deflection is normally required when the flaps are:",fully down and the C.G. is fully forward.,up and the C.G. is fully forward.,fully down and the C.G. is fully aft.,up and the C.G. is fully aft.,A
Principles of Flight,5556,The C.G. position of an aeroplane is forward of the neutral point in a fixed location. Speed changes cause a departure from the trimmed position. Which of the following statements about the stick force stability is correct?,Increasing 10 kt trimmed at low speed has more effect on the stick force than increasing 10 kt trimmed at high speed.,Increase of speed generates pull forces.,Aeroplane nose up trim decreases the stick force stability.,Stick force stability is not affected by trim.,A
Principles of Flight,5557,"""""Tuck under"""" is:",the tendency to nose down when speed is increased into the transonic flight regime.,the tendency to nose up when speed is increased into the transonic flight regime.,shaking of the control column at high Mach Number.,the tendency to nose down when the control column is pulled back.,A
Principles of Flight,5558,"""""Tuck under"""" may happen at:",high Mach numbers.,low Mach numbers.,all Mach numbers.,only at low altitudes.,A
Principles of Flight,5559,Which of the following statements about a Mach trimmer is correct?,A Mach trimmer corrects the change in stick force stability of a swept wing aeroplane above a certain Mach number.,A straight wing aeroplane always needs a Mach trimmer for flying at Mach numbers close to MMO.,A Mach trimmer reduces the stick force stability of a straight wing aeroplane to zero at high Mach numbers.,The Mach trimmer corrects the natural tendency of a swept wing aeroplane to pitch-up.,A
Principles of Flight,5560,In case the Mach trimmer fails:,the Mach number must be limited.,try to relocate the centre-of-gravity aft.,the speed must be kept constant.,the aeroplane weight must be limited.,A
Principles of Flight,5561,A Machtrimmer:,corrects insufficient stick force stability at high Mach Numbers.,increases the stick force per g at high Mach Numbers.,is necessary for compensation of the autopilot at high Mach Numbers.,has no effect on the shape of the elevator position versus speed (IAS) curve for a fully hydraulic controlled aeroplane.,A
Principles of Flight,5562,The (1) stick force stability and the (2) manoeuvre stability are positively affected by:,(1) forward C.G. position (2) forward CG. position.,(1) forward C.G. position (2) aeroplane nose up trim.,(1) aft C.G. position (2) aft CG. position.,(1) aeroplane nose up trim (2) aeroplane nose up trim.,A
Principles of Flight,5563,Which statement about stick force per g is correct?,The stick force per g must have both an upper and lower limit in order to assure acceptable control characteristics.,"The stick force per g increases, when centre of gravity is moved aft.",The stick force per g can only be corrected by means of electronic devices (stability augmentation) in case of an unacceptable value.,"If the slope of the Fe-n line becomes negative, generally speaking this is not a problem for control of an aeroplane.",A
Principles of Flight,5564,The value of the manoeuvre stability of an aeroplane is 150 N/g. The load factor in straight and level flight is 1. The increase of stick force necessary to achieve the load factor of 2.5 is:,225 N.,375 N.,450 N.,150 N.,A
Principles of Flight,5565,"An aeroplane has static directional stability, in a side-slip to the right, initially the:",nose of the aeroplane tends to move to the right.,right wing tends to go down.,nose of the aeroplane will remain in the same direction.,nose of the aeroplane tends to move to the left.,A
Principles of Flight,5566,The effect of a positive wing sweep on static directional stability is as follows:,Stabilizing effect,No effect,Destabilizing dihedral effect,Negative dihedral effect,A
Principles of Flight,5567,The effect of a high wing with zero dihedral is as follows:,Positive dihedral effect,Negative dihedral effect,Its only purpose is to ease aeroplane loading,Zero dihedral effect,A
Principles of Flight,5568,Which of the following lists aeroplane features that each increase static lateral stability ?,"High wing, sweep back, large and high vertical fin.","Low wing, dihedral, elliptical wing planform.","Fuselage mounted engines, dihedral, T-tail.","Sweep back, under wing mounted engines, winglets.",A
Principles of Flight,5569,Which type of wing arrangement decreases the static lateral stability of an aeroplane?,Anhedral.,Dihedral.,High wing.,Increased wing span.,A
Principles of Flight,5570,"The effect of a ventral fin on the static stability of an aeroplane is as follows : (1=longitudinal, 2=lateral, 3=directional)","1 : no effect, 2 : negative, 3 : positive","1 : positive, 2 : negative, 3 : negative","1 : negative, 2 : positive, 3 : positive","1 : no effect, 2 : positive, 3: negative",A
Principles of Flight,5571,Dihedral of the wing:,increases the static lateral stability.,is the only way to increase the static lateral stability.,is only positive for aeroplanes with high mounted wings.,decreases the static lateral stability.,A
Principles of Flight,5572,"Which statement is correct for a side slip condition at constant speed and side slip angle, where the geometric dihedral of an aeroplane is increased ?",the required lateral control force increases.,the required lateral control force decreases.,the required lateral control force does not change.,the stick force per g decreases.,A
Principles of Flight,5573,Which of the following statements about dihedral is correct?,"The """"effective dihedral"""" of an aeroplane component means the contribution of that component to the static lateral stability.",Effective dihedral is the angle between the 1/4-chord line and the lateral axis of the aeroplane.,Dihedral contributes to dynamic but not to static lateral stability.,Dihedral is necessary for the execution of slip-free turns.,A
Principles of Flight,5574,Which of the following statements about static lateral and directional stability is correct?,"An aeroplane with an excessive static directional stability in relation to its static lateral stability, will be prone to spiral dive. (spiral instability)",The effects of static lateral and static directional stability are completely independent of each other because they take place about different axis.,"An aeroplane with an excessive static directional stability in relation to its static lateral stability, will be prone to """"Dutch roll"""".",Static directional stability can be increased by installing more powerful engines.,A
Principles of Flight,5575,Sensitivity for spiral dive will occur when :,the static directional stability is positive and the static lateral stability is relatively weak.,the static directional stability is negative and the static lateral stability is positive.,the static lateral and directional stability are both negative.,the dutch roll tendency is too strongly suppressed by the yaw damper.,A
Principles of Flight,5576,"Which one of the following systems suppresses the tendency to """"Dutch roll""""?",Yaw damper.,Roll spoilers.,Spoiler mixer.,Rudder limiter.,A
Principles of Flight,5577,Which aeroplane behaviour will be corrected by a yaw damper ?,Dutch roll.,Tuck under.,Spiral dive.,Buffeting.,A
Principles of Flight,5578,What will increase the sensitivity to Dutch Roll?,An increased static lateral stability.,An increased static directional stability.,A forward movement of the centre of gravity.,An increased anhedral.,A
Principles of Flight,5579,With increasing altitude and constant IAS the static lateral stability (1) and the dynamic lateral/directional stability (2) of an aeroplane with swept-back wing will:,(1) increase (2) decrease.,(1) increase (2) increase.,(1) decrease (2) decrease.,(1) decrease (2) increase.,A
Principles of Flight,5580,Rotation about the lateral axis is called :,pitching.,rolling.,yawing.,slipping.,A
Principles of Flight,5581,Rolling is the rotation of the aeroplane about the:,longitudinal axis.,vertical axis.,lateral axis.,wing axis.,A
Principles of Flight,5582,What is the effect on the aeroplane's static longitudinal stability of a shift of the centre of gravity to a more aft location and on the required control deflection for a certain pitch up or down?,The static longitudinal stability is smaller and the required control deflection is smaller.,The static longitudinal stability is larger and the required control deflection is smaller.,The static longitudinal stability is larger and the required control deflection is larger.,The static longitudinal stability is smaller and the required control deflection is larger.,A
Principles of Flight,5583,The centre of gravity moving aft will:,increase the elevator up effectiveness.,decrease the elevator up effectiveness.,not affect the elevator up or down effectiveness.,"increase or decrease the elevator up effectiveness, depending on wing location.",A
Principles of Flight,5584,"In a mechanically controlled aeroplane, the most forward allowable position of the centre of gravity could be limited by the:","elevator capability, elevator control forces.","engine thrust, engine location.","trim system, trim tab surface.","wing surface, stabilizer surface.",A
Principles of Flight,5585,"When the C.G. position is moved forward, the elevator deflection for a manoeuvre with a load factor greater than 1 will be:",larger.,smaller.,unchanged.,dependent on trim position.,A
Principles of Flight,5586,"An advantage of locating the engines at the rear of the fuselage, in comparison to a location beneath the wing, is :",less influence on longitudinal control of thrust changes.,easier maintenance of the engines.,a wing which is less sensitive to flutter.,lighter wing construction.,A
Principles of Flight,5587,"What happens during an engine failure with two similar aeroplanes with wing mounted engines, one of them with jet engines, the other one with co-rotating propellers:",More roll tendency for the propeller aeroplane.,The same yaw tendency for both aeroplanes regardless of left or right engine failure.,The same roll tendency for both aeroplanes.,Less roll tendency for the propeller aeroplane.,A
Principles of Flight,5588,A jet aeroplane equipped with inboard and outboard ailerons is cruising at its normal cruise Mach number. In this case,only the inboard ailerons are active.,only the outboard aileron are active.,the inboard and outboard ailerons are active.,"only the spoilers will be active, not the ailerons.",A
Principles of Flight,5589,Flaperons are controls which are used simultaneously as,ailerons and flaps.,ailerons and elevator.,flaps and speed brakes.,flaps and elevator.,A
Principles of Flight,5590,When are outboard ailerons (if present) de-activated ?,Flaps (and slats) retracted or speed above a certain value.,Flaps (and/or slats) extended or speed below a certain value..,Landing gear retracted.,Landing gear extended.,A
Principles of Flight,5591,"During initiation of a turn with speedbrakes extended, the roll spoiler function induces a spoiler deflection:",downward on the upgoing wing and upward on the downgoing wing.,upward on the upgoing wing and downward on the downgoing wing.,on the upgoing wing only.,on the downgoing wing only.,A
Principles of Flight,5592,Differential aileron deflection:,equals the drag of the right and left aileron.,is required to keep the total lift constant when ailerons are deflected.,increases the CLmax.,is required to achieve the required roll-rate.,A
Principles of Flight,5593,An example of differential aileron deflection during initiation of left turn is:,Left aileron: 5° upRight aileron: 2° down,Left aileron: 2° upRight aileron: 5° down,Left aileron: 5° downRight aileron: 2° up,Left aileron: 2° downRight aileron: 5° up,A
Principles of Flight,5594,How is adverse yaw compensated for during entry into and roll out from a turn ?,Differential aileron deflection,Horn-balanced controls,Anti-balanced rudder control,Servo tabs,A
Principles of Flight,5595,One method to compensate adverse yaw is a,differential aileron.,balance tab.,antibalance tab.,balance panel.,A
Principles of Flight,5596,Which of the following statements concerning control is correct?,In a differential aileron control system the control surfaces have a larger upward than downward maximum deflection.,"On some aeroplanes, the servo tab also serves as a trim tab.",Hydraulically powered control surfaces do not need mass balancing.,In general the maximum downward elevator deflection is larger than upward.,A
Principles of Flight,5597,Which phenomenon is counteracted with differential aileron deflection?,Adverse yaw.,Aileron reversal.,Sensitivity for spiral dive.,Turn co-ordination.,A
Principles of Flight,5598,"If the nose of an aeroplane yaws to port (left), this causes:",a roll to port (left).,a decrease in relative airspeed on the starboard (right) wing.,an increase in lift on the port (left) wing.,a roll to starboard (right).,A
Principles of Flight,5599,Which moments or motions interact in a dutch roll?,Rolling and yawing.,Pitching and yawing.,Pitching and rolling.,Pitching and adverse yaw.,A
Principles of Flight,5600,Which statement is correct about a spring tab ?,At high IAS it behaves like a servo tab,At low IAS it behaves like a servo tab,At high IAS it behaves like a fixed extension of the elevator,Its main purpose is to increase stick force per g,A
Principles of Flight,5601,Which kind of ''tab'' is commonly used in case of manual reversion of fully powered flight controls ?,Servo tab,Spring tab,Balance tab,Anti-balance tab,A
Principles of Flight,5602,An aeroplane has a servo-tab controlled elevator. What will happen when only the elevator jams during flight ?,Pitch control reverses direction.,Pitch control has been lost.,The servo-tab now works as a negative trim-tab.,The pitch control forces double.,A
Principles of Flight,5603,A horn balance in a control system has the following purpose:,to decrease stick forces.,to prevent flutter.,to obtain mass balancing.,to decrease the effective longitudinal dihedral of the aeroplane.,A
Principles of Flight,5604,"Which statement about a primary control surface controlled by a servo tab, is correct ?","The position is undetermined during taxiing, in particular with tailwind.",The servo tab can also be used as a trimtab.,The control effectiveness of the primary surface is increased by servo tab deflection.,Due to the effectiveness of the servo tab the control surface area can be smaller.,A
Principles of Flight,5605,Examples of aerodynamic balancing of control surfaces are:,"seal between wing's trailing edge and leading edge of a control surface, horn balance","upper and lower rudder, seal between wing's trailing edge and leading edge of a control surface","weight in the nose of the control surface, horn balance","Fowler flaps, upper and lower rudder",A
Principles of Flight,5606,Examples of aerodynamic balancing of control surfaces are:,"servo tab, spring tab, seal between the wing trailing edge and the leading edge of control surface.","balance tab, horn balance, and mass balance.","mass in the nose of the control surface, horn balance and mass balance.","spring tab, servo tab, and power assisted control.",A
Principles of Flight,5607,"elevator deflection, dynamic pressure.","stabilizer position, static pressure.","elevator deflection, static pressure.","stabilizer position, total pressure.",1994-08-01 0:00,A
Principles of Flight,5608,"When power assisted controls are used for pitch control, this:",ensures that a part of the aerodynamic forces is still felt on the column.,makes trimming superfluous.,makes aerodynamic balancing of the control surfaces meaningless.,can only function in combination with an elevator trim tab.,A
Principles of Flight,5609,"When flutter damping of control surfaces is obtained by mass balancing, these weights will be located with respect to the hinge of the control surface:",in front of the hinge.,below the hinge.,above the hinge.,behind the hinge.,A
Principles of Flight,5610,"What is the position of the elevator in relation to the trimmable horizontal stabilizer of a power assisted aeroplane, which is in trim ?","The position depends on speed, the position of slats and flaps and the position of the centre of gravity.",The elevator deflection (compared to the stabilizer position) is always zero.,At a forward CG the elevator is deflected upward and at an aft CG the elevator is deflected downward.,The elevator is always deflected slightly downwards in order to have sufficient remaining flare capability.,A
Principles of Flight,5611,"How would the exterior appearance of an aeroplane change, when trimming for speed increase ?",Elevator deflection is increased further downward by an upward deflected trim tab,The elevator is deflected further up by a downward deflected trim tab,The elevator is deflected further downward by means of a movable horizontal stabiliser,The exterior appearance of the aeroplane will not change,A
Principles of Flight,5612,In general transport aeroplanes with power assisted flight controls are fitted with an adjustable stabilizer instead of trim tabs on the elevator. This is because :,effectiveness of trim tabs is insufficient for those aeroplanes,the pilot does not feel the stick forces at all,mechanical adjustment of trim tabs creates too many problems,trim tab deflection increases Mcrit,A
Principles of Flight,5613,"How does the exterior view of an aeroplane change, when the trim is used during a speed decrease ?",The elevator is deflected further upwards by means of a downwards deflected trimtab.,The elevator is deflected further downwards by means of a trimmable horizontal stabiliser.,Nothing changes in the exterior view.,The elevator is deflected further downwards by means of an upwards deflected trimtab.,A
Principles of Flight,5614,"If the elevator trim tab is deflected up, the cockpit trim indicator presents:",nose-down.,neutral.,nose-up.,nose-left.,A
Principles of Flight,5615,One advantage of a movable-stabilizer system compared with a fixed stabilizer system is that:,it is a more powerful means of trimming,the structure weighs less,it leads to greater stability in flight,the system's complexity is reduced,A
Principles of Flight,5616,What should be usually done to perform a landing with the stabilizer jammed in the cruise flight position ?,choose a higher landing speed than normal and/or use a lower flapsetting for landing.,choose a lower landing speed than normal.,"if possible, relocate as many passengers as possible to the front of the cabin.",use the Mach trimmer until after landing.,A
Principles of Flight,5617,"Which statement about a jet transport aeroplane is correct, during take-off at the maximum allowable forward centre of gravity limit, while the THS (Trimmable Horizontal Stabilizer) has been positioned at the maximum allowable AND (Aeroplane Noise Down) position.",The rotation will require extra stick force.,"If the THS position is just within the limits of the green band, the take off warning system will be activated.",Early nose wheel raising will take place.,Nothing special will happen.,A
Principles of Flight,5618,Which statement about the trim position is true related to centre of gravity and adjustable stabiliser position ?,A nose heavy aeroplane requires that the stabiliser leading edge is lower than compared with a tail heavy aeroplane,"Because characteristic speeds at take off do not vary with centre of gravity location, the need for stabiliser adjustment is dependent on flap position only.",A nose heavy aeroplane requires that the stabiliser leading edge is higher than compared with a tail heavy aeroplane.,"At the forward limit for centre of gravity, stabiliser trim is adjusted maximum Nose Down to obtain maximum elevator authority at take off rotation.",A
Principles of Flight,5619,"""""Flutter"""" may be caused by:",distorsion by bending and torsion of the structure causing increasing vibration in the resonance frequency.,low airspeed aerodynamic wing stall.,roll control reversal.,high airspeed aerodynamic wing stall.,A
Principles of Flight,5620,A commercial jet aeroplane is performing a straight descent at a constant Mach Number with constant weight. The operational limit that may be exceeded is:,VMO.,VNE.,VD.,MMO.,A
Principles of Flight,5621,VMO :,should be not greater than VC.,should be chosen in between VC and VD,is equal to the design speed for maximum gust intensity.,is the calibrated airspeed at which MMO is reached at 35 000 ft.,A
Principles of Flight,5622,A jet transport aeroplane is in a straight climb at a constant IAS and constant weight. The operational limit that may be exceeded is:,MMO.,VMO.,VA.,MD.,A
Principles of Flight,5623,Which statement with respect to the climb is correct ?,At constant IAS the Mach number increases,At constant IAS the TAS decreases,At constant Mach number the IAS increases,At constant TAS the Mach number decreases,A
Principles of Flight,5624,The relationship between the stall speed VS and VA (EAS) for a large transport aeroplane can be expressed in the following formula:(SQRT= square root),VA= VS SQRT(2.5),VS= VA SQRT(2.5),VS= VA SQRT(3.75),Va= VA SQRT(3.75),A
Principles of Flight,5625,By what percentage does VA (EAS) alter when the aeroplane's weight decreases by 19%?,10% lower.,4.36% lower.,no change,19% lower.,A
Principles of Flight,5626,Which load factor determines VA?,manoeuvring limit load factor.,manoeuvring ultimate load factor.,gust load factor at 66 ft/sec gust.,manoeuvring flap limit load factor.,A
Principles of Flight,5627,What can happen to the aeroplane structure flying at a speed just exceeding VA ?,It may suffer permanent deformation if the elevator is fully deflected upwards,It may break if the elevator is fully deflected upwards.,It may suffer permanent deformation because the flight is performed at too large dynamic pressure.,It will collapse if a turn is made.,A
Principles of Flight,5628,What is the limit load factor of a large transport aeroplane in the manoeuvring diagram?,2.5,1.5,3.75,6,A
Principles of Flight,5629,VA is:,the maximum speed at which maximum elevator deflection up is allowed.,the maximum speed at which rolls are allowed.,the speed at which a heavy transport aeroplane should fly in turbulence.,the speed that should not be exceeded in the climb.,A
Principles of Flight,5630,Load factor is :,Lift/Weight,Weight/Lift,1/Bank angle,Wing loading,A
Principles of Flight,5631,For an aeroplane with one fixed value of VA the following applies. VA is :,the speed at which the aeroplane stalls at the manoeuvring limit load factor at MTOW.,the maximum speed in smooth air,"the speed at which unrestricted application of elevator control can be used, without exceeding the maximum manoeuvring limit load factor",just another symbol for the rough air speed,A
Principles of Flight,5632,The positive manoeuvring limit load factor for a large jet transport aeroplane with flaps extended is:,2.0,1.5,2.5,3.75,A
Principles of Flight,5633,The positive manoeuvring limit load factor for a light aeroplane in the utility category in the clean configuration is:,4.4,2.5,3.8,6.0,A
Principles of Flight,5634,Which statement regarding the gust load factor on an aeroplane is correct (all other factors of importance being constant) ?1. Increasing the aspect-ratio of the wing will increase the gust load factor.2. Increasing the speed will increase the gust load factor.,1 and 2 are correct.,1 is incorrect and 2 is correct.,1 and 2 are incorrect.,1 is correct and 2 is incorrect.,A
Principles of Flight,5635,Which of the following statements is true?,Limiting factors in severe turbulence are the possibility of a stall and the margin to the structural limitations,Through extension of the flaps in severe turbulence it is possible to reduce the speed and increase the margins to the structural limits,By increasing the flap setting in severe turbulence the stall speed will be reduced and the risk for exceeding the structural limits will be decreased,Through extension of the flaps in severe turbulence the centre of pressure will move aft which will increase the margins to the structural limits,A
Principles of Flight,5636,"The lift coefficient (CL) of an aeroplane in steady horizontal flight is 0.42, increase in angle of attack of 1 degree increases CL by is 0.1. A vertical up gust instantly changes the angle of attack by 3 degrees. The load factor will be :",1.71,0.74,1.49,2.49,A
Principles of Flight,5637,The lift coefficient (CL) of an aeroplane in steady horizontal flight is 0.4. Increase of angle of attack of 1 degree will increase CL by 0.09. A vertical up gust instantly changes the angle of attack by 5 degrees. The load factor will be :,2.13,1.09,2.0,3.18,A
Principles of Flight,5638,The shape of the gust load diagram is also determinated by the following three vertical speed in ft/s (clean configuration) :,"25, 50, 66","15, 56, 65","25, 55, 75","35, 55, 66",A
Principles of Flight,5639,Which combination of speeds is applicable for structural strength in gust (clean configuration) ?,50 ft/sec and VC.,66 ft/sec and VD.,65 ft/sec at all speeds.,55 ft/sec and VB.,A
Principles of Flight,5640,The extreme right limitation for both V-n (gust and manoeuvre) diagrams is created by the speed:,VD,VC,Vflutter,VMO,A
Principles of Flight,5641,The lift coefficient (CL) of an aeroplane in steady horizontal flight is 0.35. Increase in angle of attack of 1 degree will increase CL by 0.079. A vertical up gust instantly changes the angle of attack by 2 degrees. The load factor will be :,1.45,0.9,0.45,1.9,A
Principles of Flight,5642,Which has the effect of increasing load factor ? (all other relevant factors being constant),Vertical gusts,Increased aeroplane mass,Increased air density,Rearward CG location,A
Principles of Flight,5643,What wing shape or wing characteristic is the least sensitive to turbulence :,swept wings,straight wings,wing dihedral,winglets,A
Principles of Flight,5644,"Which statement is correct about the gust load on an aeroplane (IAS and all other factors of importance remaining constant) ?1. the gust load increases, when the weight decreases.2. the gust load increases, when the altitude increases.",1 is correct and 2 is incorrect.,1 and 2 are correct.,1 and 2 are incorrect.,1 is incorrect and 2 is correct.,A
Principles of Flight,5645,The angle of attack for a propeller blade is the angle between blade chord line and:,Local air speed vector.,Direction of propeller axis.,Aeroplane heading.,Principal direction of propeller blade.,A
Principles of Flight,5646,Which of these definitions of propeller parameters is correct?,geometric propeller pitch = the theoretical distance a propeller blade element is travelling in forward direction in one propeller revolution,Blade angle = angle between blade chord line and propeller axis,Propeller angle of attack = angle between blade chord line and propeller vertical plane,Critical tip velocity = propeller speed at which risk of flow separation at some parts of propeller blade occurs.,A
Principles of Flight,5647,Why is a propeller blade twisted from root to tip?,Because the local angle of attack of a blade segment is dependent on the ratio of that segment 's speed in the plane of rotation and the true airspeed of the aeroplane.,Because the local angle of attack of a blade segment is dependent on the ratio of that segment 's speed in the plane of rotation and the angular velocity of the propellers.,To ensure that the root produces most thrust.,To ensure that the tip produces most thrust.,A
Principles of Flight,5648,Constant-speed propellers provide a better performance than fixed-pitch propellers because they:,produce an almost maximum efficiency over a wider speed range.,have a higher maximum efficiency than a fixed-pitch propeller.,produce a greater maximum thrust than a fixed-pitch propeller.,have more blade surface area than a fixed-pitch propeller.,A
Principles of Flight,5649,"If you push forward the RPM lever of a constant speed propeller during a glide with idle power and constant speed, the propeller pitch will:",decrease and the rate of descent will increase.,increase and the rate of descent will decrease.,increase and the rate of descent will increase.,decrease and the rate of descent will decrease.,A
Principles of Flight,5650,Does the pitch-angle of a constant-speed propeller alter in medium horizontal turbulence?,Yes slightly.,Yes strongly.,No.,"Yes, but only if the pitch is full-fine.",A
Principles of Flight,5651,Which of the following statements about a constant speed propeller is correct?,The blade angle increases with increasing speed.,The propeller system keeps the aeroplane speed constant.,The RPM decreases with increasing aeroplane speed.,The selected RPM is kept constant by the manifold pressure.,A
Principles of Flight,5652,The propeller blade angle of attack on a fixed pitch propeller is increased when :,RPM increases and forward velocity decreases,velocity and RPM increase,forward velocity increases and RPM decreasing,velocity and RPM decrease,A
Principles of Flight,5653,If you decrease the propeller pitch during a glide with idle-power at constant IAS the lift to drag ratio will,decrease and the rate of descent will increase.,increase and the rate of descent will increase.,decrease and the rate of descent will decrease.,increase and the rate of descent will decrease.,A
Principles of Flight,5654,If you increase the propeller pitch during a glide with idle-power at constant IAS the lift to drag ratio will,increase and the rate of descent will decrease.,increase and the rate of descent will increase.,decrease and the rate of descent will decrease.,decrease and the rate of descent will increase.,A
Principles of Flight,5655,"For a fixed-pitch propeller designed for cruise, the angle of attack of each blade, measured at the reference section:",is optimum when the aircraft is in a stabilized cruising flight.,decreases when the aircraft speed decreases (with identical engine RPM).,is lower in ground run than in flight (with identical engine RPM).,is always positive during idling descent.,A
Principles of Flight,5656,Propeller efficiency may be defined as the ratio between:,usable (power available) power of the propeller and shaft power.,the thrust and the maximum thrust.,the usable (power available) power and the maximum power.,the thermal power of fuel-flow and shaft power.,A
Principles of Flight,5657,"If you pull back the RPM lever of a constant speed propeller during a glide with idle power and constant speed, the propeller pitch will:",increase and the rate of descent will decrease.,increase and the rate of descent will increase.,decrease and the rate of descent will decrease.,decrease and the rate of descent will increase.,A
Principles of Flight,5658,An engine failure can result in a windmilling (1) propeller and a non rotating (2) propeller. Which statement about propeller drag is correct?,(1) is larger than (2).,(1) is equal to (2).,(2) is larger than (1).,impossible to say which one is largest.,A
Principles of Flight,5659,When the blades of a propeller are in the feathered position:,the drag of the propeller is then minimal.,the propeller produces an optimal windmilling RPM.,the windmilling RPM is the maximum.,the RPM is then just sufficient to lubricate the engine.,A
Principles of Flight,5660,Increasing the number of propeller blades will:,increase the maximum absorption of power.,increase the propeller efficiency.,increase the noise level at maximum power.,decrease the torque in the propeller shaft at maximum power.,A
Principles of Flight,5661,Which is one of the disadvantages of increasing the number of propeller blades ?,decrease propeller efficiency,Increased noise,Less power can be absorbed by the propeller,Higher tip-speed,A
Principles of Flight,5662,"A propeller turns to the right, seen from behind. The torque effect in the take-off will:",roll the aeroplane to the left.,pitch the aeroplane nose down.,roll the aeroplane to the right.,pitch the aeroplane nose up.,A
Principles of Flight,5663,Gyroscopic precession of the propeller is induced by:,pitching and yawing.,pitching and rolling.,increasing RPM and yawing.,increasing RPM and rolling.,A
Principles of Flight,5664,"A propeller is turning to the right, seen from behind. The asymmetric thrust effect is mainly induced by:",high angles of attack.,high speed.,large angles of yaw.,large angles of climb.,A
Principles of Flight,5665,"A propeller is turning to the right, seen from behind. The asymmetric thrust effect in the climb will:",yaw the aeroplane to the left.,roll the aeroplane to the left.,yaw the aeroplane to the right.,roll the aeroplane to the right.,A
Principles of Flight,5666,The lift of an aeroplane of weight W in a constant linear climb with a climb angle (gamma) is approximately:,Wcos.gamma.,W(1-sin.gamma).,W(1-tan.gamma).,W/cos.gamma.,A
Principles of Flight,5667,An aeroplane performs a continuous descent with 160 kts IAS and 1000 feet/min vertical speed. In this condition:,weight is greater than lift,lift is equal to weight,lift is less than drag,drag is less than the combined forces that move the aeroplane forward,A
Principles of Flight,5668,What factors determine the distance travelled over the ground of an aeroplane in a glide ?,"The wind and the lift/drag ratio, which changes with angle of attack",The wind and the aeroplane's mass,The wind and CLmax,"The wind and weight together with power loading, which is the ratio of power output to the weight",A
Principles of Flight,5669,What is the correct relation of the True Air Speed (TAS) for minimum sink rate (VR/Dmin) and best glide angle (VBest glide) at a given altitude?,VR/Dmin < VBest glide,VR/Dmin = VBest glide,VR/Dmin > VBest glide,VR/Dmin > VBest glide or VR/Dmin < VBest glide depending on the type of aeroplane.,A
Principles of Flight,5670,Which statement is correct at the speed for minimum drag (subsonic) ?,The gliding angle is minimum.,The CL/CD ratio is minimum.,Induced drag is greater than the parasite drag.,Propeller aeroplanes fly at that speed at max. endurance.,A
Principles of Flight,5671,Which of the following factors will lead to an increase of ground distance during a glide ?,tailwind,headwind,increase of aeroplane weight,decrease of aeroplane weight,A
Principles of Flight,5672,"A jet aeroplane is rolled into a turn, while maintaining airspeed and holding altitude. In such a case, the pilot has to:",increase thrust and angle of attack.,increase thrust and keep angle of attack unchanged.,increase thrust and decrease angle of attack.,increase angle of attack and keep thrust unchanged.,A
Principles of Flight,5673,"An aeroplane is in a steady turn, at a constant TAS of 300 kt, and a bank angle of 45°. Its turning radius is equal to:(given: g= 10 m/s²)",2381 metres.,4743 metres.,9000 metres.,3354 metres.,A
Principles of Flight,5674,"By what percentage does the lift increase in a steady level turn at 45° angle of bank, compared to straight and level flight?",41%.,19%.,31%.,52%.,A
Principles of Flight,5675,A light twin is in a turn at 20 degrees bank and 150 kt TAS. A more heavy aeroplane at the same bank and the same speed will:,turn at the same turn radius.,turn at a bigger turn radius.,turn at a smaller turn radius.,turn at a higher turn rate.,A
Principles of Flight,5676,The bank angle in a rate-one turn depends on:,TAS.,weight.,load factor.,wind.,A
Principles of Flight,5677,The turn indicator shows a right turn. The slip indicator is left of neutral. To coordinate the turn:,more right bank is required.,more right rudder is required.,less right bank is required.,a higher turn rate is required.,A
Principles of Flight,5678,"What is the approximate value of the lift of an aeroplane at a gross weight of 50 000 N, in a horizontal coordinated 45 degrees banked turn ?",70 000 N,60 000 N,50 000 N,80 000 N,A
Principles of Flight,5679,"Which statement is correct about an aeroplane, that has experienced a left engine failure and continues afterwards in straight and level cruise flight with wings level ?","turn indicator neutral, slip indicator neutral.","turn indicator neutral, slip indicator left of neutral.","turn indicator left of neutral, slip indicator left of neutral.","turn indicator left of neutral, slip indicator neutral.",A
Principles of Flight,5680,Which of the following statements is correct ?I When the critical engine fails during take-off the speed VMCL can be limiting.II The speed VMCL is always limited by maximum rudder deflection.,"I is incorrect, II is incorrect","I is correct, II is correct","I is correct, II is incorrect","I is incorrect, II is correct",A
Principles of Flight,5681,"I is incorrect, II is correct","I is correct, II is correct","I is incorrect, II is incorrect","I is correct, II is incorrect",1998-10-05 0:00,A
Principles of Flight,5682,"I is correct, II is correct","I is incorrect, II is incorrect","I is correct, II is incorrect","I is incorrect, II is correct",1998-10-05 0:00,A
Principles of Flight,5683,Why is VMCG determined with the nosewheel steering disconnected?,Because the value of VMCG must also be applicable on wet and/or slippery runways.,Because the nosewheel steering could become inoperative after an engine has failed.,Because it must be possible to abort the take-off even after the nosewheel has already been lifted off the ground.,Because nosewheel steering has no effect on the value of VMCG.,A
Principles of Flight,5684,"decreases, because the engine thrust decreases.","decreases, because VMCG is expressed in IAS and the IAS decreases with TAS constant and decreasing density","increases, because at a lower density a larger IAS is necessary to generate the required rudder force","increases, because VMCG is related to V1 and VR and those speeds increase if the density decreases",1998-10-05 0:00,A
Principles of Flight,5685,(For this question use annex 081-6262A)Which point marks the value for minimum sink rate?,Point c,Point a,Point b,Point d,A
Principles of Flight,5686,(For this question use annex 081-6263A)Which point in the diagram gives the best glide condition?,Point b,Point a,Point c,Point d,A
Principles of Flight,5687,(For this question use annex 081-6264A)Which point in the diagram gives the lowest speed in horizontal flight?,Point d,Point a,Point b,Point c,A
Principles of Flight,5688,From the polar diagram of the entire aeroplane one can read:,the maximum CL/CD ratio and maximum lift coefficient.,the minimum drag and the maximum lift.,the minimum drag coefficient and the maximum lift.,the minimum CL/CD ratio and the minimum drag.,A
Principles of Flight,5689,(CL/CD)max,CLmax,(CL/CD^2)max,(CL^3/CD^2)max,1998-10-05 0:00,A
